81.74,-0.479999989271164,0.46000000834465,-1.33000004291534,100.790420532227,-0.422192454338074,196.515167236328
130.758,-0.479999989271164,0.46000000834465,-1.33000004291534,100.78776550293,-0.844377458095551,196.515167236328
144.408,-0.479999989271164,0.699999988079071,-1.33000004291534,101.212104797363,-0.847932457923889,196.092071533203
156.57,-0.479999989271164,0.46000000834465,-1.33000004291534,100.78776550293,-0.844377458095551,196.515167236328
174.411,-0.479999989271164,0.46000000834465,-1.33000004291534,100.78776550293,-0.844377458095551,196.515167236328
188.429,-0.479999989271164,0.46000000834465,-1.33000004291534,100.78776550293,-0.844377458095551,196.515167236328
200.962,-0.479999989271164,0.46000000834465,-1.33000004291534,100.78776550293,-0.844377458095551,196.515167236328
214.734,-0.479999989271164,0.46000000834465,-1.33000004291534,100.78776550293,-0.844377458095551,196.515167236328
230.556,-0.479999989271164,0.46000000834465,-1.33000004291534,100.78776550293,-0.844377458095551,196.515167236328
247.393,-0.479999989271164,0.699999988079071,-1.33000004291534,101.212104797363,-0.847932457923889,196.092071533203
264.187,-0.239999994635582,0.46000000834465,-1.33000004291534,100.790420532227,-0.422192454338074,196.515167236328
280.865,-0.479999989271164,0.46000000834465,-1.33000004291534,100.790420532227,-0.422192454338074,196.515167236328
297.667,-0.239999994635582,0.46000000834465,-1.33000004291534,100.78776550293,-0.844377458095551,196.515167236328
314.984,-0.479999989271164,0.46000000834465,-1.33000004291534,100.78776550293,-0.844377458095551,196.515167236328
331.854,-0.479999989271164,0.46000000834465,-1.33000004291534,100.78776550293,-0.844377458095551,196.515167236328
348.713,-0.479999989271164,0.46000000834465,-1.33000004291534,100.793251037598,-0.844423413276672,196.096313476562
365.865,-0.239999994635582,0.46000000834465,-1.33000004291534,100.790420532227,-0.422192454338074,196.515167236328
383.299,-0.239999994635582,0.46000000834465,-1.33000004291534,100.790420532227,-0.422192454338074,196.515167236328
398.207,-0.479999989271164,0.46000000834465,-1.33000004291534,100.78776550293,-0.844377458095551,196.515167236328
410.844,-0.479999989271164,0.46000000834465,-1.33000004291534,100.78776550293,-0.844377458095551,196.515167236328
423.309,-0.239999994635582,0.46000000834465,-1.33000004291534,100.790420532227,-0.422192454338074,196.515167236328
436.78,-0.239999994635582,0.46000000834465,-1.33000004291534,100.790420532227,-0.422192454338074,196.515167236328
449.208,-0.239999994635582,0.46000000834465,-1.33000004291534,100.790420532227,-0.422192454338074,196.515167236328
462.04,-0.479999989271164,0.699999988079071,-1.33000004291534,101.212104797363,-0.847932457923889,196.092071533203
474.826,-0.479999989271164,0.219999998807907,-1.33000004291534,100.361679077148,-0.840807735919952,196.936462402344
488.081,-0.479999989271164,0.46000000834465,-1.33000004291534,100.78776550293,-0.844377458095551,196.515167236328
501.321,-0.479999989271164,0.46000000834465,-1.33000004291534,100.78776550293,-0.844377458095551,196.515167236328
514.594,-0.479999989271164,0.46000000834465,-1.33000004291534,100.78776550293,-0.844377458095551,196.515167236328
527.853,-0.479999989271164,0.46000000834465,-1.33000004291534,100.78776550293,-0.844377458095551,196.515167236328
541.058,-0.479999989271164,0.46000000834465,-1.33000004291534,100.78776550293,-0.844377458095551,196.515167236328
556.804,-0.239999994635582,0.46000000834465,-1.33000004291534,100.790420532227,-0.422192454338074,196.515167236328
573.183,-0.479999989271164,0.46000000834465,-1.57000005245209,100.780532836914,-0.844316840171814,196.933959960938
589.489,-0.479999989271164,0.46000000834465,-1.33000004291534,100.78776550293,-0.844377458095551,196.515167236328
605.806,-0.239999994635582,0.46000000834465,-1.33000004291534,100.790420532227,-0.422192454338074,196.515167236328
622.716,-0.479999989271164,0.46000000834465,-1.33000004291534,100.78776550293,-0.844377458095551,196.515167236328
639.378,-0.479999989271164,0.46000000834465,-1.33000004291534,100.78776550293,-0.844377458095551,196.515167236328
655.67,-0.239999994635582,0.46000000834465,-1.33000004291534,100.790420532227,-0.422192454338074,196.515167236328
672.221,-0.479999989271164,0.46000000834465,-1.33000004291534,100.78776550293,-0.844377458095551,196.515167236328
688.509,-0.239999994635582,0.46000000834465,-1.33000004291534,100.790420532227,-0.422192454338074,196.515167236328
704.654,-0.479999989271164,0.46000000834465,-1.33000004291534,100.78776550293,-0.844377458095551,196.515167236328
720.757,-0.479999989271164,0.46000000834465,-1.33000004291534,100.78776550293,-0.844377458095551,196.515167236328
736.957,-0.239999994635582,0.46000000834465,-1.33000004291534,100.790420532227,-0.422192454338074,196.515167236328
753.109,-0.479999989271164,0.46000000834465,-1.33000004291534,100.78776550293,-0.844377458095551,196.515167236328
769.173,-0.479999989271164,0.46000000834465,-1.33000004291534,100.78776550293,-0.844377458095551,196.515167236328
785.359,-0.479999989271164,0.46000000834465,-1.33000004291534,100.78776550293,-0.844377458095551,196.515167236328
801.522,-0.479999989271164,0.46000000834465,-1.33000004291534,100.78776550293,-0.844377458095551,196.515167236328
817.765,-0.479999989271164,0.46000000834465,-1.33000004291534,100.78776550293,-0.844377458095551,196.515167236328
833.857,-0.479999989271164,0.46000000834465,-1.33000004291534,100.78776550293,-0.844377458095551,196.515167236328
849.996,-0.479999989271164,0.46000000834465,-1.33000004291534,100.78776550293,-0.844377458095551,196.515167236328
866.151,-0.479999989271164,0.46000000834465,-1.33000004291534,100.78776550293,-0.844377458095551,196.515167236328
882.254,-0.479999989271164,0.46000000834465,-1.33000004291534,100.78776550293,-0.844377458095551,196.515167236328
898.41,-0.479999989271164,0.46000000834465,-1.33000004291534,100.78776550293,-0.844377458095551,196.515167236328
914.784,-0.479999989271164,0.46000000834465,-1.33000004291534,100.78776550293,-0.844377458095551,196.515167236328
931.04,-0.479999989271164,0.46000000834465,-1.33000004291534,100.78776550293,-0.844377458095551,196.515167236328
947.072,-0.479999989271164,0.46000000834465,-1.33000004291534,100.78776550293,-0.844377458095551,196.515167236328
963.175,-0.479999989271164,0.46000000834465,-1.33000004291534,100.78776550293,-0.844377458095551,196.515167236328
979.243,-0.479999989271164,0.46000000834465,-1.33000004291534,100.78776550293,-0.844377458095551,196.515167236328
995.437,-0.479999989271164,0.46000000834465,-1.33000004291534,100.78776550293,-0.844377458095551,196.515167236328
1011.518,-0.479999989271164,0.46000000834465,-1.33000004291534,100.78776550293,-0.844377458095551,196.515167236328
1027.607,-0.239999994635582,0.46000000834465,-1.33000004291534,100.790420532227,-0.422192454338074,196.515167236328
1043.916,-0.479999989271164,0.46000000834465,-1.33000004291534,100.78776550293,-0.844377458095551,196.515167236328
1059.992,-0.479999989271164,0.46000000834465,-1.33000004291534,100.78776550293,-0.844377458095551,196.515167236328
1076.412,-0.479999989271164,0.46000000834465,-1.33000004291534,100.78776550293,-0.844377458095551,196.515167236328
1092.614,-0.479999989271164,0.699999988079071,-1.33000004291534,101.212104797363,-0.847932457923889,196.092071533203
1108.86,-0.479999989271164,0.699999988079071,-1.33000004291534,101.212104797363,-0.847932457923889,196.092071533203
1125.121,-0.479999989271164,0.46000000834465,-1.33000004291534,100.78776550293,-0.844377458095551,196.515167236328
1141.406,-0.239999994635582,0.46000000834465,-1.33000004291534,100.790420532227,-0.422192454338074,196.515167236328
1157.647,-0.479999989271164,0.46000000834465,-1.33000004291534,100.78776550293,-0.844377458095551,196.515167236328
1174.018,-0.239999994635582,0.46000000834465,-1.33000004291534,100.78776550293,-0.844377458095551,196.515167236328
1190.26,-0.479999989271164,0.46000000834465,-1.33000004291534,100.78776550293,-0.844377458095551,196.515167236328
1206.505,-0.479999989271164,0.46000000834465,-1.33000004291534,100.78776550293,-0.844377458095551,196.515167236328
1222.738,-0.479999989271164,0.46000000834465,-1.33000004291534,100.78776550293,-0.844377458095551,196.515167236328
1239.025,-0.479999989271164,0.46000000834465,-1.33000004291534,100.790420532227,-0.422192454338074,196.515167236328
1255.38,-0.239999994635582,0.46000000834465,-1.33000004291534,100.78776550293,-0.844377458095551,196.515167236328
1271.54,-0.479999989271164,0.46000000834465,-1.33000004291534,100.364318847656,-0.420407563447952,196.936462402344
1287.785,-0.239999994635582,0.219999998807907,-1.33000004291534,100.790420532227,-0.422192454338074,196.515167236328
1304.026,-0.239999994635582,0.46000000834465,-1.33000004291534,100.78776550293,-0.844377458095551,196.515167236328
1320.253,-0.479999989271164,0.46000000834465,-1.33000004291534,100.78776550293,-0.844377458095551,196.515167236328
1336.981,-0.479999989271164,0.46000000834465,-1.33000004291534,100.78776550293,-0.844377458095551,196.515167236328
1353.753,-0.479999989271164,0.46000000834465,-1.33000004291534,100.78776550293,-0.844377458095551,196.515167236328
1370.449,-0.479999989271164,0.46000000834465,-1.33000004291534,100.78776550293,-0.844377458095551,196.515167236328
1387.163,-0.479999989271164,0.46000000834465,-1.33000004291534,100.78776550293,-0.844377458095551,196.515167236328
1403.902,-0.479999989271164,0.699999988079071,-1.33000004291534,101.212104797363,-0.847932457923889,196.092071533203
1420.667,-0.479999989271164,0.699999988079071,-1.33000004291534,101.212104797363,-0.847932457923889,196.092071533203
1439.638,-0.479999989271164,0.46000000834465,-1.33000004291534,100.78776550293,-0.844377458095551,196.515167236328
1456.31,-0.479999989271164,0.46000000834465,-1.33000004291534,100.78776550293,-0.844377458095551,196.515167236328
1472.992,-0.239999994635582,0.46000000834465,-1.33000004291534,100.790420532227,-0.422192454338074,196.515167236328
1489.54,-0.239999994635582,0.699999988079071,-1.33000004291534,101.214775085449,-0.423969984054565,196.092071533203
1506.194,-0.239999994635582,0.46000000834465,-1.33000004291534,100.790420532227,-0.422192454338074,196.515167236328
1522.992,-0.479999989271164,0.46000000834465,-1.33000004291534,100.78776550293,-0.844377458095551,196.515167236328
1540.036,-0.479999989271164,0.46000000834465,-1.33000004291534,100.78776550293,-0.844377458095551,196.515167236328
1556.824,-0.239999994635582,0.699999988079071,-1.33000004291534,101.214775085449,-0.423969984054565,196.092071533203
1573.518,-0.239999994635582,0.46000000834465,-1.33000004291534,100.790420532227,-0.422192454338074,196.515167236328
1590.279,-0.479999989271164,0.46000000834465,-1.33000004291534,100.78776550293,-0.844377458095551,196.515167236328
1607.036,-0.479999989271164,0.46000000834465,-1.33000004291534,100.78776550293,-0.844377458095551,196.515167236328
1623.82,-0.479999989271164,0.46000000834465,-1.33000004291534,100.78776550293,-0.844377458095551,196.515167236328
1640.509,-0.479999989271164,0.46000000834465,-1.33000004291534,100.78776550293,-0.844377458095551,196.515167236328
1657.146,-0.479999989271164,0.46000000834465,-1.33000004291534,100.78776550293,-0.844377458095551,196.515167236328
1673.702,-0.479999989271164,0.46000000834465,-1.33000004291534,100.78776550293,-0.844377458095551,196.515167236328
1690.276,-0.239999994635582,0.46000000834465,-1.33000004291534,100.790420532227,-0.422192454338074,196.515167236328
1707.097,-0.479999989271164,0.46000000834465,-1.33000004291534,100.78776550293,-0.844377458095551,196.515167236328
1723.824,-0.479999989271164,0.46000000834465,-1.33000004291534,100.78776550293,-0.844377458095551,196.515167236328
1742.887,-0.479999989271164,0.46000000834465,-1.33000004291534,100.78776550293,-0.844377458095551,196.515167236328
1759.549,-0.479999989271164,0.46000000834465,-1.33000004291534,100.78776550293,-0.844377458095551,196.515167236328
1776.186,-0.239999994635582,0.46000000834465,-1.33000004291534,100.790420532227,-0.422192454338074,196.515167236328
1792.963,-0.479999989271164,0.46000000834465,-1.33000004291534,100.78776550293,-0.844377458095551,196.515167236328
1809.764,-0.479999989271164,0.46000000834465,-1.33000004291534,100.78776550293,-0.844377458095551,196.515167236328
1826.244,-0.239999994635582,0.46000000834465,-1.33000004291534,100.790420532227,-0.422192454338074,196.515167236328
1843.204,-0.479999989271164,0.46000000834465,-1.33000004291534,100.78776550293,-0.844377458095551,196.515167236328
1859.775,-0.479999989271164,0.46000000834465,-1.33000004291534,100.78776550293,-0.844377458095551,196.515167236328
1876.344,-0.479999989271164,0.46000000834465,-1.33000004291534,100.78776550293,-0.844377458095551,196.515167236328
1893.124,-0.479999989271164,0.46000000834465,-1.33000004291534,100.78776550293,-0.844377458095551,196.515167236328
1909.683,-0.479999989271164,0.699999988079071,-1.33000004291534,101.212104797363,-0.847932457923889,196.092071533203
1926.285,-0.479999989271164,0.46000000834465,-1.33000004291534,100.790420532227,-0.422192454338074,196.515167236328
1942.943,-0.239999994635582,0.46000000834465,-1.33000004291534,100.790420532227,-0.422192454338074,196.515167236328
1959.536,-0.239999994635582,0.46000000834465,-1.33000004291534,101.212104797363,-0.847932457923889,196.092071533203
1976.103,-0.479999989271164,0.699999988079071,-1.33000004291534,100.78776550293,-0.844377458095551,196.515167236328
1992.787,-0.479999989271164,0.46000000834465,-1.33000004291534,100.361679077148,-0.840807735919952,196.936462402344
2009.335,-0.479999989271164,0.46000000834465,-1.33000004291534,100.78776550293,-0.844377458095551,196.515167236328
2030.546,-0.479999989271164,0.46000000834465,-1.33000004291534,100.78776550293,-0.844377458095551,196.515167236328
2047.244,-0.479999989271164,0.46000000834465,-1.33000004291534,100.78776550293,-0.844377458095551,196.515167236328
2063.986,-0.239999994635582,0.46000000834465,-1.33000004291534,100.790420532227,-0.422192454338074,196.515167236328
2080.781,-0.479999989271164,0.46000000834465,-1.33000004291534,100.78776550293,-0.844377458095551,196.515167236328
2097.518,-0.479999989271164,0.46000000834465,-1.33000004291534,100.78776550293,-0.844377458095551,196.515167236328
2114.185,-0.239999994635582,0.46000000834465,-1.33000004291534,100.790420532227,-0.422192454338074,196.515167236328
2130.986,-0.479999989271164,0.46000000834465,-1.33000004291534,100.78776550293,-0.844377458095551,196.515167236328
2147.928,-0.479999989271164,0.46000000834465,-1.33000004291534,100.78776550293,-0.844377458095551,196.515167236328
2164.742,-0.479999989271164,0.46000000834465,-1.33000004291534,100.78776550293,-0.844377458095551,196.515167236328
2181.435,-0.479999989271164,0.46000000834465,-1.33000004291534,100.78776550293,-0.844377458095551,196.515167236328
2198.099,-0.479999989271164,0.46000000834465,-1.33000004291534,100.78776550293,-0.844377458095551,196.515167236328
2214.821,-0.479999989271164,0.46000000834465,-1.33000004291534,100.78776550293,-0.844377458095551,196.515167236328
2231.72,-0.479999989271164,0.699999988079071,-0.850000023841858,101.217811584473,-0.847980260848999,195.254318237305
2248.423,-0.479999989271164,0.699999988079071,-0.610000014305115,102.038970947266,-0.854859709739685,193.146301269531
2265.141,-0.479999989271164,1.17999994754791,-0.129999995231628,102.438858032227,-0.858209908008575,192.299255371094
2281.825,-0.479999989271164,1.41999995708466,0.109999999403954,102.798812866211,-0.861225545406342,190.613525390625
2298.52,-0.479999989271164,1.6599999666214,0.829999983310699,102.782447814941,-0.430536687374115,190.195098876953
2315.242,-0.479999989271164,2.38000011444092,1.07000005245209,103.967811584473,-0.871019124984741,188.896011352539
2331.908,-0.479999989271164,2.61999988555908,1.54999995231628,104.302780151367,-0.873825430870056,187.623840332031
2348.68,-0.479999989271164,2.85999989509583,1.78999996185303,104.65673828125,-0.876790881156921,186.768585205078
2365.315,-0.479999989271164,3.33999991416931,2.50999999046326,105.301612854004,-0.882193446159363,184.6376953125
2381.848,-0.479999989271164,3.8199999332428,2.75,106.00178527832,-0.888059318065643,183.336120605469
2398.42,-0.479999989271164,4.30000019073486,2.99000000953674,106.68579864502,-0.893789827823639,182.029373168945
2415.143,-0.479999989271164,4.78000020980835,3.95000004768372,107.170692443848,-0.897852122783661,179.474365234375
2431.898,-0.479999989271164,5.01999998092651,3.71000003814697,107.588012695312,-0.901348471641541,179.438583374023
2448.799,-0.479999989271164,5.26000022888184,4.19000005722046,107.806694030762,-0.903180360794067,178.160202026367
2465.425,-0.479999989271164,5.5,4.67000007629395,108.009605407715,-0.904880344867706,176.882675170898
2482.007,-0.479999989271164,5.98000001907349,4.90999984741211,108.613502502441,-0.909939646720886,175.563400268555
2498.766,-0.239999994635582,6.46000003814697,5.3899998664856,109.118850708008,-0.457078695297241,173.830032348633
2515.496,-0.479999989271164,6.94000005722046,5.86999988555908,109.590217590332,-0.918122291564941,172.095428466797
2532.298,-0.479999989271164,7.17999982833862,6.59000015258789,109.620758056641,-0.918378233909607,170.413360595703
2549.027,-0.479999989271164,7.65999984741211,6.59000015258789,110.248657226562,-0.923638582229614,169.492324829102
2565.67,-0.479999989271164,7.90000009536743,6.59000015258789,110.559715270996,-0.926244676113129,169.029846191406
2582.372,-0.479999989271164,8.14000034332275,6.59000015258789,110.86882019043,-0.928834199905396,168.566070556641
2599.201,-0.479999989271164,8.14000034332275,7.78999996185303,110.315132141113,-0.92419558763504,166.546234130859
2615.993,-0.479999989271164,8.61999988555908,8.27000045776367,111.125701904297,-0.930986285209656,163.487747192383
2632.631,-0.479999989271164,9.10000038146973,8.51000022888184,111.435012817383,-0.466780662536621,161.759124755859
2649.192,-0.239999994635582,9.57999992370605,8.98999977111816,111.849876403809,-0.937053322792053,160.427581787109
2665.842,-0.479999989271164,10.0600004196167,9.22999954223633,112.94654083252,-0.946240961551666,159.805221557617
2682.626,-0.479999989271164,10.7799997329712,8.75,112.225791931152,-0.940202653408051,157.838806152344
2699.211,-0.479999989271164,11.2600002288818,10.4300003051758,112.441917419434,-0.942013323307037,156.116653442383
2715.852,-0.479999989271164,11.7399997711182,10.6700000762939,112.791076660156,-0.944938480854034,154.784942626953
2732.686,-0.479999989271164,11.9799995422363,11.1499996185303,112.714660644531,-0.944298267364502,153.540145874023
2749.447,-0.239999994635582,12.460000038147,11.3900003433228,113.035537719727,-0.473484963178635,152.210327148438
2766.103,-0.479999989271164,13.1800003051758,11.8699998855591,113.390991210938,-0.94996440410614,150.024948120117
2782.912,-0.479999989271164,13.4200000762939,12.1099996566772,113.440734863281,-0.950381100177765,149.171142578125
2799.684,-0.479999989271164,13.4200000762939,12.5900001525879,113.076530456543,-0.947329878807068,148.416687011719
2816.557,-0.479999989271164,13.6599998474121,13.0699996948242,112.92561340332,-0.946065664291382,147.192749023438
2857.741,-0.479999989271164,14.1400003433228,13.0699996948242,113.35888671875,-0.949695467948914,146.244842529297
2870.704,-0.479999989271164,15.3400001525879,14.2700004577637,113.391525268555,-0.949968874454498,142.027954101562
2883.137,-0.479999989271164,15.8199996948242,14.5100002288818,113.570755004883,-0.95147043466568,140.714324951172
2895.509,-0.479999989271164,15.8199996948242,14.5100002288818,113.570755004883,-0.95147043466568,140.714324951172
2907.911,-0.479999989271164,15.8199996948242,14.75,113.35848236084,-0.949692070484161,140.353240966797
2920.599,-0.479999989271164,16.5400009155273,15.2299995422363,113.481338500977,-0.950721323490143,138.211044311523
2933.708,-0.479999989271164,17.2600002288818,15.4700002670288,113.789611816406,-0.953304052352905,136.428726196289
2947.45,-0.239999994635582,17.2600002288818,15.710000038147,113.565399169922,-0.475704431533813,136.076843261719
2962.132,-0.239999994635582,17.2600002288818,15.710000038147,113.038619995117,-0.947012424468994,134.553726196289
2978.765,-0.479999989271164,17.5,16.4300003051758,113.12858581543,-0.947766005992889,133.260269165039
2995.378,-0.479999989271164,17.9799995422363,16.6700000762939,112.568115234375,-0.943070650100708,133.860595703125
3012.017,-0.479999989271164,17.5,16.9099998474121,112.718574523926,-0.47215723991394,131.287979125977
3028.615,-0.239999994635582,18.4599990844727,17.3899993896484,112.766784667969,-0.944734930992126,130.005447387695
3045.239,-0.479999989271164,19.1800003051758,18.1100006103516,112.407676696777,-0.941726446151733,128.864151000977
3061.977,-0.479999989271164,19.6599998474121,18.3500003814697,112.43017578125,-0.941914916038513,127.590637207031
3078.745,-0.479999989271164,20.3799991607666,18.8299999237061,112.303970336914,-0.940857529640198,125.523910522461
3095.353,-0.479999989271164,20.3799991607666,19.0699996948242,112.038497924805,-0.938633501529694,125.199905395508
3111.976,-0.239999994635582,21.1000003814697,19.3099994659424,112.141220092773,-0.469738870859146,123.470077514648
3128.603,-0.239999994635582,21.1000003814697,19.3099994659424,112.141220092773,-0.469738870859146,123.470077514648
3145.183,-0.239999994635582,21.3400001525879,20.0300006866455,111.434906005859,-0.466780215501785,122.051856994629
3161.977,-0.239999994635582,21.8199996948242,20.2700004577637,111.377487182617,-0.466539740562439,120.805908203125
3178.624,-0.479999989271164,22.2999992370605,20.5100002288818,111.302841186523,-0.932470440864563,119.564041137695
3195.168,-0.479999989271164,22.5400009155273,20.9899997711182,110.83032989502,-0.928511798381805,118.48779296875
3211.739,-0.479999989271164,23.0200004577637,21.7099990844727,110.144477844238,-0.922765851020813,116.66015625
3228.44,-0.479999989271164,23.2600002288818,21.7099990844727,110.234237670898,-0.923517882823944,116.198577880859
3245.228,-0.479999989271164,23.5,22.1900005340576,109.725082397461,-0.919252157211304,115.14892578125
3261.916,-0.239999994635582,23.5,22.6700000762939,109.126052856445,-0.457108855247498,114.56623840332
3278.629,-0.479999989271164,24.2199993133545,23.1499996185303,108.746437072754,-0.911053419113159,112.623443603516
3295.307,-0.239999994635582,24.7000007629395,23.3899993896484,108.582000732422,-0.454829901456833,111.43132019043
3311.893,-0.479999989271164,24.9400005340576,23.6299991607666,108.333557128906,-0.907594382762909,110.698516845703
3328.552,-0.239999994635582,25.6599998474121,24.1100006103516,107.887794494629,-0.451921999454498,108.792152404785
3345.235,-0.479999989271164,25.8999996185303,24.3500003814697,107.620300292969,-0.901618838310242,108.071594238281
3361.742,-0.239999994635582,25.8999996185303,24.5900001525879,106.271980285645,-0.890322923660278,107.456314086914
3378.269,-0.479999989271164,25.6599998474121,25.3099994659424,106.178161621094,-0.88953697681427,104.971694946289
3394.954,-0.479999989271164,26.8600006103516,25.5499992370605,105.885498046875,-0.887085020542145,104.2734375
3411.692,-0.479999989271164,27.1000003814697,25.7900009155273,104.946342468262,-0.879217028617859,102.642578125
3428.361,-0.479999989271164,27.5799999237061,26.5100002288818,104.294853210449,-0.873759031295776,101.717269897461
3444.942,-0.479999989271164,27.8199996948242,26.9899997711182,104.045944213867,-0.871673762798309,99.7339706420898
3461.473,-0.479999989271164,28.7800006866455,27.4699993133545,103.698150634766,-0.868759989738464,99.5005187988281
3477.982,-0.479999989271164,29.0200004577637,27.7099990844727,103.366363525391,-0.865980386734009,98.8355712890625
3494.602,-0.239999994635582,29.2600002288818,27.9500007629395,103.032615661621,-0.431584566831589,98.1749649047852
3511.321,-0.239999994635582,29.7399997711182,28.6700000762939,101.989326477051,-0.427214413881302,96.6467132568359
3527.882,-0.479999989271164,30.2199993133545,28.6700000762939,101.996856689453,-0.85450690984726,95.7922058105469
3544.601,-0.239999994635582,30.7000007629395,29.3899993896484,100.91731262207,-0.422723978757858,94.3042602539062
3561.327,-0.479999989271164,30.9400005340576,29.3899993896484,100.910858154297,-0.84540867805481,93.8815307617188
3578.22,-0.239999994635582,31.4200000762939,29.8700008392334,100.167510986328,-0.419583201408386,92.6306457519531
3594.987,-0.479999989271164,31.4200000762939,30.5900001525879,99.0590362548828,-0.829894483089447,92.033935546875
3611.67,-0.239999994635582,31.6599998474121,30.5900001525879,99.0483474731445,-0.414895176887512,91.6190185546875
3628.146,-0.479999989271164,32.1399993896484,31.0699996948242,98.2677001953125,-0.823264837265015,90.4086227416992
3644.791,-0.239999994635582,32.8600006103516,31.5499992370605,97.4507827758789,-0.408203303813934,88.8090896606445
3661.458,-0.239999994635582,32.8600006103516,31.7900009155273,97.0726165771484,-0.406619220972061,88.6289520263672
3678.486,-0.479999989271164,33.8199996948242,32.2700004577637,96.185302734375,-0.805818974971771,86.6607055664062
3695.212,-0.479999989271164,34.060001373291,32.2700004577637,96.1495208740234,-0.805519282817841,86.2578659057617
3711.897,-0.479999989271164,34.060001373291,32.5099983215332,95.7655715942383,-0.802302598953247,86.0905075073242
3728.455,-0.479999989271164,34.2999992370605,33.2299995422363,94.5692520141602,-0.792280077934265,85.2018432617188
3744.937,-0.479999989271164,34.5400009155273,33.7099990844727,93.7506103515625,-0.78542160987854,84.4921035766602
3761.526,-0.479999989271164,35.0200004577637,34.189998626709,92.8773651123047,-0.778105854988098,83.4064178466797
3778.071,-0.239999994635582,35.2599983215332,34.4300003051758,91.1459045410156,-0.763599991798401,81.6784210205078
3794.656,-0.479999989271164,35.7400016784668,35.1500015258789,91.0310974121094,-0.762638330459595,80.915283203125
3811.278,-0.479999989271164,36.2200012207031,35.1500015258789,90.5759429931641,-0.379405856132507,80.4027709960938
3828.097,-0.239999994635582,36.4599990844727,35.3899993896484,90.1151351928711,-0.377475649118423,79.8955154418945
3844.817,-0.239999994635582,36.7000007629395,35.6300010681152,89.1840896606445,-0.373575627803802,78.8968505859375
3861.481,-0.479999989271164,37.9000015258789,36.3499984741211,88.5694732666016,-0.742015242576599,77.6628875732422
3878.284,-0.479999989271164,37.9000015258789,37.310001373291,86.9531707763672,-0.728474259376526,77.2216033935547
3895.036,-0.479999989271164,38.6199989318848,37.5499992370605,86.31640625,-0.723139524459839,76.0293426513672
3911.856,-0.239999994635582,38.8600006103516,37.7900009155273,85.8310775756836,-0.359530508518219,75.5703430175781
3928.601,-0.239999994635582,39.3400001525879,38.0299987792969,85.2567749023438,-0.357124835252762,74.7595443725586
3945.289,-0.479999989271164,39.5800018310547,38.0299987792969,85.1689987182617,-0.713526904582977,74.4026031494141
3961.963,-0.239999994635582,40.060001373291,38.75,83.7645263671875,-0.350874125957489,73.4381866455078
3978.778,-0.479999989271164,40.5400009155273,39.2299995422363,82.7549819946289,-0.693302750587463,72.5849609375
3995.451,-0.479999989271164,41.0200004577637,39.2299995422363,82.5643005371094,-0.691705346107483,71.892448425293
4012.174,-0.479999989271164,41.2599983215332,39.7099990844727,81.6400146484375,-0.683961868286133,71.4118423461914
4032.49,-0.479999989271164,41.5,39.9500007629395,80.6127166748047,-0.337671756744385,70.6076202392578
4049.004,-0.239999994635582,41.7400016784668,40.189998626709,80.6127166748047,-0.337671756744385,70.6076202392578
4065.87,-0.239999994635582,41.9799995422363,40.9099998474121,79.2638854980469,-0.332021772861481,70.106803894043
4082.379,-0.239999994635582,42.2200012207031,41.3899993896484,78.3267822265625,-0.328096389770508,69.6782684326172
4099.055,-0.479999989271164,42.7000007629395,41.3899993896484,78.1098480224609,-0.654386878013611,69.0229797363281
4115.676,-0.239999994635582,43.1800003051758,41.6300010681152,77.4744415283203,-0.324526101350784,68.3307342529297
4132.361,-0.479999989271164,43.1800003051758,42.3499984741211,75.5754241943359,-0.633154034614563,67.5590438842773
4149.18,-0.479999989271164,43.6599998474121,42.5900001525879,75.3448638916016,-0.315605729818344,66.9268493652344
4165.81,-0.239999994635582,44.1399993896484,42.5900001525879,75.3428955078125,-0.631205916404724,66.9268493652344
4182.457,-0.479999989271164,44.1399993896484,42.5900001525879,75.6448593139648,-0.316862344741821,66.6345062255859
4199.168,-0.239999994635582,44.1399993896484,42.1100006103516,76.1810455322266,-0.319108307361603,66.9781341552734
4216.176,-0.239999994635582,44.6199989318848,41.8699989318848,76.3617706298828,-0.319865345954895,66.3656768798828
4233.217,-0.479999989271164,44.6199989318848,41.6300010681152,76.7777557373047,-0.643226861953735,66.3921966552734
4246.992,-0.479999989271164,44.6199989318848,41.6300010681152,76.7777557373047,-0.643226861953735,66.3921966552734
4259.383,-0.479999989271164,44.6199989318848,41.3899993896484,77.195686340332,-0.646728217601776,66.4204711914062
4271.222,-0.479999989271164,44.6199989318848,41.3899993896484,77.195686340332,-0.646728217601776,66.4204711914062
4283.013,-0.479999989271164,45.0999984741211,41.3899993896484,76.9535522460938,-0.64469975233078,65.7747497558594
4294.813,-0.479999989271164,45.3400001525879,40.9099998474121,77.6666259765625,-0.650673627853394,65.5039367675781
4307.053,-0.479999989271164,45.5800018310547,40.4300003051758,78.3783416748047,-0.656636297702789,65.2336502075195
4320.254,-0.479999989271164,45.5800018310547,40.4300003051758,78.3783416748047,-0.656636297702789,65.2336502075195
4334.259,-0.479999989271164,45.8199996948242,39.9500007629395,79.0886383056641,-0.66258704662323,64.9638824462891
4348.241,-0.479999989271164,46.060001373291,39.4700012207031,79.7975845336914,-0.668526411056519,64.6946411132812
4362.262,-0.479999989271164,46.060001373291,38.9900016784668,80.6324768066406,-0.675520896911621,64.7634353637695
4376.375,-0.479999989271164,46.2999992370605,38.0299987792969,82.1737060546875,-0.688433051109314,64.5774993896484
4390.449,-0.239999994635582,46.5400009155273,37.7900009155273,82.464599609375,-0.345428973436356,64.274055480957
4404.441,-0.239999994635582,46.5400009155273,37.7900009155273,83.2957305908203,-0.697833061218262,64.3603210449219
4418.516,-0.479999989271164,46.5400009155273,37.310001373291,83.2957305908203,-0.697833061218262,64.3603210449219
4432.597,-0.239999994635582,46.5400009155273,36.3499984741211,84.9622192382812,-0.355890989303589,64.5537719726562
4446.69,-0.239999994635582,46.7799987792969,35.6300010681152,86.0805435180664,-0.360575497150421,64.3562927246094
4460.81,-0.479999989271164,47.0200004577637,35.1500015258789,86.7795715332031,-0.727019906044006,64.1066436767578
4474.861,-0.479999989271164,47.0200004577637,34.4300003051758,88.023307800293,-0.737439632415771,64.28564453125
4489.045,-0.239999994635582,47.2599983215332,33.9500007629395,88.7246704101562,-0.371651232242584,64.0417633056641
4504.298,-0.479999989271164,47.2599983215332,32.75,90.7885360717773,-0.760606169700623,64.3834609985352
4519.525,-0.239999994635582,47.7400016784668,32.5099983215332,90.9442443847656,-0.380948662757874,63.6939964294434
4534.76,-0.239999994635582,48.2200012207031,31.7900009155273,91.9176712036133,-0.385026127099991,63.1434097290039
4549.864,-0.479999989271164,48.2200012207031,30.5900001525879,93.973876953125,-0.787292242050171,63.5283126831055
4564.95,-0.479999989271164,48.2200012207031,30.5900001525879,94.1208190917969,-0.394254714250565,62.8208236694336
4580.034,-0.239999994635582,48.7000007629395,30.3500003814697,95.4859466552734,-0.399973005056381,63.466983795166
4595.315,-0.239999994635582,48.4599990844727,29.6299991607666,95.8956298828125,-0.401689052581787,63.5542793273926
4610.569,-0.239999994635582,48.4599990844727,29.3899993896484,95.8956298828125,-0.401689052581787,63.5542793273926
4625.918,-0.239999994635582,48.4599990844727,28.6700000762939,97.1224060058594,-0.406827807426453,63.8264808654785
4641.167,-0.239999994635582,48.7000007629395,28.1900005340576,97.8076782226562,-0.409698247909546,63.606517791748
4656.414,-0.479999989271164,48.939998626709,27.4699993133545,98.8959808349609,-0.828528463840485,63.4846954345703
4671.689,-0.239999994635582,49.1800003051758,27.2299995422363,99.1730804443359,-0.415417730808258,63.168270111084
4686.993,-0.479999989271164,49.4199981689453,26.5100002288818,100.257026672363,-0.839931011199951,63.050968170166
4702.375,-0.479999989271164,49.4199981689453,25.7900009155273,101.473991394043,-0.850126445293427,63.3641204833984
4717.576,-0.479999989271164,49.6599998474121,25.3099994659424,102.15055847168,-0.855794608592987,63.153190612793
4732.765,-0.479999989271164,49.6599998474121,24.5900001525879,103.362091064453,-0.865944504737854,63.486686706543
4748.079,-0.479999989271164,49.6599998474121,24.3500003814697,103.764976501465,-0.86931985616684,63.6012268066406
4763.305,-0.479999989271164,49.6599998474121,23.8700008392334,104.569320678711,-0.876058459281921,63.8353805541992
4777.175,-0.479999989271164,49.9000015258789,23.3899993896484,105.241218566895,-0.88168740272522,63.6351318359375
4790.161,-0.239999994635582,50.1399993896484,22.4300003051758,106.714378356934,-0.447006821632385,63.6830291748047
4803.151,-0.479999989271164,50.3800010681152,21.9500007629395,107.378723144531,-0.899595022201538,63.4872245788574
4816.146,-0.479999989271164,50.3800010681152,21.9500007629395,108.842895507812,-0.455922782421112,63.5529594421387
4829.148,-0.239999994635582,50.6199989318848,20.9899997711182,108.842895507812,-0.455922782421112,63.5529594421387
4842.099,-0.479999989271164,50.8600006103516,20.2700004577637,109.89892578125,-0.920708656311035,63.4962615966797
4855.234,-0.479999989271164,51.5800018310547,19.5499992370605,110.685958862305,-0.927302241325378,62.5166511535645
4870.183,-0.239999994635582,51.5800018310547,19.0699996948242,111.48046875,-0.466971039772034,62.7909164428711
4886.745,-0.479999989271164,51.8199996948242,18.5900001525879,112.132064819336,-0.93941742181778,62.6018028259277
4903.325,-0.239999994635582,51.8199996948242,18.1100006103516,112.923080444336,-0.473013877868652,62.8860015869141
4919.952,-0.479999989271164,51.8199996948242,17.1499996185303,114.488922119141,-0.959162712097168,63.4741363525391
4936.601,-0.239999994635582,52.060001373291,16.9099998474121,114.75016784668,-0.480667263269424,63.1443290710449
4953.241,-0.479999989271164,52.060001373291,16.1900005340576,115.917175292969,-0.971128225326538,63.6026344299316
4970.004,-0.239999994635582,52.060001373291,15.4700002670288,117.084442138672,-0.490445077419281,64.0756225585938
4986.747,-0.239999994635582,52.2999992370605,14.75,118.11408996582,-0.494758129119873,64.0681610107422
5003.325,-0.239999994635582,52.2999992370605,14.5100002288818,118.499458312988,-0.49637234210968,64.232292175293
5020.134,-0.239999994635582,52.2999992370605,14.0299997329712,119.268127441406,-0.499592125415802,64.5654067993164
5036.78,-0.239999994635582,52.5400009155273,13.0699996948242,120.67130279541,-0.505469799041748,64.7451629638672
5053.282,-0.479999989271164,52.5400009155273,12.8299999237061,121.049240112305,-1.01412355899811,64.9189300537109
5069.718,-0.479999989271164,53.5,12.1099996566772,121.675964355469,-1.01937401294708,63.4067001342773
5086.273,-0.479999989271164,53.5,11.6300001144409,122.437484741211,-1.02575385570526,63.7558403015137
5102.828,-0.239999994635582,53.7400016784668,11.1499996185303,123.068801879883,-0.515512466430664,63.5955619812012
5119.578,-0.479999989271164,53.7400016784668,10.4300003051758,124.200019836426,-1.04052007198334,64.1359558105469
5136.308,-0.479999989271164,53.7400016784668,9.71000003814697,125.327606201172,-1.04996681213379,64.6905746459961
5153.023,-0.239999994635582,54.2200012207031,9.22999954223633,125.823547363281,-0.527051568031311,64.0129776000977
5169.703,-0.239999994635582,54.4599990844727,8.75,126.442047119141,-0.529642403125763,63.8606643676758
5186.299,-0.479999989271164,54.2200012207031,8.02999973297119,128.795516967773,-0.539500594139099,65.5607604980469
5202.854,-0.239999994635582,54.2200012207031,7.30999994277954,129.774475097656,-0.543601274490356,65.6228790283203
5219.653,-0.239999994635582,54.4599990844727,6.59000015258789,130.140594482422,-0.545134842395782,65.8263931274414
5236.333,-0.239999994635582,54.4599990844727,6.34999990463257,131.112976074219,-0.549208045005798,65.8966751098633
5252.947,-0.239999994635582,54.7000007629395,4.90999984741211,132.200912475586,-0.553765177726746,66.5255584716797
5269.478,-0.479999989271164,54.939998626709,4.19000005722046,133.159606933594,-1.11558151245117,66.6100234985352
5285.973,-0.239999994635582,55.4199981689453,3.71000003814697,133.641448974609,-0.559799432754517,65.9222640991211
5302.744,-0.479999989271164,55.6599998474121,3.47000002861023,133.874969482422,-1.12157452106476,65.5768890380859
5319.72,-0.479999989271164,55.9000015258789,2.75,134.827743530273,-1.12955689430237,65.6633834838867
5336.444,-0.479999989271164,55.9000015258789,2.02999997138977,135.896759033203,-1.13851273059845,66.3238983154297
5353.099,-0.239999994635582,56.1399993896484,1.54999995231628,136.48893737793,-0.57172691822052,66.1996917724609
5369.78,-0.479999989271164,56.1399993896484,0.829999983310699,137.543121337891,-1.15230572223663,66.8780212402344
5386.617,-0.479999989271164,56.6199989318848,-0.129999995231628,138.707397460938,-1.16205954551697,66.6399841308594
5403.417,-0.239999994635582,56.6199989318848,-0.610000014305115,139.407592773438,-0.583952665328979,67.1054153442383
5420.133,-0.239999994635582,56.8600006103516,-1.33000004291534,140.329971313477,-0.587816298007965,67.2264022827148
5436.74,-0.479999989271164,57.0999984741211,-1.33000004291534,140.208709716797,-1.17463731765747,66.6388473510742
5453.347,-0.239999994635582,57.0999984741211,-2.28999996185303,141.589706420898,-0.59309309720993,67.592903137207
5470.093,-0.239999994635582,57.3400001525879,-2.76999998092651,142.158309936523,-0.59547483921051,67.4828262329102
5486.941,-0.239999994635582,57.0999984741211,-3.49000000953674,143.28857421875,-0.600209355354309,68.8177185058594
5503.655,-0.239999994635582,57.5800018310547,-3.97000002861023,143.740676879883,-0.602103054523468,68.112419128418
5520.457,-0.239999994635582,57.8199996948242,-4.44999980926514,144.301162719727,-0.604450881481171,68.0075607299805
5537.188,-0.479999989271164,58.060001373291,-5.40999984741211,145.523391723633,-1.21916246414185,68.4086608886719
5553.875,-0.239999994635582,58.060001373291,-5.8899998664856,146.738342285156,-1.22934103012085,68.8213653564453
5570.759,-0.479999989271164,58.2999992370605,-6.36999988555908,147.39567565918,-1.23484814167023,69.3406982421875
5587.522,-0.479999989271164,58.2999992370605,-6.84999990463257,148.592803955078,-1.24487733840942,69.7731323242188
5604.288,-0.479999989271164,58.7799987792969,-8.52999973297119,149.457000732422,-1.252117395401,69.9483795166016
5621.033,-0.479999989271164,58.7799987792969,-8.52999973297119,150.098831176758,-1.25749456882477,70.4867782592773
5637.764,-0.479999989271164,59.0200004577637,-9.97000026702881,151.269409179688,-1.26730132102966,70.9456939697266
5654.564,-0.239999994635582,58.7799987792969,-10.210000038147,151.687454223633,-0.63539069890976,71.8560943603516
5671.355,-0.239999994635582,59.0200004577637,-10.6899995803833,152.217300415039,-0.637610137462616,71.7752532958984
5688.172,-0.239999994635582,59.2599983215332,-11.4099998474121,153.055618286133,-0.641121685504913,71.9752655029297
5704.76,-0.239999994635582,59.2599983215332,-11.6499996185303,153.365570068359,-0.642419993877411,72.2570037841797
5721.303,-0.479999989271164,59.5,-12.1300001144409,153.883651733398,-1.2892028093338,72.1795654296875
5737.846,-0.479999989271164,59.7400016784668,-12.8500003814697,154.709442138672,-1.29612123966217,72.3881683349609
5754.772,-0.239999994635582,59.9799995422363,-13.0900001525879,154.923828125,-0.648947298526764,72.0259170532227
5771.608,-0.239999994635582,60.2200012207031,-14.0500001907349,156.044631958008,-0.653642058372498,72.5273361206055
5788.368,-0.239999994635582,60.7000007629395,-14.289999961853,156.154876708984,-0.654103875160217,71.5090179443359
5805.128,-0.479999989271164,60.939998626709,-15.0100002288818,156.959320068359,-1.31497001647949,71.7234649658203
5822.014,-0.239999994635582,61.1800003051758,-15.9700002670288,158.063491821289,-0.66209876537323,72.2365875244141
5838.829,-0.239999994635582,61.1800003051758,-16.6900005340576,158.949737548828,-0.665811061859131,73.1274871826172
5855.714,-0.479999989271164,61.1800003051758,-17.1700000762939,159.53010559082,-1.33650755882263,73.7275619506836
5872.419,-0.479999989271164,61.4199981689453,-17.6499996185303,160.598602294922,-1.34545934200287,74.269401550293
5889.123,-0.479999989271164,61.4199981689453,-18.1299991607666,161.370086669922,-1.35192251205444,74.5133361816406
5905.773,-0.479999989271164,61.6599998474121,-18.8500003814697,162.420547485352,-0.680349588394165,75.0714721679688
5922.716,-0.239999994635582,61.9000015258789,-19.8099994659424,162.61279296875,-1.36233365535736,74.7015686035156
5939.523,-0.479999989271164,62.1399993896484,-21.0100002288818,163.725372314453,-1.37165474891663,75.9542999267578
5956.213,-0.239999994635582,62.6199989318848,-21.25,163.841888427734,-0.686303377151489,74.8970794677734
5972.773,-0.239999994635582,62.8600006103516,-21.9699993133545,164.584777832031,-0.689415216445923,75.1557388305664
5989.301,-0.239999994635582,62.8600006103516,-22.2099990844727,164.858306884766,-0.690561056137085,75.4729690551758
6005.861,-0.239999994635582,62.8600006103516,-23.1700000762939,165.939102172852,-0.695088267326355,76.7532806396484
6022.535,-0.479999989271164,62.8600006103516,-23.6499996185303,166.467010498047,-1.3946236371994,77.4001770019531
6042.769,-0.479999989271164,63.3400001525879,-24.6100006103516,167.372909545898,-1.40221285820007,77.3044052124023
6059.36,-0.479999989271164,63.3400001525879,-24.6100006103516,167.372909545898,-1.40221285820007,77.3044052124023
6076.03,-0.479999989271164,63.3400001525879,-25.3299999237061,168.714111328125,-0.706712245941162,77.1630783081055
6092.7,-0.239999994635582,64.0599975585938,-26.0499992370605,169.22721862793,-0.708861529827118,77.8252868652344
6109.412,-0.239999994635582,64.0599975585938,-26.5300006866455,169.730316162109,-1.42196273803711,78.4918060302734
6125.976,-0.479999989271164,64.0599975585938,-27.0100002288818,169.981979370117,-1.4240710735321,78.8266448974609
6142.527,-0.479999989271164,64.0599975585938,-27.25,170.232238769531,-1.42616772651672,79.1625289916992
6159.106,-0.239999994635582,64.3000030517578,-27.7299995422363,170.419143676758,-0.713854312896729,78.7854461669922
6175.839,-0.239999994635582,64.0599975585938,-27.7299995422363,170.485565185547,-0.714132606983185,79.4994659423828
6192.617,-0.479999989271164,64.0599975585938,-27.9699993133545,170.728546142578,-1.43032562732697,79.8374481201172
6209.364,-0.479999989271164,64.0599975585938,-27.9699993133545,170.728546142578,-1.43032562732697,79.8374481201172
6226.105,-0.479999989271164,64.0599975585938,-27.9699993133545,170.728546142578,-1.43032562732697,79.8374481201172
6242.817,-0.239999994635582,64.0599975585938,-27.9699993133545,170.733047485352,-0.715169131755829,79.8374481201172
6259.552,-0.479999989271164,63.0999984741211,-27.9699993133545,170.958618164062,-1.43225312232971,82.7001190185547
6276.292,-0.479999989271164,62.8600006103516,-27.9699993133545,171.00862121582,-1.43267214298248,83.4163665771484
6293.035,-0.239999994635582,62.8600006103516,-27.9699993133545,171.013137817383,-0.716342389583588,83.4163665771484
6309.668,-0.239999994635582,62.1399993896484,-27.9699993133545,171.14518737793,-0.716895520687103,85.5662536621094
6326.168,-0.239999994635582,61.4199981689453,-27.9699993133545,171.250228881836,-0.717335522174835,87.7176361083984
6342.689,-0.239999994635582,60.939998626709,-27.7299995422363,171.076507568359,-0.716607928276062,88.8015975952148
6359.461,-0.239999994635582,59.9799995422363,-27.4899997711182,170.932098388672,-0.716002941131592,91.3149871826172
6376.242,-0.479999989271164,59.7400016784668,-27.7299995422363,171.164306640625,-1.43397641181946,92.3857421875
6393.093,-0.239999994635582,59.2599983215332,-27.4899997711182,170.964904785156,-0.716140449047089,93.4632415771484
6409.745,-0.239999994635582,58.7799987792969,-27.7299995422363,171.188583374023,-0.717077314853668,95.2539672851562
6426.324,-0.239999994635582,57.8199996948242,-27.4899997711182,170.94953918457,-0.716076016426086,97.760124206543
6442.942,-0.239999994635582,56.8600006103516,-27.7299995422363,171.083969116211,-0.71663910150528,100.989372253418
6459.583,-0.239999994635582,57.0999984741211,-27.4899997711182,170.901336669922,-0.715874195098877,99.9080963134766
6476.334,-0.479999989271164,56.6199989318848,-27.4899997711182,170.556533813477,-1.42888462543488,103.118110656738
6511.168,-0.479999989271164,55.9000015258789,-27.25,170.482543945312,-1.42826473712921,104.54670715332
6523.934,-0.479999989271164,55.4199981689453,-27.25,170.482543945312,-1.42826473712921,104.54670715332
6535.94,-0.239999994635582,54.4599990844727,-27.0100002288818,170.11083984375,-0.712562918663025,107.029678344727
6547.764,-0.479999989271164,53.9799995422363,-26.5300006866455,169.616561889648,-1.42100977897644,107.709312438965
6559.795,-0.239999994635582,53.7400016784668,-26.0499992370605,169.180130004883,-0.708664298057556,107.676300048828
6572.101,-0.239999994635582,53.7400016784668,-26.0499992370605,168.68994140625,-0.706610977649689,110.842071533203
6584.892,-0.239999994635582,52.5400009155273,-25.8099994659424,168.68994140625,-0.706610977649689,110.842071533203
6598.365,-0.479999989271164,52.2999992370605,-25.0900001525879,168.050109863281,-1.40788626670837,110.427383422852
6614.987,-0.479999989271164,51.8199996948242,-25.0900001525879,167.914978027344,-1.4067542552948,111.83472442627
6631.685,-0.239999994635582,50.8600006103516,-24.6100006103516,167.246398925781,-0.700564205646515,113.892883300781
6648.381,-0.479999989271164,50.3800010681152,-24.6100006103516,167.077850341797,-1.39974105358124,115.293319702148
6664.979,-0.479999989271164,49.9000015258789,-24.3700008392334,166.722259521484,-1.39676189422607,116.313995361328
6681.557,-0.239999994635582,49.6599998474121,-24.1299991607666,166.456176757812,-0.697254121303558,116.633850097656
6698.168,-0.239999994635582,49.1800003051758,-24.3700008392334,166.445663452148,-0.697210133075714,118.407424926758
6714.784,-0.239999994635582,48.2200012207031,-23.6499996185303,165.514801025391,-0.693310916423798,120.046745300293
6731.511,-0.239999994635582,47.7400016784668,-23.6499996185303,165.299163818359,-0.692407608032227,121.432479858398
6748.213,-0.239999994635582,47.0200004577637,-23.4099998474121,164.787017822266,-0.690262317657471,123.123413085938
6764.947,-0.239999994635582,46.7799987792969,-23.6499996185303,164.833114624023,-0.690455436706543,124.198280334473
6781.663,-0.479999989271164,46.5400009155273,-23.1700000762939,164.375961303711,-1.37710511684418,124.118072509766
6798.391,-0.479999989271164,46.060001373291,-22.4500007629395,163.248641967773,-1.36766076087952,126.393516540527
6815.077,-0.479999989271164,45.3400001525879,-22.4500007629395,162.823699951172,-0.682038426399231,127.373153686523
6831.86,-0.239999994635582,44.8600006103516,-22.2099990844727,162.682403564453,-1.36291682720184,128.054916381836
6848.471,-0.479999989271164,44.6199989318848,-22.2099990844727,162.387908935547,-0.68021297454834,128.348510742188
6865.07,-0.479999989271164,43.4199981689453,-21.4899997711182,161.492523193359,-1.35294842720032,130.2861328125
6881.836,-0.479999989271164,43.1800003051758,-21.25,161.187683105469,-1.35039448738098,130.57341003418
6898.455,-0.239999994635582,42.4599990844727,-21.4899997711182,160.882919311523,-0.673908829689026,132.98698425293
6915.255,-0.239999994635582,41.9799995422363,-20.7700004577637,160.111785888672,-0.670678615570068,133.159118652344
6931.787,-0.479999989271164,41.7400016784668,-20.2900009155273,159.64323425293,-1.33745539188385,133.048431396484
6948.331,-0.479999989271164,40.5400009155273,-20.0499992370605,158.665649414062,-1.32926535606384,135.990844726562
6964.875,-0.239999994635582,39.8199996948242,-20.0499992370605,158.142211914062,-0.662428379058838,137.981506347656
6981.561,-0.239999994635582,39.3400001525879,-20.0499992370605,157.776580810547,-0.660896897315979,139.304824829102
6998.322,-0.479999989271164,39.0999984741211,-19.5699996948242,157.308715820312,-1.3178973197937,139.174621582031
7015.153,-0.479999989271164,38.8600006103516,-19.0900001525879,156.842254638672,-1.31398952007294,139.043609619141
7031.92,-0.239999994635582,38.3800010681152,-18.8500003814697,156.332717895508,-0.65484881401062,139.960983276367
7048.708,-0.479999989271164,37.9000015258789,-18.6100006103516,155.80891418457,-1.30533230304718,140.873413085938
7065.383,-0.239999994635582,37.4199981689453,-18.3700008392334,155.287353515625,-0.650470018386841,141.780944824219
7082.304,-0.239999994635582,36.7000007629395,-18.1299991607666,154.5546875,-0.647400975227356,143.331268310547
7099.035,-0.479999989271164,36.4599990844727,-17.8899993896484,154.214263916016,-1.29197263717651,143.58088684082
7115.667,-0.239999994635582,35.9799995422363,-17.6499996185303,153.675033569336,-0.643716275691986,144.473266601562
7132.33,-0.239999994635582,35.2599983215332,-17.4099998474121,152.913650512695,-0.640527009963989,146.001480102539
7148.987,-0.479999989271164,34.7799987792969,-17.1700000762939,152.351135253906,-1.2763637304306,146.881210327148
7165.697,-0.239999994635582,34.2999992370605,-17.1700000762939,151.915161132812,-0.6363445520401,148.155746459961
7182.415,-0.239999994635582,34.060001373291,-16.9300003051758,150.535339355469,-0.63056468963623,150.52099609375
7199.079,-0.239999994635582,33.0999984741211,-16.6900005340576,150.18000793457,-1.25817465782166,150.748992919922
7215.815,-0.479999989271164,32.8600006103516,-16.4500007629395,149.237701416016,-1.25028026103973,151.826263427734
7232.367,-0.479999989271164,32.1399993896484,-15.9700002670288,148.646224975586,-0.62265157699585,152.671508789062
7248.902,-0.239999994635582,30.9400005340576,-15.25,147.686614990234,-0.618631958961487,153.72737121582
7265.544,-0.479999989271164,29.9799995422363,-15.25,146.678085327148,-1.22883641719818,156.193557739258
7282.191,-0.239999994635582,29.5,-14.7700004577637,145.954559326172,-0.611376643180847,156.609146118164
7298.87,-0.239999994635582,29.0200004577637,-14.5299997329712,145.329345703125,-0.608757734298706,157.423950195312
7315.33,-0.239999994635582,28.5400009155273,-14.289999961853,144.69905090332,-0.60611754655838,158.233047485352
7331.884,-0.479999989271164,27.5799999237061,-14.0500001907349,143.51838684082,-1.20236504077911,160.241073608398
7348.575,-0.239999994635582,27.1000003814697,-14.0500001907349,142.970565795898,-0.598877310752869,161.441177368164
7365.46,-0.479999989271164,26.3799991607666,-13.5699996948242,141.938323974609,-1.18912768363953,162.414825439453
7382.151,-0.239999994635582,25.8999996185303,-13.3299999237061,141.282028198242,-0.591804265975952,163.192565917969
7398.93,-0.239999994635582,25.6599998474121,-13.0900001525879,140.904846191406,-0.590224325656891,163.374725341797
7415.625,-0.239999994635582,24.9400005340576,-13.0900001525879,140.034530639648,-0.586578726768494,165.139953613281
7432.37,-0.239999994635582,24.4599990844727,-12.6099996566772,139.273422241211,-0.583390653133392,165.490036010742
7449.094,-0.479999989271164,23.7399997711182,-12.3699998855591,138.291290283203,-1.15857350826263,166.823791503906
7465.857,-0.239999994635582,23.5,-12.1300001144409,137.911148071289,-0.577684283256531,166.991607666016
7482.615,-0.479999989271164,23.0200004577637,-11.8900003433228,137.219604492188,-1.14959526062012,167.733245849609
7499.387,-0.239999994635582,22.5400009155273,-11.8900003433228,136.609069824219,-0.572230160236359,168.880310058594
7516.186,-0.479999989271164,22.0599994659424,-11.6499996185303,134.962249755859,-0.565331935882568,171.31201171875
7533.019,-0.239999994635582,21.3400001525879,-11.6499996185303,134.496887207031,-1.12678480148315,171.050872802734
7549.928,-0.479999989271164,21.1000003814697,-11.1700000762939,133.462738037109,-1.11812090873718,172.321685791016
7566.692,-0.479999989271164,20.3799991607666,-10.9300003051758,132.419647216797,-0.554681420326233,173.578826904297
7583.591,-0.239999994635582,19.4200000762939,-10.4499998092651,132.024887084961,-0.553027868270874,173.718933105469
7600.282,-0.479999989271164,18.9400005340576,-9.72999954223633,131.164001464844,-1.09886288642883,173.580535888672
7617.077,-0.239999994635582,18.2199993133545,-9.72999954223633,130.169677734375,-0.545256733894348,175.222595214844
7633.739,-0.239999994635582,17.7399997711182,-9.48999977111816,129.433807373047,-0.542174339294434,175.895629882812
7650.524,-0.479999989271164,17.2600002288818,-9.48999977111816,128.748184204102,-1.07862365245819,176.977142333984
7667.209,-0.479999989271164,17.0200004577637,-9.48999977111816,128.403686523438,-1.07573747634888,177.515731811523
7683.877,-0.239999994635582,16.2999992370605,-9.25,127.309501647949,-0.533275961875916,178.706970214844
7700.567,-0.239999994635582,15.8199996948242,-9.01000022888184,126.554992675781,-0.530115485191345,179.354583740234
7717.102,-0.239999994635582,15.3400001525879,-8.52999973297119,125.748008728027,-0.526735186576843,179.57958984375
7733.791,-0.479999989271164,14.3800001144409,-8.52999973297119,124.310020446777,-1.04144167900085,181.674560546875
7750.472,-0.239999994635582,14.3800001144409,-7.80999994277954,124.177368164062,-0.520156025886536,180.425277709961
7767.204,-0.479999989271164,13.6599998474121,-7.80999994277954,123.090866088867,-1.03122782707214,181.978942871094
7783.921,-0.239999994635582,13.4200000762939,-7.57000017166138,122.686874389648,-0.513912677764893,182.077056884766
7800.65,-0.479999989271164,13.1800003051758,-7.32999992370605,122.276031494141,-1.02440130710602,182.173431396484
7817.462,-0.479999989271164,11.9799995422363,-6.6100001335144,120.313911437988,-1.00796318054199,183.463302612305
7834.083,-0.239999994635582,11.2600002288818,-6.6100001335144,119.195960998535,-0.499289810657501,184.968231201172
7850.771,-0.479999989271164,10.7799997329712,-6.36999988555908,118.403625488281,-0.99195921421051,185.545959472656
7867.621,-0.239999994635582,10.539999961853,-6.36999988555908,118.026420593262,-0.494390845298767,186.041152954102
7884.283,-0.479999989271164,9.57999992370605,-6.36999988555908,116.071350097656,-0.486201405525208,188.07470703125
7900.935,-0.239999994635582,9.34000015258789,-6.13000011444092,115.241119384766,-0.965464353561401,188.207183837891
7917.747,-0.479999989271164,8.85999965667725,-5.65000009536743,114.044738769531,-0.477712333202362,189.229568481445
7934.397,-0.239999994635582,8.14000034332275,-5.40999984741211,113.234024047852,-0.474316358566284,189.763153076172
7951.006,-0.239999994635582,7.17999982833862,-4.69000005722046,112.403289794922,-0.470836609601974,189.871368408203
7967.624,-0.239999994635582,6.94000005722046,-4.69000005722046,112.004905700684,-0.46916788816452,190.341339111328
7984.392,-0.239999994635582,6.46000003814697,-4.44999980926514,111.188461303711,-0.465747892856598,190.857666015625
8001.177,-0.239999994635582,5.5,-3.97000002861023,109.547973632812,-0.458876192569733,191.869598388672
8017.838,-0.479999989271164,5.01999998092651,-3.97000002861023,108.72972869873,-0.910913467407227,192.783935546875
8034.629,-0.239999994635582,4.53999996185303,-3.73000001907349,107.904579162598,-0.451992303133011,193.272552490234
