0.027483,-0.24,-0.26,0.35
0.044583,-0.24,-0.26,0.35
0.046777,-0.24,-0.26,0.35
0.048919,-0.24,-0.26,0.35
0.052853,-0.24,-0.26,0.35
0.055221,-0.24,-0.26,0.35
0.056563,-0.24,-0.26,0.35
0.057888,-0.24,-0.26,0.35
0.059471,-0.24,-0.26,0.35
0.0608,-0.24,-0.26,0.35
0.062162,-0.24,-0.26,0.35
0.063541,-0.24,-0.26,0.35
0.06486,-0.24,-0.26,0.35
0.066182,-0.24,-0.26,0.35
0.067539,-0.24,-0.26,0.35
0.068851,-0.24,-0.26,0.35
0.070163,-0.24,-0.26,0.35
0.071539,-0.24,-0.26,0.35
0.072786,-0.24,-0.26,0.35
0.074127,-0.24,-0.26,0.35
0.07556,-0.24,-0.26,0.35
0.076816,-0.24,-0.26,0.35
0.078101,-0.24,-0.26,0.35
0.079457,-0.24,-0.26,0.35
0.080658,-0.24,-0.26,0.35
0.081958,-0.24,-0.26,0.35
0.083274,-0.24,-0.26,0.35
0.084708,-0.24,-0.26,0.35
0.086049,-0.24,-0.26,0.35
0.087318,-0.24,-0.26,0.35
0.088522,-0.24,-0.26,0.35
0.089843,-0.24,-0.26,0.35
0.091407,-0.24,-0.26,0.35
0.092818,-0.24,-0.26,0.35
0.094446,-0.24,-0.26,0.35
0.09598,-0.24,-0.26,0.35
0.097539,0.96,-0.26,0.35
0.098987,0.96,-0.26,0.35
0.100374,0.96,-0.26,0.35
0.101692,0.96,-0.26,0.35
0.103029,0.96,-0.26,0.35
0.104435,0.96,-0.26,0.35
0.105813,0.96,-0.26,0.35
0.107236,0.96,-0.26,0.35
0.108548,0.96,-0.26,0.35
0.109904,0.96,-0.26,0.35
0.111322,0.96,-0.26,0.35
0.112661,0,-0.26,0.35
0.114059,0,-0.26,0.35
0.115358,0,-0.26,0.35
0.116556,0,-0.26,0.35
0.117755,0,-0.26,0.35
0.119016,0,-0.26,0.35
0.120217,0,-0.26,0.35
0.121508,0,-0.26,0.35
0.122778,0,-0.26,0.35
0.124058,0,-0.26,0.35
0.125372,0,-0.26,0.35
0.126569,0,-0.26,0.35
0.128027,0,-0.26,0.35
0.129342,0,-0.26,0.11
0.130626,0,-0.26,0.11
0.132057,0,-0.26,0.11
0.133297,0,-0.26,0.11
0.134476,0,-0.26,0.11
0.135734,0,-0.26,0.11
0.136917,0,-0.26,0.11
0.138096,0,-0.26,0.11
0.139435,0,-0.26,0.11
0.140678,0,-0.26,0.11
0.14194,0,-0.26,0.11
0.143193,0,-0.26,0.11
0.144387,0.48,-0.26,0.11
0.145642,0.48,-0.26,0.11
0.146826,0.48,-0.26,0.11
0.148008,0.48,-0.26,0.11
0.149203,0.48,-0.26,0.11
0.150383,0.48,-0.26,0.11
0.151568,0.48,-0.26,0.11
0.152745,0.48,-0.26,0.11
0.15392,0.48,-0.26,0.11
0.155195,0.48,-0.26,0.11
0.156418,0.48,-0.26,0.11
0.157687,0.48,-0.26,0.11
0.158939,0.48,-0.26,0.11
0.160213,0.48,-0.26,0.11
0.161476,0.96,-0.26,0.35
0.162696,0.96,-0.26,0.35
0.16388,0.96,-0.26,0.35
0.165055,0.96,-0.26,0.35
0.166238,0.96,-0.26,0.35
0.167438,0.96,-0.26,0.35
0.168621,0.96,-0.26,0.35
0.169801,0.96,-0.26,0.35
0.170986,0.96,-0.26,0.35
0.172286,0.96,-0.26,0.35
0.173551,0.96,-0.26,0.35
0.174773,0.96,-0.26,0.35
0.176056,0.96,-0.26,0.35
0.177315,1.2,-0.26,0.35
0.178489,1.2,-0.26,0.35
0.17972,1.2,-0.26,0.35
0.180897,1.2,-0.26,0.35
0.182074,1.2,-0.26,0.35
0.183346,1.2,-0.26,0.35
0.184531,1.2,-0.26,0.35
0.185723,1.2,-0.26,0.35
0.186962,1.2,-0.26,0.35
0.18825,1.2,-0.26,0.35
0.189523,1.2,-0.26,0.35
0.190783,1.2,-0.26,0.35
0.192051,1.2,-0.26,0.35
0.193315,1.2,-0.26,0.35
0.19451,1.2,-0.26,0.35
0.195774,1.2,-0.26,0.35
0.196952,1.2,-0.26,0.35
0.198127,1.2,-0.26,0.35
0.199304,1.2,-0.26,0.35
0.200474,1.2,-0.26,0.35
0.201646,1.2,-0.26,0.35
0.202844,1.2,-0.26,0.35
0.2041,1.2,-0.26,0.35
0.205396,1.2,-0.26,0.35
0.206569,1.2,-0.26,0.35
0.207882,1.2,-0.26,0.35
0.209082,1.68,-0.26,0.11
0.210305,1.68,-0.26,0.11
0.21152,1.68,-0.26,0.11
0.212739,1.68,-0.26,0.11
0.213915,1.68,-0.26,0.11
0.215092,1.68,-0.26,0.11
0.216265,1.68,-0.26,0.11
0.217439,1.68,-0.26,0.11
0.218657,1.68,-0.26,0.11
0.219919,1.68,-0.26,0.11
0.221227,1.68,-0.26,0.11
0.222407,1.68,-0.26,0.11
0.223699,1.68,-0.26,0.11
0.224873,1.92,-0.26,0.35
0.226128,1.92,-0.26,0.35
0.22731,1.92,-0.26,0.35
0.228488,1.92,-0.26,0.35
0.229663,1.92,-0.26,0.35
0.230853,1.92,-0.26,0.35
0.232028,1.92,-0.26,0.35
0.233194,1.92,-0.26,0.35
0.234434,1.92,-0.26,0.35
0.235727,1.92,-0.26,0.35
0.236996,1.92,-0.26,0.35
0.238243,1.92,-0.26,0.35
0.239577,1.92,-0.26,0.35
0.240749,2.4,-0.26,0.35
0.242009,2.4,-0.26,0.35
0.243241,2.4,-0.26,0.35
0.244416,2.4,-0.26,0.35
0.245596,2.4,-0.26,0.35
0.246779,2.4,-0.26,0.35
0.248003,2.4,-0.26,0.35
0.249184,2.4,-0.26,0.35
0.250365,2.4,-0.26,0.35
0.251693,2.4,-0.26,0.35
0.253191,2.4,-0.26,0.35
0.254377,2.4,-0.26,0.35
0.255713,2.4,-0.26,0.35
0.256895,2.88,-0.26,0.11
0.258207,2.88,-0.26,0.11
0.259749,2.88,-0.26,0.11
0.260931,2.88,-0.26,0.11
0.262114,2.88,-0.26,0.11
0.263353,2.88,-0.26,0.11
0.264532,2.88,-0.26,0.11
0.265714,2.88,-0.26,0.11
0.267206,2.88,-0.26,0.11
0.268487,2.88,-0.26,0.11
0.269768,2.88,-0.26,0.11
0.271003,2.88,-0.26,0.11
0.272263,2.88,-0.26,0.11
0.273666,3.12,-0.26,0.11
0.274905,3.12,-0.26,0.11
0.276093,3.12,-0.26,0.11
0.277273,3.12,-0.26,0.11
0.278453,3.12,-0.26,0.11
0.280021,3.12,-0.26,0.11
0.281523,3.12,-0.26,0.11
0.28288,3.12,-0.26,0.11
0.284307,3.12,-0.26,0.11
0.285658,3.12,-0.26,0.11
0.287008,3.12,-0.26,0.11
0.288354,3.6,-0.26,0.35
0.289691,3.6,-0.26,0.35
0.291013,3.6,-0.26,0.35
0.292373,3.6,-0.26,0.35
0.293827,3.6,-0.26,0.35
0.29578,3.6,-0.26,0.35
0.297198,3.6,-0.26,0.35
0.298461,3.6,-0.26,0.35
0.299907,3.6,-0.26,0.35
0.301411,3.6,-0.26,0.35
0.302905,3.6,-0.26,0.35
0.30422,3.6,-0.26,0.35
0.305842,4.08,-0.26,0.11
0.307152,4.08,-0.26,0.11
0.30843,4.08,-0.26,0.11
0.309681,4.08,-0.26,0.11
0.311005,4.08,-0.26,0.11
0.312252,4.08,-0.26,0.11
0.313499,4.08,-0.26,0.11
0.31482,4.08,-0.26,0.11
0.316125,4.08,-0.26,0.11
0.317442,4.08,-0.26,0.11
0.318756,4.08,-0.26,0.11
0.320043,4.08,-0.26,0.11
0.321368,4.08,-0.26,0.11
0.322549,4.08,-0.26,0.11
0.323891,4.08,-0.26,0.11
0.32521,4.08,-0.26,0.11
0.326578,4.08,-0.26,0.11
0.327821,4.08,-0.26,0.11
0.329,4.08,-0.26,0.11
0.330213,4.08,-0.26,0.11
0.331536,4.08,-0.26,0.11
0.332751,4.08,-0.26,0.11
0.33404,4.08,-0.26,0.11
0.335379,4.08,-0.26,0.11
0.336608,4.08,-0.26,0.35
0.337908,4.08,-0.26,0.35
0.339144,4.08,-0.26,0.35
0.340357,4.08,-0.26,0.35
0.341535,4.08,-0.26,0.35
0.342791,4.08,-0.26,0.35
0.344238,4.08,-0.26,0.35
0.345793,4.08,-0.26,0.35
0.347134,4.08,-0.26,0.35
0.348369,4.08,-0.26,0.35
0.34962,4.08,-0.26,0.35
0.350869,4.08,-0.26,0.35
0.352125,4.08,-0.26,0.35
0.353385,5.04,-0.26,0.35
0.354586,5.04,-0.26,0.35
0.355822,5.04,-0.26,0.35
0.357003,5.04,-0.26,0.35
0.358183,5.04,-0.26,0.35
0.359449,5.04,-0.26,0.35
0.360627,5.04,-0.26,0.35
0.361799,5.04,-0.26,0.35
0.363053,5.04,-0.26,0.35
0.364339,5.04,-0.26,0.35
0.36559,5.04,-0.26,0.35
0.366826,5.04,-0.26,0.35
0.368077,5.04,-0.26,0.35
0.369325,5.28,-0.26,0.11
0.370496,5.28,-0.26,0.11
0.37172,5.28,-0.26,0.11
0.372909,5.28,-0.26,0.11
0.37409,5.28,-0.26,0.11
0.375301,5.28,-0.26,0.11
0.376473,5.28,-0.26,0.11
0.377639,5.28,-0.26,0.11
0.378821,5.28,-0.26,0.11
0.380073,5.28,-0.26,0.11
0.381362,5.28,-0.26,0.11
0.382555,5.28,-0.26,0.11
0.383893,5.28,-0.26,0.11
0.385119,5.76,-0.26,0.35
0.386327,5.76,-0.26,0.35
0.38755,5.76,-0.26,0.35
0.388724,5.76,-0.26,0.35
0.389936,5.76,-0.26,0.35
0.391177,5.76,-0.26,0.35
0.392345,5.76,-0.26,0.35
0.393699,5.76,-0.26,0.35
0.394925,5.76,-0.26,0.35
0.396209,5.76,-0.26,0.35
0.397493,5.76,-0.26,0.35
0.398714,5.76,-0.26,0.35
0.399994,5.76,-0.26,0.35
0.401258,6.24,-0.26,0.35
0.402442,6.24,-0.26,0.35
0.403681,6.24,-0.26,0.35
0.404859,6.24,-0.26,0.35
0.406033,6.24,-0.26,0.35
0.40727,6.24,-0.26,0.35
0.408452,6.24,-0.26,0.35
0.409641,6.24,-0.26,0.35
0.410854,6.24,-0.26,0.35
0.412118,6.24,-0.26,0.35
0.413443,6.24,-0.26,0.35
0.414623,6.24,-0.26,0.35
0.415887,6.24,-0.26,0.35
0.417089,6.24,-0.26,0.35
0.418326,6.24,-0.26,0.35
0.419543,6.24,-0.26,0.35
0.420715,6.24,-0.26,0.35
0.421886,6.24,-0.26,0.35
0.423067,6.24,-0.26,0.35
0.424241,6.24,-0.26,0.35
0.425418,6.24,-0.26,0.35
0.426612,6.24,-0.26,0.35
0.427872,6.24,-0.26,0.35
0.429146,6.24,-0.26,0.35
0.43033,6.24,-0.26,0.35
0.431627,6.24,-0.26,0.35
0.432807,6.96,-0.26,0.35
0.434101,6.96,-0.26,0.35
0.435315,6.96,-0.26,0.35
0.43651,6.96,-0.26,0.35
0.437685,6.96,-0.26,0.35
0.4389,6.96,-0.26,0.35
0.440076,6.96,-0.26,0.35
0.441254,6.96,-0.26,0.35
0.442428,6.96,-0.26,0.35
0.443687,6.96,-0.26,0.35
0.444911,6.96,-0.26,0.35
0.446169,6.96,-0.26,0.35
0.447471,6.96,-0.26,0.35
0.448655,6.96,-0.26,0.35
0.449914,6.96,-0.26,0.35
0.451199,6.96,-0.26,0.35
0.452644,6.96,-0.26,0.35
0.453844,6.96,-0.26,0.35
0.455095,6.96,-0.26,0.35
0.456278,6.96,-0.26,0.35
0.457456,6.96,-0.26,0.35
0.458676,6.96,-0.26,0.35
0.460176,6.96,-0.26,0.35
0.46147,6.96,-0.26,0.35
0.462705,6.96,-0.26,0.35
0.464225,6.96,-0.26,0.35
0.465517,7.68,-0.5,0.35
0.46676,7.68,-0.5,0.35
0.467949,7.68,-0.5,0.35
0.46913,7.68,-0.5,0.35
0.470311,7.68,-0.5,0.35
0.471545,7.68,-0.5,0.35
0.472737,7.68,-0.5,0.35
0.474009,7.68,-0.5,0.35
0.475596,7.68,-0.5,0.35
0.476806,7.68,-0.5,0.35
0.478062,7.68,-0.5,0.35
0.479382,7.68,-0.5,0.35
0.480565,7.92,-0.26,0.35
0.481823,7.92,-0.26,0.35
0.48309,7.92,-0.26,0.35
0.484304,7.92,-0.26,0.35
0.48547,7.92,-0.26,0.35
0.48669,7.92,-0.26,0.35
0.487877,7.92,-0.26,0.35
0.489053,7.92,-0.26,0.35
0.490224,7.92,-0.26,0.35
0.491531,7.92,-0.26,0.35
0.492737,7.92,-0.26,0.35
0.493993,7.92,-0.26,0.35
0.495299,7.92,-0.26,0.35
0.49647,8.4,-0.26,0.35
0.49772,8.4,-0.26,0.35
0.498947,8.4,-0.26,0.35
0.500138,8.4,-0.26,0.35
0.501309,8.4,-0.26,0.35
0.502486,8.4,-0.26,0.35
0.503718,8.4,-0.26,0.35
0.504894,8.4,-0.26,0.35
0.506332,8.4,-0.26,0.35
0.507638,8.4,-0.26,0.35
0.508846,8.4,-0.26,0.35
0.510115,8.4,-0.26,0.35
0.51144,8.4,-0.26,0.35
0.512647,8.88,-0.26,0.11
0.513933,8.88,-0.26,0.11
0.515143,8.88,-0.26,0.11
0.51632,8.88,-0.26,0.11
0.517498,8.88,-0.26,0.11
0.51873,8.88,-0.26,0.11
0.519912,8.88,-0.26,0.11
0.521155,8.88,-0.26,0.11
0.522335,8.88,-0.26,0.11
0.523652,8.88,-0.26,0.11
0.524871,8.88,-0.26,0.11
0.52613,8.88,-0.26,0.11
0.527467,8.88,-0.26,0.11
0.528661,8.88,-0.26,0.35
0.529954,8.88,-0.26,0.35
0.531194,8.88,-0.26,0.35
0.532371,8.88,-0.26,0.35
0.533548,8.88,-0.26,0.35
0.534821,8.88,-0.26,0.35
0.536001,8.88,-0.26,0.35
0.537193,8.88,-0.26,0.35
0.538367,8.88,-0.26,0.35
0.539695,8.88,-0.26,0.35
0.540909,8.88,-0.26,0.35
0.542213,8.88,-0.26,0.35
0.543768,8.88,-0.26,0.35
0.545288,9.12,-0.26,0.35
0.546934,9.12,-0.26,0.35
0.54823,9.12,-0.26,0.35
0.54949,9.12,-0.26,0.35
0.550783,9.12,-0.26,0.35
0.552039,9.12,-0.26,0.35
0.553294,9.12,-0.26,0.35
0.554543,9.12,-0.26,0.35
0.555941,9.12,-0.26,0.35
0.557338,9.12,-0.26,0.35
0.558672,9.12,-0.26,0.35
0.56013,9.12,-0.26,0.35
0.561527,9.36,-0.26,0.35
0.562782,9.36,-0.26,0.35
0.563962,9.36,-0.26,0.35
0.565143,9.36,-0.26,0.35
0.566354,9.36,-0.26,0.35
0.567649,9.36,-0.26,0.35
0.56887,9.36,-0.26,0.35
0.570053,9.36,-0.26,0.35
0.571366,9.36,-0.26,0.35
0.572589,9.36,-0.26,0.35
0.57385,9.36,-0.26,0.35
0.57531,9.36,-0.26,0.35
0.576491,9.6,-0.26,0.35
0.577746,9.6,-0.26,0.35
0.578981,9.6,-0.26,0.35
0.580154,9.6,-0.26,0.35
0.58133,9.6,-0.26,0.35
0.582501,9.6,-0.26,0.35
0.583723,9.6,-0.26,0.35
0.584949,9.6,-0.26,0.35
0.586126,9.6,-0.26,0.35
0.58742,9.6,-0.26,0.35
0.588634,9.6,-0.26,0.35
0.589924,9.6,-0.26,0.35
0.591235,9.6,-0.26,0.35
0.592538,10.08,-0.26,0.35
0.593807,10.08,-0.26,0.35
0.595043,10.08,-0.26,0.35
0.596217,10.08,-0.26,0.35
0.597394,10.08,-0.26,0.35
0.598568,10.08,-0.26,0.35
0.599748,10.08,-0.26,0.35
0.600923,10.08,-0.26,0.35
0.602099,10.08,-0.26,0.35
0.603395,10.08,-0.26,0.35
0.604606,10.08,-0.26,0.35
0.605861,10.08,-0.26,0.35
0.607126,10.08,-0.26,0.35
0.608336,10.56,-0.26,0.35
0.609597,10.56,-0.26,0.35
0.610821,10.56,-0.26,0.35
0.61202,10.56,-0.26,0.35
0.613232,10.56,-0.26,0.35
0.61441,10.56,-0.26,0.35
0.615602,10.56,-0.26,0.35
0.61678,10.56,-0.26,0.35
0.617961,10.56,-0.26,0.35
0.619238,10.56,-0.26,0.35
0.620465,10.56,-0.26,0.35
0.621727,10.56,-0.26,0.35
0.622949,10.56,-0.26,0.35
0.624209,10.56,-0.26,0.35
0.625468,11.52,-0.26,0.35
0.626724,11.52,-0.26,0.35
0.627908,11.52,-0.26,0.35
0.629089,11.52,-0.26,0.35
0.630284,11.52,-0.26,0.35
0.631503,11.52,-0.26,0.35
0.632678,11.52,-0.26,0.35
0.633851,11.52,-0.26,0.35
0.635181,11.52,-0.26,0.35
0.636395,11.52,-0.26,0.35
0.637658,11.52,-0.26,0.35
0.638911,11.52,-0.26,0.35
0.640182,11.52,-0.26,0.35
0.641442,11.28,-0.26,0.11
0.642648,11.28,-0.26,0.11
0.643893,11.28,-0.26,0.11
0.645105,11.28,-0.26,0.11
0.646284,11.28,-0.26,0.11
0.647586,11.28,-0.26,0.11
0.648766,11.28,-0.26,0.11
0.649943,11.28,-0.26,0.11
0.651262,11.28,-0.26,0.11
0.652707,11.28,-0.26,0.11
0.653996,11.28,-0.26,0.11
0.655326,11.28,-0.26,0.11
0.656515,11.76,-0.26,0.35
0.657793,11.76,-0.26,0.35
0.659212,11.76,-0.26,0.35
0.660449,11.76,-0.26,0.35
0.661636,11.76,-0.26,0.35
0.66288,11.76,-0.26,0.35
0.664058,11.76,-0.26,0.35
0.665232,11.76,-0.26,0.35
0.66646,11.76,-0.26,0.35
0.667775,11.76,-0.26,0.35
0.669274,11.76,-0.26,0.35
0.670544,11.76,-0.26,0.35
0.671882,11.76,-0.26,0.35
0.673114,12,-0.26,0.11
0.674331,12,-0.26,0.11
0.675641,12,-0.26,0.11
0.677046,12,-0.26,0.11
0.678566,12,-0.26,0.11
0.679979,12,-0.26,0.11
0.681469,12,-0.26,0.11
0.682861,12,-0.26,0.11
0.684413,12,-0.26,0.11
0.685826,12,-0.26,0.11
0.687243,12,-0.26,0.11
0.688586,12,-0.26,0.11
0.689922,12,-0.26,0.11
0.691291,12,-0.26,0.11
0.692665,12,-0.26,0.11
0.694105,12,-0.26,0.11
0.695502,12,-0.26,0.11
0.696857,12,-0.26,0.11
0.698216,12,-0.26,0.11
0.699706,12,-0.26,0.11
0.701208,12.96,-0.26,0.35
0.702581,12.96,-0.26,0.35
0.704046,12.96,-0.26,0.35
0.70552,12.96,-0.26,0.35
0.706948,12.96,-0.26,0.35
0.708336,12.96,-0.26,0.35
0.709702,12.96,-0.26,0.35
0.711073,12.96,-0.26,0.35
0.71242,12.96,-0.26,0.35
0.713746,12.96,-0.26,0.35
0.715065,12.96,-0.26,0.35
0.716343,13.2,-0.02,0.11
0.717631,13.2,-0.02,0.11
0.718888,13.2,-0.02,0.11
0.720148,13.2,-0.02,0.11
0.721481,13.2,-0.02,0.11
0.722745,13.2,-0.02,0.11
0.723951,13.2,-0.02,0.11
0.725128,13.2,-0.02,0.11
0.72633,13.2,-0.02,0.11
0.727585,13.2,-0.02,0.11
0.728767,13.2,-0.02,0.11
0.729976,13.2,-0.02,0.11
0.731313,13.2,-0.02,0.11
0.732488,13.44,-0.26,0.11
0.73374,13.44,-0.26,0.11
0.735016,13.44,-0.26,0.11
0.736322,13.44,-0.26,0.11
0.737578,13.44,-0.26,0.11
0.738876,13.44,-0.26,0.11
0.740041,13.44,-0.26,0.11
0.741213,13.44,-0.26,0.11
0.742383,13.44,-0.26,0.11
0.74362,13.44,-0.26,0.11
0.744818,13.44,-0.26,0.11
0.746033,13.44,-0.26,0.11
0.747367,13.44,-0.26,0.11
0.748546,13.92,-0.26,0.35
0.749808,13.92,-0.26,0.35
0.751071,13.92,-0.26,0.35
0.752333,13.92,-0.26,0.35
0.753592,13.92,-0.26,0.35
0.754893,13.92,-0.26,0.35
0.756063,13.92,-0.26,0.35
0.757232,13.92,-0.26,0.35
0.758399,13.92,-0.26,0.35
0.759655,13.92,-0.26,0.35
0.760829,13.92,-0.26,0.35
0.761998,13.92,-0.26,0.35
0.763278,13.92,-0.26,0.35
0.76445,14.16,-0.26,0.11
0.765703,14.16,-0.26,0.11
0.766924,14.16,-0.26,0.11
0.768176,14.16,-0.26,0.11
0.769459,14.16,-0.26,0.11
0.77065,14.16,-0.26,0.11
0.771845,14.16,-0.26,0.11
0.773019,14.16,-0.26,0.11
0.774193,14.16,-0.26,0.11
0.775376,14.16,-0.26,0.11
0.77674,14.16,-0.26,0.11
0.777992,14.16,-0.26,0.11
0.779459,14.16,-0.26,0.11
0.781003,14.16,-0.26,0.35
0.78239,14.16,-0.26,0.35
0.783795,14.16,-0.26,0.35
0.785196,14.16,-0.26,0.35
0.786448,14.16,-0.26,0.35
0.787799,14.16,-0.26,0.35
0.789072,14.16,-0.26,0.35
0.790369,14.16,-0.26,0.35
0.791721,14.16,-0.26,0.35
0.793149,14.16,-0.26,0.35
0.794424,14.16,-0.26,0.35
0.795847,14.16,-0.26,0.35
0.797187,14.88,-0.02,0.11
0.798479,14.88,-0.02,0.11
0.799865,14.88,-0.02,0.11
0.801282,14.88,-0.02,0.11
0.802855,14.88,-0.02,0.11
0.804491,14.88,-0.02,0.11
0.805823,14.88,-0.02,0.11
0.807141,14.88,-0.02,0.11
0.808401,14.88,-0.02,0.11
0.809656,14.88,-0.02,0.11
0.810956,14.88,-0.02,0.11
0.812294,14.88,-0.02,0.11
0.813592,15.36,-0.26,0.35
0.814916,15.36,-0.26,0.35
0.816236,15.36,-0.26,0.35
0.817591,15.36,-0.26,0.35
0.818905,15.36,-0.26,0.35
0.820104,15.36,-0.26,0.35
0.821303,15.36,-0.26,0.35
0.822479,15.36,-0.26,0.35
0.823716,15.36,-0.26,0.35
0.82492,15.36,-0.26,0.35
0.826397,15.36,-0.26,0.35
0.827736,15.36,-0.26,0.35
0.828915,15.6,-0.26,0.35
0.830179,15.6,-0.26,0.35
0.831514,15.6,-0.26,0.35
0.832731,15.6,-0.26,0.35
0.834021,15.6,-0.26,0.35
0.835286,15.6,-0.26,0.35
0.836462,15.6,-0.26,0.35
0.837633,15.6,-0.26,0.35
0.838866,15.6,-0.26,0.35
0.840059,15.6,-0.26,0.35
0.841237,15.6,-0.26,0.35
0.842416,15.6,-0.26,0.35
0.843744,15.6,-0.26,0.35
0.844919,15.84,-0.26,0.35
0.846177,15.84,-0.26,0.35
0.847534,15.84,-0.26,0.35
0.848793,15.84,-0.26,0.35
0.850058,15.84,-0.26,0.35
0.851295,15.84,-0.26,0.35
0.852779,15.84,-0.26,0.35
0.853998,15.84,-0.26,0.35
0.855233,15.84,-0.26,0.35
0.856407,15.84,-0.26,0.35
0.857584,15.84,-0.26,0.35
0.858916,15.84,-0.26,0.35
0.860353,15.84,-0.26,0.35
0.861607,16.56,-0.26,0.35
0.862818,16.56,-0.26,0.35
0.864072,16.56,-0.26,0.35
0.865359,16.56,-0.26,0.35
0.866531,16.56,-0.26,0.35
0.867755,16.56,-0.26,0.35
0.868928,16.56,-0.26,0.35
0.870101,16.56,-0.26,0.35
0.871315,16.56,-0.26,0.35
0.872492,16.56,-0.26,0.35
0.873671,16.56,-0.26,0.35
0.874856,16.56,-0.26,0.35
0.876133,16.56,-0.26,0.35
0.877392,16.8,-0.26,0.11
0.87857,16.8,-0.26,0.11
0.879834,16.8,-0.26,0.11
0.881052,16.8,-0.26,0.11
0.882299,16.8,-0.26,0.11
0.883535,16.8,-0.26,0.11
0.884743,16.8,-0.26,0.11
0.885933,16.8,-0.26,0.11
0.887153,16.8,-0.26,0.11
0.888328,16.8,-0.26,0.11
0.889506,16.8,-0.26,0.11
0.890723,16.8,-0.26,0.11
0.891987,16.8,-0.26,0.11
0.893246,16.8,-0.26,0.11
0.89444,16.8,-0.26,0.11
0.895768,16.8,-0.26,0.11
0.896985,16.8,-0.26,0.11
0.898274,16.8,-0.26,0.11
0.899487,16.8,-0.26,0.11
0.900662,16.8,-0.26,0.11
0.90183,16.8,-0.26,0.11
0.90301,16.8,-0.26,0.11
0.904198,16.8,-0.26,0.11
0.905372,16.8,-0.26,0.11
0.906544,16.8,-0.26,0.11
0.908007,16.8,-0.26,0.11
0.909263,17.04,-0.26,0.35
0.910436,17.04,-0.26,0.35
0.911762,17.04,-0.26,0.35
0.912989,17.04,-0.26,0.35
0.914281,17.04,-0.26,0.35
0.915528,17.04,-0.26,0.35
0.916707,17.04,-0.26,0.35
0.917882,17.04,-0.26,0.35
0.919117,17.04,-0.26,0.35
0.920298,17.04,-0.26,0.35
0.921558,17.04,-0.26,0.35
0.92281,17.04,-0.26,0.35
0.924075,17.04,-0.26,0.35
0.925333,18,-0.26,0.11
0.92651,18,-0.26,0.11
0.927826,18,-0.26,0.11
0.929047,18,-0.26,0.11
0.930376,18,-0.26,0.11
0.93163,18,-0.26,0.11
0.932807,18,-0.26,0.11
0.933985,18,-0.26,0.11
0.935241,18,-0.26,0.11
0.936419,18,-0.26,0.11
0.937676,18,-0.26,0.11
0.938895,18,-0.26,0.11
0.940185,18,-0.26,0.11
0.941445,18,-0.26,0.35
0.942624,18,-0.26,0.35
0.943889,18,-0.26,0.35
0.945169,18,-0.26,0.35
0.946359,18,-0.26,0.35
0.947574,18,-0.26,0.35
0.948764,18,-0.26,0.35
0.949937,18,-0.26,0.35
0.951183,18,-0.26,0.35
0.952357,18,-0.26,0.35
0.953538,18,-0.26,0.35
0.954771,18,-0.26,0.35
0.956026,18,-0.26,0.35
0.957284,18.48,-0.26,0.11
0.958468,18.48,-0.26,0.11
0.959778,18.48,-0.26,0.11
0.960988,18.48,-0.26,0.11
0.962249,18.48,-0.26,0.11
0.963469,18.48,-0.26,0.11
0.964644,18.48,-0.26,0.11
0.965816,18.48,-0.26,0.11
0.967004,18.48,-0.26,0.11
0.968178,18.48,-0.26,0.11
0.969354,18.48,-0.26,0.11
0.970529,18.48,-0.26,0.11
0.971873,18.48,-0.26,0.11
0.973079,19.2,-0.26,0.11
0.97431,19.2,-0.26,0.11
0.975952,19.2,-0.26,0.11
0.977294,19.2,-0.26,0.11
0.97847,19.2,-0.26,0.11
0.979707,19.2,-0.26,0.11
0.980882,19.2,-0.26,0.11
0.982057,19.2,-0.26,0.11
0.983316,19.2,-0.26,0.11
0.98449,19.2,-0.26,0.11
0.985702,19.2,-0.26,0.11
0.987392,19.2,-0.26,0.11
0.988557,19.2,-0.26,0.35
0.989845,19.2,-0.26,0.35
0.991124,19.2,-0.26,0.35
0.992357,19.2,-0.26,0.35
0.993609,19.2,-0.26,0.35
0.994877,19.2,-0.26,0.35
0.996045,19.2,-0.26,0.35
0.997209,19.2,-0.26,0.35
0.998376,19.2,-0.26,0.35
0.999601,19.2,-0.26,0.35
1.000769,19.2,-0.26,0.35
1.00195,19.2,-0.26,0.35
1.00327,19.2,-0.26,0.35
1.004464,19.92,-0.26,0.11
1.005724,19.92,-0.26,0.11
1.006956,19.92,-0.26,0.11
1.008218,19.92,-0.26,0.11
1.009495,19.92,-0.26,0.11
1.010718,19.92,-0.26,0.11
1.011898,19.92,-0.26,0.11
1.013089,19.92,-0.26,0.11
1.014298,19.92,-0.26,0.11
1.015511,19.92,-0.26,0.11
1.016691,19.92,-0.26,0.11
1.017869,19.92,-0.26,0.11
1.019151,19.92,-0.26,0.11
1.02034,20.64,-0.26,0.35
1.021615,20.64,-0.26,0.35
1.022835,20.64,-0.26,0.35
1.024095,20.64,-0.26,0.35
1.025377,20.64,-0.26,0.35
1.026557,20.64,-0.26,0.35
1.030344,20.64,-0.26,0.35
1.031599,20.64,-0.26,0.35
1.032778,20.64,-0.26,0.35
1.033974,20.64,-0.26,0.35
1.035302,20.64,-0.26,0.35
1.036481,20.64,-0.26,0.35
1.037741,20.64,-0.26,0.35
1.038975,20.64,-0.26,0.35
1.040252,20.64,-0.26,0.35
1.041529,20.64,-0.26,0.35
1.042814,20.64,-0.26,0.35
1.043991,20.64,-0.26,0.35
1.045199,20.64,-0.26,0.35
1.046373,20.64,-0.26,0.35
1.047655,20.64,-0.26,0.35
1.04884,20.64,-0.26,0.35
1.050021,20.64,-0.26,0.35
1.051336,20.64,-0.26,0.35
1.052836,20.88,-0.26,0.11
1.054115,20.88,-0.26,0.11
1.05544,20.88,-0.26,0.11
1.056653,20.88,-0.26,0.11
1.057948,20.88,-0.26,0.11
1.059385,20.88,-0.26,0.11
1.06057,20.88,-0.26,0.11
1.061763,20.88,-0.26,0.11
1.063009,20.88,-0.26,0.11
1.06418,20.88,-0.26,0.11
1.065346,20.88,-0.26,0.11
1.066518,20.88,-0.26,0.11
1.067838,20.88,-0.26,0.11
1.069021,21.84,-0.26,0.35
1.070432,21.84,-0.26,0.35
1.071748,21.84,-0.26,0.35
1.072996,21.84,-0.26,0.35
1.074257,21.84,-0.26,0.35
1.075499,21.84,-0.26,0.35
1.076822,21.84,-0.26,0.35
1.077999,21.84,-0.26,0.35
1.079192,21.84,-0.26,0.35
1.080384,21.84,-0.26,0.35
1.081562,21.84,-0.26,0.35
1.082753,21.84,-0.26,0.35
1.084011,21.84,-0.26,0.35
1.085302,22.08,-0.26,0.35
1.08648,22.08,-0.26,0.35
1.087744,22.08,-0.26,0.35
1.088972,22.08,-0.26,0.35
1.090229,22.08,-0.26,0.35
1.091411,22.08,-0.26,0.35
1.092588,22.08,-0.26,0.35
1.093764,22.08,-0.26,0.35
1.09495,22.08,-0.26,0.35
1.096129,22.08,-0.26,0.35
1.097318,22.08,-0.26,0.35
1.0985,22.08,-0.26,0.35
1.099761,22.08,-0.26,0.35
1.100933,22.08,-0.26,0.35
1.102182,22.08,-0.26,0.35
1.103492,22.08,-0.26,0.35
1.104701,22.08,-0.26,0.35
1.105951,22.08,-0.26,0.35
1.107171,22.08,-0.26,0.35
1.108607,22.08,-0.26,0.35
1.109776,22.08,-0.26,0.35
1.111016,22.08,-0.26,0.35
1.11219,22.08,-0.26,0.35
1.113369,22.08,-0.26,0.35
1.114571,22.08,-0.26,0.35
1.115889,22.08,-0.26,0.35
1.117113,22.32,-0.26,0.35
1.118322,22.32,-0.26,0.35
1.119638,22.32,-0.26,0.35
1.120874,22.32,-0.26,0.35
1.122165,22.32,-0.26,0.35
1.123412,22.32,-0.26,0.35
1.124572,22.32,-0.26,0.35
1.125759,22.32,-0.26,0.35
1.126992,22.32,-0.26,0.35
1.128166,22.32,-0.26,0.35
1.129347,22.32,-0.26,0.35
1.130562,22.32,-0.26,0.35
1.131872,22.32,-0.26,0.35
1.133048,22.56,-0.26,0.11
1.134347,22.56,-0.26,0.11
1.135699,22.56,-0.26,0.11
1.136906,22.56,-0.26,0.11
1.138158,22.56,-0.26,0.11
1.139336,22.56,-0.26,0.11
1.14051,22.56,-0.26,0.11
1.141688,22.56,-0.26,0.11
1.142887,22.56,-0.26,0.11
1.144342,22.56,-0.26,0.11
1.145927,22.56,-0.26,0.11
1.147394,22.56,-0.26,0.11
1.148666,22.56,-0.26,0.35
1.150003,22.56,-0.26,0.35
1.151426,22.56,-0.26,0.35
1.152718,22.56,-0.26,0.35
1.154079,22.56,-0.26,0.35
1.155438,22.56,-0.26,0.35
1.156685,22.56,-0.26,0.35
1.157935,22.56,-0.26,0.35
1.15943,22.56,-0.26,0.35
1.161184,22.56,-0.26,0.35
1.162535,22.56,-0.26,0.35
1.163935,22.56,-0.26,0.35
1.165237,23.28,-0.5,0.11
1.166489,23.28,-0.5,0.11
1.167844,23.28,-0.5,0.11
1.16916,23.28,-0.5,0.11
1.170574,23.28,-0.5,0.11
1.172011,23.28,-0.5,0.11
1.173272,23.28,-0.5,0.11
1.174475,23.28,-0.5,0.11
1.17572,23.28,-0.5,0.11
1.176956,23.28,-0.5,0.11
1.178129,23.28,-0.5,0.11
1.179527,23.28,-0.5,0.11
1.180744,23.28,-0.26,0.11
1.18201,23.28,-0.26,0.11
1.183338,23.28,-0.26,0.11
1.184541,23.28,-0.26,0.11
1.185842,23.28,-0.26,0.11
1.187057,23.28,-0.26,0.11
1.188237,23.28,-0.26,0.11
1.189411,23.28,-0.26,0.11
1.190648,23.28,-0.26,0.11
1.191845,23.28,-0.26,0.11
1.19328,23.28,-0.26,0.11
1.194459,23.28,-0.26,0.11
1.195788,23.28,-0.26,0.11
1.196964,23.76,-0.26,0.35
1.198216,23.76,-0.26,0.35
1.199521,23.76,-0.26,0.35
1.200742,23.76,-0.26,0.35
1.202017,23.76,-0.26,0.35
1.203251,23.76,-0.26,0.35
1.204428,23.76,-0.26,0.35
1.205602,23.76,-0.26,0.35
1.206826,23.76,-0.26,0.35
1.207996,23.76,-0.26,0.35
1.209167,23.76,-0.26,0.35
1.210392,23.76,-0.26,0.35
1.21172,23.76,-0.26,0.35
1.212895,24.48,-0.26,0.35
1.214192,24.48,-0.26,0.35
1.215505,24.48,-0.26,0.35
1.216712,24.48,-0.26,0.35
1.217971,24.48,-0.26,0.35
1.219219,24.48,-0.26,0.35
1.220397,24.48,-0.26,0.35
1.221574,24.48,-0.26,0.35
1.222791,24.48,-0.26,0.35
1.223968,24.48,-0.26,0.35
1.225149,24.48,-0.26,0.35
1.22636,24.48,-0.26,0.35
1.227678,24.48,-0.26,0.35
1.228867,24.48,-0.26,0.35
1.230119,24.48,-0.26,0.35
1.231433,24.48,-0.26,0.35
1.232644,24.48,-0.26,0.35
1.233908,24.48,-0.26,0.35
1.23517,24.48,-0.26,0.35
1.236366,24.48,-0.26,0.35
1.237561,24.48,-0.26,0.35
1.238778,24.48,-0.26,0.35
1.240022,24.48,-0.26,0.35
1.241199,24.48,-0.26,0.35
1.242373,24.48,-0.26,0.35
1.243643,24.48,-0.26,0.35
1.24482,24.48,-0.02,0.35
1.246098,24.48,-0.02,0.35
1.247402,24.48,-0.02,0.35
1.248656,24.48,-0.02,0.35
1.249917,24.48,-0.02,0.35
1.25115,24.48,-0.02,0.35
1.252562,24.48,-0.02,0.35
1.253767,24.48,-0.02,0.35
1.255007,24.48,-0.02,0.35
1.256202,24.48,-0.02,0.35
1.257376,24.48,-0.02,0.35
1.258656,24.48,-0.02,0.35
1.260122,24.48,-0.02,0.35
1.26142,25.2,-0.26,0.11
1.262626,25.2,-0.26,0.11
1.263926,25.2,-0.26,0.11
1.265232,25.2,-0.26,0.11
1.266404,25.2,-0.26,0.11
1.267639,25.2,-0.26,0.11
1.268819,25.2,-0.26,0.11
1.270031,25.2,-0.26,0.11
1.271343,25.2,-0.26,0.11
1.272509,25.2,-0.26,0.11
1.27368,25.2,-0.26,0.11
1.274938,25.2,-0.26,0.11
1.276197,25.2,-0.26,0.11
1.277454,25.68,-0.26,0.35
1.278735,25.68,-0.26,0.35
1.280482,25.68,-0.26,0.35
1.281976,25.68,-0.26,0.35
1.283356,25.68,-0.26,0.35
1.284635,25.68,-0.26,0.35
1.285918,25.68,-0.26,0.35
1.287212,25.68,-0.26,0.35
1.288459,25.68,-0.26,0.35
1.289701,25.68,-0.26,0.35
1.291007,25.68,-0.26,0.35
1.292423,25.92,-0.26,0.11
1.293948,25.92,-0.26,0.11
1.295467,25.92,-0.26,0.11
1.297123,25.92,-0.26,0.11
1.298634,25.92,-0.26,0.11
1.299929,25.92,-0.26,0.11
1.301181,25.92,-0.26,0.11
1.302436,25.92,-0.26,0.11
1.303759,25.92,-0.26,0.11
1.305153,25.92,-0.26,0.11
1.306412,25.92,-0.26,0.11
1.307828,25.92,-0.26,0.11
1.309456,27.12,-0.26,0.35
1.310853,27.12,-0.26,0.35
1.312183,27.12,-0.26,0.35
1.31349,27.12,-0.26,0.35
1.314826,27.12,-0.26,0.35
1.316081,27.12,-0.26,0.35
1.31733,27.12,-0.26,0.35
1.318582,27.12,-0.26,0.35
1.319868,27.12,-0.26,0.35
1.321384,27.12,-0.26,0.35
1.322777,27.12,-0.26,0.35
1.324229,27.12,-0.26,0.35
1.325714,27.12,-0.26,0.11
1.327271,27.12,-0.26,0.11
1.32866,27.12,-0.26,0.11
1.330123,27.12,-0.26,0.11
1.331534,27.12,-0.26,0.11
1.332858,27.12,-0.26,0.11
1.334161,27.12,-0.26,0.11
1.335583,27.12,-0.26,0.11
1.336886,27.12,-0.26,0.11
1.338176,27.12,-0.26,0.11
1.339576,27.12,-0.26,0.11
1.340899,27.36,-0.26,0.35
1.342299,27.36,-0.26,0.35
1.343708,27.36,-0.26,0.35
1.345124,27.36,-0.26,0.35
1.34644,27.36,-0.26,0.35
1.347768,27.36,-0.26,0.35
1.349056,27.36,-0.26,0.35
1.350343,27.36,-0.26,0.35
1.351754,27.36,-0.26,0.35
1.353076,27.36,-0.26,0.35
1.354379,27.36,-0.26,0.35
1.35581,27.36,-0.26,0.35
1.357176,27.84,-0.26,0.11
1.358484,27.84,-0.26,0.11
1.35991,27.84,-0.26,0.11
1.361327,27.84,-0.26,0.11
1.36275,27.84,-0.26,0.11
1.364091,27.84,-0.26,0.11
1.365471,27.84,-0.26,0.11
1.366806,27.84,-0.26,0.11
1.36806,27.84,-0.26,0.11
1.369311,27.84,-0.26,0.11
1.370564,27.84,-0.26,0.11
1.371953,27.84,-0.26,0.11
1.373297,28.32,-0.26,0.35
1.374573,28.32,-0.26,0.35
1.375976,28.32,-0.26,0.35
1.377342,28.32,-0.26,0.35
1.378589,28.32,-0.26,0.35
1.379933,28.32,-0.26,0.35
1.381189,28.32,-0.26,0.35
1.382446,28.32,-0.26,0.35
1.383776,28.32,-0.26,0.35
1.385057,28.32,-0.26,0.35
1.386345,28.32,-0.26,0.35
1.387745,28.32,-0.26,0.35
1.389005,28.56,-0.26,0.35
1.390382,28.56,-0.26,0.35
1.391764,28.56,-0.26,0.35
1.393107,28.56,-0.26,0.35
1.394413,28.56,-0.26,0.35
1.39568,28.56,-0.26,0.35
1.396862,28.56,-0.26,0.35
1.398033,28.56,-0.26,0.35
1.399283,28.56,-0.26,0.35
1.400457,28.56,-0.26,0.35
1.401633,28.56,-0.26,0.35
1.402887,28.56,-0.26,0.35
1.404151,28.56,-0.26,0.35
1.405416,28.8,-0.26,0.35
1.40659,28.8,-0.26,0.35
1.408075,28.8,-0.26,0.35
1.409371,28.8,-0.26,0.35
1.410546,28.8,-0.26,0.35
1.411785,28.8,-0.26,0.35
1.412973,28.8,-0.26,0.35
1.414179,28.8,-0.26,0.35
1.415383,28.8,-0.26,0.35
1.41655,28.8,-0.26,0.35
1.417717,28.8,-0.26,0.35
1.418922,28.8,-0.26,0.35
1.420175,28.8,-0.26,0.35
1.421444,29.04,-0.26,0.11
1.422651,29.04,-0.26,0.11
1.423896,29.04,-0.26,0.11
1.425163,29.04,-0.26,0.11
1.426349,29.04,-0.26,0.11
1.427555,29.04,-0.26,0.11
1.42872,29.04,-0.26,0.11
1.429888,29.04,-0.26,0.11
1.43108,29.04,-0.26,0.11
1.432244,29.04,-0.26,0.11
1.433416,29.04,-0.26,0.11
1.434581,29.04,-0.26,0.11
1.435904,29.04,-0.26,0.11
1.437114,29.76,-0.26,0.35
1.438308,29.76,-0.26,0.35
1.439608,29.76,-0.26,0.35
1.440814,29.76,-0.26,0.35
1.442062,29.76,-0.26,0.35
1.443272,29.76,-0.26,0.35
1.444441,29.76,-0.26,0.35
1.445611,29.76,-0.26,0.35
1.446815,29.76,-0.26,0.35
1.44803,29.76,-0.26,0.35
1.449203,29.76,-0.26,0.35
1.450381,29.76,-0.26,0.35
1.451716,29.76,-0.26,0.35
1.453253,29.76,-0.26,0.35
1.454426,29.76,-0.26,0.35
1.455741,29.76,-0.26,0.35
1.45695,29.76,-0.26,0.35
1.458219,29.76,-0.26,0.35
1.459702,29.76,-0.26,0.35
1.460878,29.76,-0.26,0.35
1.462049,29.76,-0.26,0.35
1.463303,29.76,-0.26,0.35
1.464477,29.76,-0.26,0.35
1.465653,29.76,-0.26,0.35
1.466918,29.76,-0.26,0.35
1.468177,29.76,-0.26,0.35
1.469438,28.8,-0.26,0.35
1.470653,28.8,-0.26,0.35
1.471935,28.8,-0.26,0.35
1.473219,28.8,-0.26,0.35
1.474393,28.8,-0.26,0.35
1.47567,28.8,-0.26,0.35
1.476843,28.8,-0.26,0.35
1.478013,28.8,-0.26,0.35
1.47926,28.8,-0.26,0.35
1.480432,28.8,-0.26,0.35
1.481605,28.8,-0.26,0.35
1.48285,28.8,-0.26,0.35
1.484107,28.8,-0.26,0.35
1.485378,30.24,-0.26,0.35
1.486588,30.24,-0.26,0.35
1.488203,30.24,-0.26,0.35
1.489611,30.24,-0.26,0.35
1.490846,30.24,-0.26,0.35
1.492022,30.24,-0.26,0.35
1.493196,30.24,-0.26,0.35
1.494376,30.24,-0.26,0.35
1.495622,30.24,-0.26,0.35
1.496797,30.24,-0.26,0.35
1.497977,30.24,-0.26,0.35
1.499498,30.24,-0.26,0.35
1.500678,30.72,-0.02,0.35
1.501937,30.72,-0.02,0.35
1.50326,30.72,-0.02,0.35
1.504486,30.72,-0.02,0.35
1.505747,30.72,-0.02,0.35
1.507015,30.72,-0.02,0.35
1.508193,30.72,-0.02,0.35
1.509525,30.72,-0.02,0.35
1.510868,30.72,-0.02,0.35
1.512087,30.72,-0.02,0.35
1.513279,30.72,-0.02,0.35
1.514494,30.72,-0.02,0.35
1.515842,30.72,-0.02,0.35
1.517017,31.2,-0.26,0.11
1.518268,31.2,-0.26,0.11
1.519598,31.2,-0.26,0.11
1.520837,31.2,-0.26,0.11
1.522139,31.2,-0.26,0.11
1.523388,31.2,-0.26,0.11
1.524556,31.2,-0.26,0.11
1.525719,31.2,-0.26,0.11
1.526946,31.2,-0.26,0.11
1.52812,31.2,-0.26,0.11
1.529297,31.2,-0.26,0.11
1.530506,31.2,-0.26,0.11
1.531847,31.2,-0.26,0.11
1.533013,31.44,-0.26,0.11
1.534264,31.44,-0.26,0.11
1.535572,31.44,-0.26,0.11
1.536817,31.44,-0.26,0.11
1.538072,31.44,-0.26,0.11
1.539301,31.44,-0.26,0.11
1.540483,31.44,-0.26,0.11
1.541865,31.44,-0.26,0.11
1.543156,31.44,-0.26,0.11
1.544411,31.44,-0.26,0.11
1.545701,31.44,-0.26,0.11
1.547063,31.44,-0.26,0.11
1.548371,31.68,-0.26,0.35
1.549746,31.68,-0.26,0.35
1.551115,31.68,-0.26,0.35
1.552443,31.68,-0.26,0.35
1.553788,31.68,-0.26,0.35
1.55511,31.68,-0.26,0.35
1.556371,31.68,-0.26,0.35
1.557628,31.68,-0.26,0.35
1.558928,31.68,-0.26,0.35
1.560205,31.68,-0.26,0.35
1.56146,31.68,-0.26,0.35
1.562769,31.68,-0.26,0.35
1.564104,31.68,-0.26,0.35
1.565478,32.16,-0.26,0.35
1.566795,32.16,-0.26,0.35
1.568137,32.16,-0.26,0.35
1.569534,32.16,-0.26,0.35
1.570868,32.16,-0.26,0.35
1.572128,32.16,-0.26,0.35
1.573387,32.16,-0.26,0.35
1.574714,32.16,-0.26,0.35
1.575979,32.16,-0.26,0.35
1.577372,32.16,-0.26,0.35
1.578668,32.16,-0.26,0.35
1.580035,32.16,-0.26,0.35
1.581372,32.4,-0.26,0.11
1.58267,32.4,-0.26,0.11
1.58402,32.4,-0.26,0.11
1.585383,32.4,-0.26,0.11
1.586746,32.4,-0.26,0.11
1.588001,32.4,-0.26,0.11
1.589284,32.4,-0.26,0.11
1.590584,32.4,-0.26,0.11
1.591895,32.4,-0.26,0.11
1.593154,32.4,-0.26,0.11
1.594405,32.4,-0.26,0.11
1.595796,32.4,-0.26,0.11
1.597114,32.64,-0.26,0.35
1.59843,32.64,-0.26,0.35
1.599817,32.64,-0.26,0.35
1.601191,32.64,-0.26,0.35
1.602456,32.64,-0.26,0.35
1.603769,32.64,-0.26,0.35
1.605023,32.64,-0.26,0.35
1.606271,32.64,-0.26,0.35
1.607588,32.64,-0.26,0.35
1.60887,32.64,-0.26,0.35
1.61012,32.64,-0.26,0.35
1.611524,32.64,-0.26,0.35
1.612794,32.88,-0.26,0.11
1.614278,32.88,-0.26,0.11
1.615667,32.88,-0.26,0.11
1.616959,32.88,-0.26,0.11
1.618314,32.88,-0.26,0.11
1.619605,32.88,-0.26,0.11
1.62086,32.88,-0.26,0.11
1.622118,32.88,-0.26,0.11
1.623427,32.88,-0.26,0.11
1.624688,32.88,-0.26,0.11
1.625947,32.88,-0.26,0.11
1.627367,32.88,-0.26,0.11
1.628626,33.6,-0.26,0.35
1.629962,33.6,-0.26,0.35
1.631363,33.6,-0.26,0.35
1.632649,33.6,-0.26,0.35
1.633984,33.6,-0.26,0.35
1.635296,33.6,-0.26,0.35
1.636589,33.6,-0.26,0.35
1.637866,33.6,-0.26,0.35
1.639177,33.6,-0.26,0.35
1.640402,33.6,-0.26,0.35
1.641582,33.6,-0.26,0.35
1.642815,33.6,-0.26,0.35
1.644074,33.6,-0.26,0.35
1.64533,34.08,-0.26,0.11
1.646523,34.08,-0.26,0.11
1.647841,34.08,-0.26,0.11
1.649149,34.08,-0.26,0.11
1.650332,34.08,-0.26,0.11
1.651581,34.08,-0.26,0.11
1.653063,34.08,-0.26,0.11
1.654238,34.08,-0.26,0.11
1.655474,34.08,-0.26,0.11
1.65666,34.08,-0.26,0.11
1.657828,34.08,-0.26,0.11
1.659234,34.08,-0.26,0.11
1.660446,34.8,-0.26,0.35
1.661705,34.8,-0.26,0.35
1.662943,34.8,-0.26,0.35
1.664217,34.8,-0.26,0.35
1.665504,34.8,-0.26,0.35
1.666768,34.8,-0.26,0.35
1.668243,34.8,-0.26,0.35
1.669808,34.8,-0.26,0.35
1.671253,34.8,-0.26,0.35
1.672509,34.8,-0.26,0.35
1.673762,34.8,-0.26,0.35
1.675115,34.8,-0.26,0.35
1.676325,34.8,-0.26,0.35
1.677586,34.8,-0.26,0.35
1.67882,34.8,-0.26,0.35
1.680061,34.8,-0.26,0.35
1.681353,34.8,-0.26,0.35
1.68253,34.8,-0.26,0.35
1.683759,34.8,-0.26,0.35
1.684959,34.8,-0.26,0.35
1.686166,34.8,-0.26,0.35
1.687377,34.8,-0.26,0.35
1.688558,34.8,-0.26,0.35
1.689735,34.8,-0.26,0.35
1.69095,34.8,-0.26,0.35
1.692214,34.8,-0.26,0.35
1.693482,35.04,-0.26,0.35
1.6947,35.04,-0.26,0.35
1.695961,35.04,-0.26,0.35
1.69725,35.04,-0.26,0.35
1.698418,35.04,-0.26,0.35
1.699647,35.04,-0.26,0.35
1.700819,35.04,-0.26,0.35
1.70204,35.04,-0.26,0.35
1.703274,35.04,-0.26,0.35
1.704451,35.04,-0.26,0.35
1.70562,35.04,-0.26,0.35
1.706834,35.04,-0.26,0.35
1.708094,35.04,-0.26,0.35
1.70935,35.76,-0.26,0.35
1.710813,35.76,-0.26,0.35
1.712091,35.76,-0.26,0.35
1.713379,35.76,-0.26,0.35
1.714587,35.76,-0.26,0.35
1.715803,35.76,-0.26,0.35
1.716979,35.76,-0.26,0.35
1.718152,35.76,-0.26,0.35
1.719388,35.76,-0.26,0.35
1.720576,35.76,-0.26,0.35
1.721824,35.76,-0.26,0.35
1.723196,35.76,-0.26,0.35
1.72439,36.24,-0.26,0.35
1.725652,36.24,-0.26,0.35
1.726868,36.24,-0.26,0.35
1.728124,36.24,-0.26,0.35
1.729413,36.24,-0.26,0.35
1.730671,36.24,-0.26,0.35
1.73184,36.24,-0.26,0.35
1.733013,36.24,-0.26,0.35
1.734186,36.24,-0.26,0.35
1.735392,36.24,-0.26,0.35
1.736596,36.24,-0.26,0.35
1.737766,36.24,-0.26,0.35
1.738968,36.24,-0.26,0.35
1.740224,36.24,-0.26,0.35
1.741549,36.24,-0.26,0.35
1.742756,36.24,-0.26,0.35
1.74424,36.24,-0.26,0.35
1.745798,36.24,-0.26,0.35
1.747241,36.24,-0.26,0.35
1.748535,36.24,-0.26,0.35
1.749783,36.24,-0.26,0.35
1.751099,36.24,-0.26,0.35
1.752346,36.24,-0.26,0.35
1.753594,36.24,-0.26,0.35
1.754929,36.24,-0.26,0.35
1.756265,36.24,-0.26,0.35
1.757597,36.48,-0.26,0.35
1.759009,36.48,-0.26,0.35
1.760847,36.48,-0.26,0.35
1.762287,36.48,-0.26,0.35
1.763805,36.48,-0.26,0.35
1.765181,36.48,-0.26,0.35
1.766437,36.48,-0.26,0.35
1.767732,36.48,-0.26,0.35
1.768981,36.48,-0.26,0.35
1.770266,36.48,-0.26,0.35
1.7716,36.48,-0.26,0.35
1.772843,36.96,-0.26,0.35
1.774143,36.96,-0.26,0.35
1.775449,36.96,-0.26,0.35
1.776701,36.96,-0.26,0.35
1.778018,36.96,-0.26,0.35
1.779315,36.96,-0.26,0.35
1.780916,36.96,-0.26,0.35
1.782206,36.96,-0.26,0.35
1.783523,36.96,-0.26,0.35
1.784772,36.96,-0.26,0.35
1.786127,36.96,-0.26,0.35
1.787563,36.96,-0.26,0.35
1.788848,37.68,-0.26,0.11
1.790217,37.68,-0.26,0.11
1.791611,37.68,-0.26,0.11
1.793046,37.68,-0.26,0.11
1.794536,37.68,-0.26,0.11
1.796003,37.68,-0.26,0.11
1.797319,37.68,-0.26,0.11
1.798634,37.68,-0.26,0.11
1.799914,37.68,-0.26,0.11
1.801162,37.68,-0.26,0.11
1.802409,37.68,-0.26,0.11
1.803779,37.68,-0.26,0.11
1.805028,37.68,-0.26,0.11
1.806385,37.68,-0.26,0.11
1.807944,37.68,-0.26,0.11
1.809293,37.68,-0.26,0.11
1.810464,37.68,-0.26,0.11
1.811694,37.68,-0.26,0.11
1.812873,37.68,-0.26,0.11
1.814073,37.68,-0.26,0.11
1.815366,37.68,-0.26,0.11
1.816537,37.68,-0.26,0.11
1.817767,37.68,-0.26,0.11
1.819004,37.68,-0.26,0.11
1.820374,37.68,-0.26,0.11
1.821634,37.68,-0.26,0.35
1.822872,37.68,-0.26,0.35
1.824136,37.68,-0.26,0.35
1.825429,37.68,-0.26,0.35
1.826857,37.68,-0.26,0.35
1.828175,37.68,-0.26,0.35
1.829357,37.68,-0.26,0.35
1.830535,37.68,-0.26,0.35
1.831766,37.68,-0.26,0.35
1.832943,37.68,-0.26,0.35
1.834125,37.68,-0.26,0.35
1.835447,37.68,-0.26,0.35
1.836739,38.64,-0.26,0.35
1.837997,38.64,-0.26,0.35
1.839313,38.64,-0.26,0.35
1.840523,38.64,-0.26,0.35
1.841772,38.64,-0.26,0.35
1.843005,38.64,-0.26,0.35
1.84418,38.64,-0.26,0.35
1.845396,38.64,-0.26,0.35
1.84657,38.64,-0.26,0.35
1.847838,38.64,-0.26,0.35
1.849045,38.64,-0.26,0.35
1.850215,38.64,-0.26,0.35
1.851538,38.64,-0.26,0.35
1.853087,38.88,-0.26,0.35
1.854363,38.88,-0.26,0.35
1.85569,38.88,-0.26,0.35
1.856901,38.88,-0.26,0.35
1.858161,38.88,-0.26,0.35
1.859706,38.88,-0.26,0.35
1.860987,38.88,-0.26,0.35
1.862235,38.88,-0.26,0.35
1.86354,38.88,-0.26,0.35
1.864803,38.88,-0.26,0.35
1.866041,38.88,-0.26,0.35
1.867397,38.88,-0.26,0.35
1.868572,39.12,-0.26,0.35
1.869828,39.12,-0.26,0.35
1.871086,39.12,-0.26,0.35
1.872379,39.12,-0.26,0.35
1.873647,39.12,-0.26,0.35
1.874865,39.12,-0.26,0.35
1.876035,39.12,-0.26,0.35
1.877202,39.12,-0.26,0.35
1.878374,39.12,-0.26,0.35
1.879581,39.12,-0.26,0.35
1.880754,39.12,-0.26,0.35
1.881925,39.12,-0.26,0.35
1.88323,39.12,-0.26,0.35
1.884408,39.6,-0.26,0.35
1.885664,39.6,-0.26,0.35
1.886878,39.6,-0.26,0.35
1.88813,39.6,-0.26,0.35
1.889422,39.6,-0.26,0.35
1.890599,39.6,-0.26,0.35
1.891792,39.6,-0.26,0.35
1.892963,39.6,-0.26,0.35
1.894135,39.6,-0.26,0.35
1.895317,39.6,-0.26,0.35
1.896491,39.6,-0.26,0.35
1.89766,39.6,-0.26,0.35
1.898841,39.6,-0.26,0.35
1.90012,39.6,-0.26,0.35
1.901371,39.6,-0.26,0.11
1.902571,39.6,-0.26,0.11
1.903865,39.6,-0.26,0.11
1.905118,39.6,-0.26,0.11
1.906312,39.6,-0.26,0.11
1.907524,39.6,-0.26,0.11
1.908724,39.6,-0.26,0.11
1.909909,39.6,-0.26,0.11
1.911384,39.6,-0.26,0.11
1.912556,39.6,-0.26,0.11
1.913761,39.6,-0.26,0.11
1.915065,39.6,-0.26,0.11
1.9163,40.08,-0.26,0.35
1.917558,40.08,-0.26,0.35
1.918807,40.08,-0.26,0.35
1.920099,40.08,-0.26,0.35
1.921443,40.08,-0.26,0.35
1.92269,40.08,-0.26,0.35
1.923876,40.08,-0.26,0.35
1.925042,40.08,-0.26,0.35
1.926209,40.08,-0.26,0.35
1.927471,40.08,-0.26,0.35
1.928644,40.08,-0.26,0.35
1.929884,40.08,-0.26,0.35
1.931226,40.08,-0.26,0.35
1.932399,40.32,-0.26,0.11
1.933653,40.32,-0.26,0.11
1.934886,40.32,-0.26,0.11
1.936146,40.32,-0.26,0.11
1.937539,40.32,-0.26,0.11
1.938738,40.32,-0.26,0.11
1.939909,40.32,-0.26,0.11
1.941079,40.32,-0.26,0.11
1.942247,40.32,-0.26,0.11
1.943424,40.32,-0.26,0.11
1.944594,40.32,-0.26,0.11
1.945778,40.32,-0.26,0.11
1.946952,40.32,-0.26,0.11
1.948221,40.32,-0.26,0.11
1.949469,40.8,-0.26,0.11
1.950681,40.8,-0.26,0.11
1.95193,40.8,-0.26,0.11
1.953215,40.8,-0.26,0.11
1.95438,40.8,-0.26,0.11
1.955602,40.8,-0.26,0.11
1.956768,40.8,-0.26,0.11
1.957935,40.8,-0.26,0.11
1.959112,40.8,-0.26,0.11
1.960281,40.8,-0.26,0.11
1.961442,40.8,-0.26,0.11
1.96262,40.8,-0.26,0.11
1.963897,40.8,-0.26,0.11
1.965111,40.56,-0.02,0.11
1.966313,40.56,-0.02,0.11
1.967606,40.56,-0.02,0.11
1.968808,40.56,-0.02,0.11
1.970063,40.56,-0.02,0.11
1.971292,40.56,-0.02,0.11
1.972515,40.56,-0.02,0.11
1.973685,40.56,-0.02,0.11
1.974936,40.56,-0.02,0.11
1.976108,40.56,-0.02,0.11
1.977285,40.56,-0.02,0.11
1.978453,40.56,-0.02,0.11
1.97972,40.56,-0.02,0.11
1.980887,41.52,-0.26,0.35
1.982148,41.52,-0.26,0.35
1.983437,41.52,-0.26,0.35
1.984638,41.52,-0.26,0.35
1.985887,41.52,-0.26,0.35
1.987181,41.52,-0.26,0.35
1.988357,41.52,-0.26,0.35
1.98952,41.52,-0.26,0.35
1.990803,41.52,-0.26,0.35
1.991975,41.52,-0.26,0.35
1.993149,41.52,-0.26,0.35
1.994326,41.52,-0.26,0.35
1.99563,41.52,-0.26,0.35
1.996811,41.52,-0.26,0.35
1.998066,41.52,-0.26,0.35
1.999426,41.52,-0.26,0.35
2.001289,41.52,-0.26,0.35
2.002471,41.52,-0.26,0.35
2.003708,41.52,-0.26,0.35
2.005067,41.52,-0.26,0.35
2.006243,41.52,-0.26,0.35
2.007484,41.52,-0.26,0.35
2.008656,41.52,-0.26,0.35
2.009848,41.52,-0.26,0.35
2.011098,41.52,-0.26,0.35
2.012471,41.52,-0.26,0.35
2.013779,41.52,-0.26,0.35
2.015077,42.24,-0.26,0.35
2.016303,42.24,-0.26,0.35
2.017557,42.24,-0.26,0.35
2.018846,42.24,-0.26,0.35
2.020106,42.24,-0.26,0.35
2.02129,42.24,-0.26,0.35
2.022466,42.24,-0.26,0.35
2.023698,42.24,-0.26,0.35
2.024874,42.24,-0.26,0.35
2.02605,42.24,-0.26,0.35
2.02738,42.24,-0.26,0.35
2.028573,42.48,-0.26,0.35
2.029837,42.48,-0.26,0.35
2.031079,42.48,-0.26,0.35
2.032343,42.48,-0.26,0.35
2.033603,42.48,-0.26,0.35
2.034824,42.48,-0.26,0.35
2.036,42.48,-0.26,0.35
2.037228,42.48,-0.26,0.35
2.038402,42.48,-0.26,0.35
2.039609,42.48,-0.26,0.35
2.040783,42.48,-0.26,0.35
2.041956,42.48,-0.26,0.35
2.043286,42.48,-0.26,0.35
2.044455,42.96,-0.26,0.35
2.045725,42.96,-0.26,0.35
2.046989,42.96,-0.26,0.35
2.048307,42.96,-0.26,0.35
2.049565,42.96,-0.26,0.35
2.050807,42.96,-0.26,0.35
2.052039,42.96,-0.26,0.35
2.053434,42.96,-0.26,0.35
2.05465,42.96,-0.26,0.35
2.055869,42.96,-0.26,0.35
2.057045,42.96,-0.26,0.35
2.058226,42.96,-0.26,0.35
2.059727,42.96,-0.26,0.35
2.060909,43.2,-0.26,0.35
2.062174,43.2,-0.26,0.35
2.068307,43.2,-0.26,0.35
2.06971,43.2,-0.26,0.35
2.071029,43.2,-0.26,0.35
2.072289,43.2,-0.26,0.35
2.073553,43.2,-0.26,0.35
2.074868,43.2,-0.26,0.35
2.076173,43.2,-0.26,0.35
2.077521,43.44,-0.26,0.35
2.07894,43.44,-0.26,0.35
2.080253,43.44,-0.26,0.35
2.08153,43.44,-0.26,0.35
2.082787,43.44,-0.26,0.35
2.083979,43.44,-0.26,0.35
2.085163,43.44,-0.26,0.35
2.086348,43.44,-0.26,0.35
2.087595,43.44,-0.26,0.35
2.088796,43.44,-0.26,0.35
2.089985,43.44,-0.26,0.35
2.091323,43.44,-0.26,0.35
2.092505,43.92,-0.26,0.11
2.093769,43.92,-0.26,0.11
2.094995,43.92,-0.26,0.11
2.096273,43.92,-0.26,0.11
2.097562,43.92,-0.26,0.11
2.098801,43.92,-0.26,0.11
2.099983,43.92,-0.26,0.11
2.101166,43.92,-0.26,0.11
2.102352,43.92,-0.26,0.11
2.103547,43.92,-0.26,0.11
2.10473,43.92,-0.26,0.11
2.10591,43.92,-0.26,0.11
2.107186,43.92,-0.26,0.11
2.108382,44.16,-0.26,0.35
