0.052228,0,0,0,102.3929,-1.286775,191.0433
0.090697,-0.72,1.42,0.83,102.3929,-1.286775,191.0433
0.095969,-0.72,1.42,0.83,102.3929,-1.286775,191.0433
0.099341,-0.72,1.42,0.83,102.3929,-1.286775,191.0433
0.102799,-0.72,1.42,0.83,102.3929,-1.286775,191.0433
0.110715,-0.72,1.42,0.83,102.3929,-1.286775,191.0433
0.113095,-1.44,1.42,1.07,102.3514,-2.572912,190.6248
0.115364,-1.44,1.42,1.07,102.3514,-2.572912,190.6248
0.117652,-1.44,1.42,1.07,102.3514,-2.572912,190.6248
0.119968,-1.44,1.42,1.07,102.3514,-2.572912,190.6248
0.122376,-1.44,1.42,1.07,102.3514,-2.572912,190.6248
0.124763,-1.44,1.42,1.07,102.3514,-2.572912,190.6248
0.12707,-1.44,1.42,1.07,102.3514,-2.572912,190.6248
0.129486,-1.92,1.42,1.07,102.3262,-3.430269,190.6248
0.132079,-1.92,1.42,1.07,102.3262,-3.430269,190.6248
0.134421,-1.92,1.42,1.07,102.3262,-3.430269,190.6248
0.136881,-1.92,1.42,1.07,102.3262,-3.430269,190.6248
0.139583,-1.92,1.42,1.07,102.3262,-3.430269,190.6248
0.142308,-1.92,1.42,1.07,102.3262,-3.430269,190.6248
0.145058,-1.92,1.42,1.07,102.3262,-3.430269,190.6248
0.147768,-1.92,1.42,1.07,102.3262,-3.430269,190.6248
0.150351,-1.92,1.42,1.07,102.3262,-3.430269,190.6248
0.152888,-1.92,1.42,1.07,102.3262,-3.430269,190.6248
0.155226,-1.92,1.42,1.07,102.3262,-3.430269,190.6248
0.157876,-3.12,1.42,1.31,102.2129,-5.571436,190.2064
0.160393,-3.12,1.42,1.31,102.2129,-5.571436,190.2064
0.162921,-3.12,1.42,1.31,102.2129,-5.571436,190.2064
0.165219,-3.12,1.42,1.31,102.2129,-5.571436,190.2064
0.167404,-3.12,1.42,1.31,102.2129,-5.571436,190.2064
0.169706,-3.12,1.42,1.31,102.2129,-5.571436,190.2064
0.17215,-3.12,1.42,1.31,102.1418,-6.426219,189.788
0.174619,-3.6,1.42,1.55,102.1418,-6.426219,189.788
0.177189,-3.6,1.42,1.55,102.1418,-6.426219,189.788
0.179459,-3.6,1.42,1.55,102.1418,-6.426219,189.788
0.181711,-3.6,1.42,1.55,102.1418,-6.426219,189.788
0.183976,-3.6,1.42,1.55,102.1418,-6.426219,189.788
0.186116,-3.6,1.42,1.55,102.1418,-6.426219,189.788
0.1885,-3.6,1.42,1.55,101.9848,-8.563908,189.788
0.19103,-4.8,1.42,1.55,101.9848,-8.563908,189.788
0.193578,-4.8,1.42,1.55,101.9848,-8.563908,189.788
0.19605,-4.8,1.42,1.55,101.9848,-8.563908,189.788
0.198429,-4.8,1.42,1.55,101.9848,-8.563908,189.788
0.200847,-4.8,1.42,1.55,101.9848,-8.563908,189.788
0.203136,-4.8,1.42,1.55,101.9848,-8.563908,189.788
0.205622,-5.52,1.42,1.79,101.8467,-9.842604,189.3697
0.208071,-5.52,1.42,1.79,101.8467,-9.842604,189.3697
0.210677,-5.52,1.42,1.79,101.8467,-9.842604,189.3697
0.213061,-5.52,1.42,1.79,101.8467,-9.842604,189.3697
0.215566,-5.52,1.42,1.79,101.8467,-9.842604,189.3697
0.217963,-5.52,1.42,1.79,101.8467,-9.842604,189.3697
0.220308,-5.52,1.42,1.79,101.6908,-11.11899,188.9516
0.222532,-6.24,1.42,2.03,101.6908,-11.11899,188.9516
0.224875,-6.24,1.42,2.03,101.6908,-11.11899,188.9516
0.227136,-6.24,1.42,2.03,101.6908,-11.11899,188.9516
0.229395,-6.24,1.42,2.03,101.6908,-11.11899,188.9516
0.23155,-6.24,1.42,2.03,101.6908,-11.11899,188.9516
0.233764,-6.24,1.42,2.03,101.6908,-11.11899,188.9516
0.236061,-6.24,1.42,2.03,101.4356,-13.24621,188.9516
0.238302,-7.44,1.42,2.03,101.4356,-13.24621,188.9516
0.240588,-7.44,1.42,2.03,101.4356,-13.24621,188.9516
0.242884,-7.44,1.42,2.03,101.4356,-13.24621,188.9516
0.245113,-7.44,1.42,2.03,101.4356,-13.24621,188.9516
0.247283,-7.44,1.42,2.03,101.4356,-13.24621,188.9516
0.249551,-7.44,1.42,2.03,101.4356,-13.24621,188.9516
0.251816,-7.44,1.42,2.03,101.2078,-14.51215,188.1155
0.25404,-8.16,1.42,2.51,101.2078,-14.51215,188.1155
0.256324,-8.16,1.42,2.51,101.2078,-14.51215,188.1155
0.258697,-8.16,1.42,2.51,101.2078,-14.51215,188.1155
0.261027,-8.16,1.42,2.51,101.2078,-14.51215,188.1155
0.263169,-8.16,1.42,2.51,101.2078,-14.51215,188.1155
0.265408,-8.16,1.42,2.51,101.2078,-14.51215,188.1155
0.267614,-8.16,1.42,2.51,100.7097,-17.468,187.6977
0.269926,-9.84,1.42,2.75,100.7097,-17.468,187.6977
0.272231,-9.84,1.42,2.75,100.7097,-17.468,187.6977
0.274521,-9.84,1.42,2.75,100.7097,-17.468,187.6977
0.276761,-9.84,1.42,2.75,100.7097,-17.468,187.6977
0.278944,-9.84,1.42,2.75,100.7097,-17.468,187.6977
0.281176,-9.84,1.42,2.75,100.7097,-17.468,187.6977
0.283329,-9.84,1.42,2.75,100.7097,-17.468,187.6977
0.285736,-10.56,1.42,2.99,100.4514,-18.7264,187.28
0.288044,-10.56,1.42,2.99,100.4514,-18.7264,187.28
0.29031,-10.56,1.42,2.99,100.4514,-18.7264,187.28
0.29259,-10.56,1.42,2.99,100.4514,-18.7264,187.28
0.294757,-10.56,1.42,2.99,100.4514,-18.7264,187.28
0.296941,-10.56,1.42,2.99,100.4514,-18.7264,187.28
0.299092,-10.56,1.42,2.99,100.4514,-18.7264,187.28
0.301355,-11.76,1.42,3.23,100.0048,-20.81925,186.8624
0.303668,-11.76,1.42,3.23,100.0048,-20.81925,186.8624
0.305975,-11.76,1.42,3.23,100.0048,-20.81925,186.8624
0.308197,-11.76,1.42,3.23,100.0048,-20.81925,186.8624
0.310349,-11.76,1.42,3.23,100.0048,-20.81925,186.8624
0.312564,-11.76,1.42,3.23,100.0048,-20.81925,186.8624
0.314716,-11.76,1.42,3.23,100.0048,-20.81925,186.8624
0.317015,-12.96,1.42,3.71,99.47732,-22.89301,186.0277
0.319294,-12.96,1.42,3.71,99.47732,-22.89301,186.0277
0.321744,-12.96,1.42,3.71,99.47732,-22.89301,186.0277
0.324053,-12.96,1.42,3.71,99.47732,-22.89301,186.0277
0.326204,-12.96,1.42,3.71,99.47732,-22.89301,186.0277
0.328491,-12.96,1.42,3.71,99.47732,-22.89301,186.0277
0.330641,-12.96,1.42,3.71,99.47732,-22.89301,186.0277
0.332942,-13.68,1.42,3.95,99.14454,-24.13217,185.6106
0.335153,-13.68,1.42,3.95,99.14454,-24.13217,185.6106
0.337536,-13.68,1.42,3.95,99.14454,-24.13217,185.6106
0.339764,-13.68,1.42,3.95,99.14454,-24.13217,185.6106
0.341926,-13.68,1.42,3.95,99.14454,-24.13217,185.6106
0.344173,-13.68,1.42,3.95,99.14454,-24.13217,185.6106
0.346306,-13.68,1.42,3.95,99.14454,-24.13217,185.6106
0.348572,-13.68,1.42,3.95,98.57868,-26.19292,185.1936
0.350777,-14.88,1.42,4.19,98.57868,-26.19292,185.1936
0.353062,-14.88,1.42,4.19,98.57868,-26.19292,185.1936
0.355265,-14.88,1.42,4.19,98.57868,-26.19292,185.1936
0.357491,-14.88,1.42,4.19,98.57868,-26.19292,185.1936
0.359619,-14.88,1.42,4.19,98.57868,-26.19292,185.1936
0.361895,-14.88,1.42,4.19,98.57868,-26.19292,185.1936
0.364185,-14.88,1.42,4.19,98.00026,-27.80519,183.9438
0.366418,-15.84,1.42,4.91,98.00026,-27.80519,183.9438
0.368678,-15.84,1.42,4.91,98.00026,-27.80519,183.9438
0.370906,-15.84,1.42,4.91,98.00026,-27.80519,183.9438
0.373123,-15.84,1.42,4.91,98.00026,-27.80519,183.9438
0.375274,-15.84,1.42,4.91,98.00026,-27.80519,183.9438
0.377528,-15.84,1.42,4.91,98.00026,-27.80519,183.9438
0.379825,-15.84,1.42,4.91,97.67189,-28.59827,183.1116
0.382054,-16.32,1.42,5.39,97.67189,-28.59827,183.1116
0.384391,-16.32,1.42,5.39,97.67189,-28.59827,183.1116
0.386647,-16.32,1.42,5.39,97.67189,-28.59827,183.1116
0.38883,-16.32,1.42,5.39,97.67189,-28.59827,183.1116
0.390972,-16.32,1.42,5.39,97.67189,-28.59827,183.1116
0.393178,-16.32,1.42,5.39,97.67189,-28.59827,183.1116
0.395348,-16.32,1.42,5.39,97.67189,-28.59827,183.1116
0.397761,-17.04,1.42,5.63,97.25649,-29.80855,182.6957
0.400046,-17.04,1.42,5.63,97.25649,-29.80855,182.6957
0.402774,-17.04,1.42,5.63,97.25649,-29.80855,182.6957
0.405484,-17.04,1.42,5.63,97.25649,-29.80855,182.6957
0.407901,-17.04,1.42,5.63,97.25649,-29.80855,182.6957
0.410183,-17.04,1.42,5.63,97.25649,-29.80855,182.6957
0.412904,-18.24,1.42,6.11,96.50993,-31.80553,181.8648
0.415295,-18.24,1.42,6.11,96.50993,-31.80553,181.8648
0.417828,-18.24,1.42,6.11,96.50993,-31.80553,181.8648
0.42024,-18.24,1.42,6.11,96.50993,-31.80553,181.8648
0.423023,-18.24,1.42,6.11,96.50993,-31.80553,181.8648
0.425755,-18.24,1.42,6.11,96.50993,-31.80553,181.8648
0.428247,-18.24,1.42,6.11,95.80061,-33.3613,180.62
0.430601,-19.2,1.42,6.83,95.80061,-33.3613,180.62
0.433047,-19.2,1.42,6.83,95.80061,-33.3613,180.62
0.435675,-19.2,1.42,6.83,95.80061,-33.3613,180.62
0.438033,-19.2,1.42,6.83,95.80061,-33.3613,180.62
0.440393,-19.2,1.42,6.83,95.80061,-33.3613,180.62
0.442666,-19.2,1.42,6.83,95.80061,-33.3613,180.62
0.445124,-19.92,1.42,7.07,95.3165,-34.54173,180.2056
0.447457,-19.92,1.42,7.07,95.3165,-34.54173,180.2056
0.449927,-19.92,1.42,7.07,95.3165,-34.54173,180.2056
0.452155,-19.92,1.42,7.07,95.3165,-34.54173,180.2056
0.454306,-19.92,1.42,7.07,95.3165,-34.54173,180.2056
0.456546,-19.92,1.42,7.07,95.3165,-34.54173,180.2056
0.458715,-19.92,1.42,7.07,95.3165,-34.54173,180.2056
0.461221,-20.88,1.42,7.31,94.6658,-36.1115,179.7915
0.463826,-20.88,1.42,7.31,94.6658,-36.1115,179.7915
0.466111,-20.88,1.42,7.31,94.6658,-36.1115,179.7915
0.468569,-20.88,1.42,7.31,94.6658,-36.1115,179.7915
0.470742,-20.88,1.42,7.31,94.6658,-36.1115,179.7915
0.472996,-20.88,1.42,7.31,94.6658,-36.1115,179.7915
0.475125,-20.88,1.42,7.31,94.6658,-36.1115,179.7915
0.477548,-21.36,1.66,7.79,94.56503,-36.98349,178.5394
0.479898,-21.36,1.66,7.79,94.56503,-36.98349,178.5394
0.482207,-21.36,1.66,7.79,94.56503,-36.98349,178.5394
0.484449,-21.36,1.66,7.79,94.56503,-36.98349,178.5394
0.486622,-21.36,1.66,7.79,94.56503,-36.98349,178.5394
0.488837,-21.36,1.66,7.79,94.56503,-36.98349,178.5394
0.49099,-21.36,1.66,7.79,94.56503,-36.98349,178.5394
0.49336,-22.56,2.14,8.03,94.34528,-39.19489,177.2733
0.495706,-22.56,2.14,8.03,94.34528,-39.19489,177.2733
0.498021,-22.56,2.14,8.03,94.34528,-39.19489,177.2733
0.500282,-22.56,2.14,8.03,94.34528,-39.19489,177.2733
0.502746,-22.56,2.14,8.03,94.34528,-39.19489,177.2733
0.505499,-22.56,2.14,8.03,94.34528,-39.19489,177.2733
0.507986,-22.56,2.14,8.03,94.23227,-41.01247,176.003
0.510386,-23.52,2.62,8.27,94.23227,-41.01247,176.003
0.5129,-23.52,2.62,8.27,94.23227,-41.01247,176.003
0.515371,-23.52,2.62,8.27,94.23227,-41.01247,176.003
0.517769,-23.52,2.62,8.27,94.23227,-41.01247,176.003
0.520228,-23.52,2.62,8.27,94.23227,-41.01247,176.003
0.52281,-23.52,2.62,8.27,94.23227,-41.01247,176.003
0.525259,-24.24,2.62,8.99,93.48592,-42.09271,174.7706
0.527537,-24.24,2.62,8.99,93.48592,-42.09271,174.7706
0.530049,-24.24,2.62,8.99,93.48592,-42.09271,174.7706
0.53245,-24.24,2.62,8.99,93.48592,-42.09271,174.7706
0.535235,-24.24,2.62,8.99,93.48592,-42.09271,174.7706
0.537652,-24.24,2.62,8.99,93.48592,-42.09271,174.7706
0.540071,-24.24,2.62,8.99,93.39001,-43.46912,173.0904
0.542424,-24.96,3.1,9.47,93.39001,-43.46912,173.0904
0.544818,-24.96,3.1,9.47,93.39001,-43.46912,173.0904
0.547166,-24.96,3.1,9.47,93.39001,-43.46912,173.0904
0.549409,-24.96,3.1,9.47,93.39001,-43.46912,173.0904
0.551572,-24.96,3.1,9.47,93.39001,-43.46912,173.0904
0.553798,-24.96,3.1,9.47,93.39001,-43.46912,173.0904
0.556077,-24.96,3.1,9.47,92.66784,-45.5179,172.25
0.558336,-26.16,3.34,9.71,92.66784,-45.5179,172.25
0.560664,-26.16,3.34,9.71,92.66784,-45.5179,172.25
0.562997,-26.16,3.34,9.71,92.66784,-45.5179,172.25
0.565355,-26.16,3.34,9.71,92.66784,-45.5179,172.25
0.56795,-26.16,3.34,9.71,92.66784,-45.5179,172.25
0.570115,-26.16,3.34,9.71,92.66784,-45.5179,172.25
0.5725,-26.16,3.34,9.71,92.49976,-45.91728,170.5957
0.57476,-26.4,3.58,10.43,92.49976,-45.91728,170.5957
0.577131,-26.4,3.58,10.43,92.49976,-45.91728,170.5957
0.579446,-26.4,3.58,10.43,92.49976,-45.91728,170.5957
0.581675,-26.4,3.58,10.43,92.49976,-45.91728,170.5957
0.583888,-26.4,3.58,10.43,92.49976,-45.91728,170.5957
0.58603,-26.4,3.58,10.43,92.49976,-45.91728,170.5957
0.588356,-26.4,3.58,10.43,91.70554,-47.9425,169.7567
0.590613,-27.6,3.82,10.67,91.70554,-47.9425,169.7567
0.592947,-27.6,3.82,10.67,91.70554,-47.9425,169.7567
0.595197,-27.6,3.82,10.67,91.70554,-47.9425,169.7567
0.597486,-27.6,3.82,10.67,91.70554,-47.9425,169.7567
0.599633,-27.6,3.82,10.67,91.70554,-47.9425,169.7567
0.601903,-27.6,3.82,10.67,91.70554,-47.9425,169.7567
0.604201,-27.6,3.82,10.67,90.86092,-49.95121,168.9177
0.606483,-28.8,4.06,10.91,90.86092,-49.95121,168.9177
0.608799,-28.8,4.06,10.91,90.86092,-49.95121,168.9177
0.611064,-28.8,4.06,10.91,90.86092,-49.95121,168.9177
0.613237,-28.8,4.06,10.91,90.86092,-49.95121,168.9177
0.615396,-28.8,4.06,10.91,90.86092,-49.95121,168.9177
0.617562,-28.8,4.06,10.91,90.86092,-49.95121,168.9177
0.619847,-28.8,4.06,10.91,90.45874,-50.22469,168.1093
0.622098,-29.04,4.06,11.39,90.45874,-50.22469,168.1093
0.624417,-29.04,4.06,11.39,90.45874,-50.22469,168.1093
0.626717,-29.04,4.06,11.39,90.45874,-50.22469,168.1093
0.628994,-29.04,4.06,11.39,90.45874,-50.22469,168.1093
0.631134,-29.04,4.06,11.39,90.45874,-50.22469,168.1093
0.633412,-29.04,4.06,11.39,90.45874,-50.22469,168.1093
0.635643,-29.04,4.06,11.39,88.65308,-52.68021,166.9002
0.637977,-30.72,4.06,12.11,88.65308,-52.68021,166.9002
0.640282,-30.72,4.06,12.11,88.65308,-52.68021,166.9002
0.642609,-30.72,4.06,12.11,88.65308,-52.68021,166.9002
0.644898,-30.72,4.06,12.11,88.65308,-52.68021,166.9002
0.647077,-30.72,4.06,12.11,88.65308,-52.68021,166.9002
0.649366,-30.72,4.06,12.11,88.65308,-52.68021,166.9002
0.651593,-30.72,4.06,12.11,88.13861,-53.88453,166.0661
0.653993,-31.44,4.3,12.35,88.13861,-53.88453,166.0661
0.656326,-31.44,4.3,12.35,88.13861,-53.88453,166.0661
0.65865,-31.44,4.3,12.35,88.13861,-53.88453,166.0661
0.660886,-31.44,4.3,12.35,88.13861,-53.88453,166.0661
0.663043,-31.44,4.3,12.35,88.13861,-53.88453,166.0661
0.665287,-31.44,4.3,12.35,88.13861,-53.88453,166.0661
0.667612,-31.44,4.3,12.35,87.14333,-54.79215,164.8644
0.669943,-32.16,4.3,13.07,87.14333,-54.79215,164.8644
0.67227,-32.16,4.3,13.07,87.14333,-54.79215,164.8644
0.674583,-32.16,4.3,13.07,87.14333,-54.79215,164.8644
0.676839,-32.16,4.3,13.07,87.14333,-54.79215,164.8644
0.679039,-32.16,4.3,13.07,87.14333,-54.79215,164.8644
0.681479,-32.16,4.3,13.07,87.14333,-54.79215,164.8644
0.684118,-32.16,4.3,13.07,87.14333,-54.79215,164.8644
0.686612,-32.16,4.3,13.07,87.14333,-54.79215,164.8644
0.689149,-32.16,4.3,13.07,87.14333,-54.79215,164.8644
0.69161,-32.16,4.3,13.07,87.14333,-54.79215,164.8644
0.694175,-32.88,4.54,13.31,86.58582,-55.97201,164.0336
0.696736,-32.88,4.54,13.31,86.58582,-55.97201,164.0336
0.699174,-32.88,4.54,13.31,86.58582,-55.97201,164.0336
0.701955,-32.88,4.54,13.31,86.58582,-55.97201,164.0336
0.704557,-32.88,4.54,13.31,85.53709,-57.86944,161.9771
0.707068,-34.08,5.02,14.03,85.53709,-57.86944,161.9771
0.709568,-34.08,5.02,14.03,85.53709,-57.86944,161.9771
0.712121,-34.08,5.02,14.03,85.53709,-57.86944,161.9771
0.714529,-34.08,5.02,14.03,85.53709,-57.86944,161.9771
0.716975,-34.08,5.02,14.03,85.53709,-57.86944,161.9771
0.71923,-34.08,5.02,14.03,85.53709,-57.86944,161.9771
0.721699,-34.56,5.5,13.79,85.62305,-58.97921,161.5046
0.723972,-34.56,5.5,13.79,85.62305,-58.97921,161.5046
0.726117,-34.56,5.5,13.79,85.62305,-58.97921,161.5046
0.728392,-34.56,5.5,13.79,85.62305,-58.97921,161.5046
0.730539,-34.56,5.5,13.79,85.62305,-58.97921,161.5046
0.732902,-34.56,5.5,13.79,85.62305,-58.97921,161.5046
0.735146,-34.56,5.5,13.79,85.62305,-58.97921,161.5046
0.737551,-35.28,5.5,14.51,84.5302,-59.80642,160.3212
0.739803,-35.28,5.5,14.51,84.5302,-59.80642,160.3212
0.741954,-35.28,5.5,14.51,84.5302,-59.80642,160.3212
0.744241,-35.28,5.5,14.51,84.5302,-59.80642,160.3212
0.746365,-35.28,5.5,14.51,84.5302,-59.80642,160.3212
0.74874,-35.28,5.5,14.51,84.5302,-59.80642,160.3212
0.751019,-35.28,5.5,14.51,84.5302,-59.80642,160.3212
0.753462,-36,5.5,14.75,83.65536,-60.77918,159.9279
0.755905,-36,5.5,14.75,83.65536,-60.77918,159.9279
0.758215,-36,5.5,14.75,83.65536,-60.77918,159.9279
0.760614,-36,5.5,14.75,83.65536,-60.77918,159.9279
0.762897,-36,5.5,14.75,83.65536,-60.77918,159.9279
0.765467,-36,5.5,14.75,83.65536,-60.77918,159.9279
0.76801,-36,5.5,14.75,82.86457,-61.81036,158.7107
0.771669,-36.72,5.74,15.23,82.86457,-61.81036,158.7107
0.774234,-36.72,5.74,15.23,82.86457,-61.81036,158.7107
0.776648,-36.72,5.74,15.23,82.86457,-61.81036,158.7107
0.778991,-36.72,5.74,15.23,82.86457,-61.81036,158.7107
0.781508,-36.72,5.74,15.23,82.86457,-61.81036,158.7107
0.784017,-36.72,5.74,15.23,81.57748,-63.00478,157.9297
0.786352,-37.68,5.74,15.71,81.57748,-63.00478,157.9297
0.788634,-37.68,5.74,15.71,81.57748,-63.00478,157.9297
0.791056,-37.68,5.74,15.71,81.57748,-63.00478,157.9297
0.793309,-37.68,5.74,15.71,81.57748,-63.00478,157.9297
0.795535,-37.68,5.74,15.71,81.57748,-63.00478,157.9297
0.797981,-37.68,5.74,15.71,81.57748,-63.00478,157.9297
0.800363,-37.68,5.74,15.71,79.99909,-64.50504,157.1512
0.80266,-38.88,5.74,16.19,79.99909,-64.50504,157.1512
0.804875,-38.88,5.74,16.19,79.99909,-64.50504,157.1512
0.807031,-38.88,5.74,16.19,79.99909,-64.50504,157.1512
0.809287,-38.88,5.74,16.19,79.99909,-64.50504,157.1512
0.811484,-38.88,5.74,16.19,79.99909,-64.50504,157.1512
0.813881,-38.88,5.74,16.19,79.99909,-64.50504,157.1512
0.816166,-38.88,5.74,16.19,79.30414,-66.16756,156.2881
0.818495,-39.84,6.22,16.19,79.30414,-66.16756,156.2881
0.820715,-39.84,6.22,16.19,79.30414,-66.16756,156.2881
0.822867,-39.84,6.22,16.19,79.30414,-66.16756,156.2881
0.825093,-39.84,6.22,16.19,79.30414,-66.16756,156.2881
0.827255,-39.84,6.22,16.19,79.30414,-66.16756,156.2881
0.829708,-39.84,6.22,16.19,79.30414,-66.16756,156.2881
0.831986,-39.84,6.22,16.19,78.06292,-67.38209,155.9012
0.834223,-40.8,6.22,16.43,78.06292,-67.38209,155.9012
0.836466,-40.8,6.22,16.43,78.06292,-67.38209,155.9012
0.838603,-40.8,6.22,16.43,78.06292,-67.38209,155.9012
0.840793,-40.8,6.22,16.43,78.06292,-67.38209,155.9012
0.842965,-40.8,6.22,16.43,78.06292,-67.38209,155.9012
0.845344,-40.8,6.22,16.43,78.06292,-67.38209,155.9012
0.847726,-40.8,6.22,16.43,76.32965,-68.72752,153.9307
0.850064,-42,6.46,17.39,76.32965,-68.72752,153.9307
0.852297,-42,6.46,17.39,76.32965,-68.72752,153.9307
0.854465,-42,6.46,17.39,76.32965,-68.72752,153.9307
0.856694,-42,6.46,17.39,76.32965,-68.72752,153.9307
0.85887,-42,6.46,17.39,76.32965,-68.72752,153.9307
0.861275,-42,6.46,17.39,76.32965,-68.72752,153.9307
0.863625,-42,6.46,17.39,75.80591,-69.41466,153.1179
0.865948,-42.48,6.7,17.63,75.80591,-69.41466,153.1179
0.868191,-42.48,6.7,17.63,75.80591,-69.41466,153.1179
0.870379,-42.48,6.7,17.63,75.80591,-69.41466,153.1179
0.872704,-42.48,6.7,17.63,75.80591,-69.41466,153.1179
0.874839,-42.48,6.7,17.63,75.80591,-69.41466,153.1179
0.877195,-42.48,6.7,17.63,75.80591,-69.41466,153.1179
0.879562,-42.48,6.7,17.63,74.62431,-70.0769,153.1659
0.881887,-43.2,6.46,17.87,74.62431,-70.0769,153.1659
0.884106,-43.2,6.46,17.87,74.62431,-70.0769,153.1659
0.886228,-43.2,6.46,17.87,74.62431,-70.0769,153.1659
0.888436,-43.2,6.46,17.87,74.62431,-70.0769,153.1659
0.890585,-43.2,6.46,17.87,74.62431,-70.0769,153.1659
0.892949,-43.2,6.46,17.87,74.62431,-70.0769,153.1659
0.895203,-43.2,6.46,17.87,74.62431,-70.0769,153.1659
0.897612,-44.64,6.7,18.35,72.76231,-71.85364,151.9762
0.899893,-44.64,6.7,18.35,72.76231,-71.85364,151.9762
0.90239,-44.64,6.7,18.35,72.76231,-71.85364,151.9762
0.90499,-44.64,6.7,18.35,72.76231,-71.85364,151.9762
0.907296,-44.64,6.7,18.35,72.76231,-71.85364,151.9762
0.909782,-44.64,6.7,18.35,72.76231,-71.85364,151.9762
0.917596,-44.64,6.7,18.35,72.36414,-72.66788,150.7399
0.920192,-45.12,7.18,18.59,72.36414,-72.66788,150.7399
0.922496,-45.12,7.18,18.59,72.36414,-72.66788,150.7399
0.925367,-45.12,7.18,18.59,72.36414,-72.66788,150.7399
0.928355,-45.12,7.18,18.59,70.73115,-74.06766,149.5585
0.930744,-46.32,7.42,19.07,70.73115,-74.06766,149.5585
0.933389,-46.32,7.42,19.07,70.73115,-74.06766,149.5585
0.9361,-46.32,7.42,19.07,70.73115,-74.06766,149.5585
0.938417,-46.32,7.42,19.07,70.73115,-74.06766,149.5585
0.940858,-46.32,7.42,19.07,70.73115,-74.06766,149.5585
0.943205,-46.32,7.42,19.07,70.73115,-74.06766,149.5585
0.945635,-47.04,7.42,19.55,69.53802,-74.67486,148.8102
0.947918,-47.04,7.42,19.55,69.53802,-74.67486,148.8102
0.950058,-47.04,7.42,19.55,69.53802,-74.67486,148.8102
0.9523,-47.04,7.42,19.55,69.53802,-74.67486,148.8102
0.954445,-47.04,7.42,19.55,69.53802,-74.67486,148.8102
0.9569,-47.04,7.42,19.55,69.53802,-74.67486,148.8102
0.959159,-47.04,7.42,19.55,69.53802,-74.67486,148.8102
0.961521,-47.76,7.66,19.79,68.61581,-75.56662,148.0102
0.963992,-47.76,7.66,19.79,68.61581,-75.56662,148.0102
0.966151,-47.76,7.66,19.79,68.61581,-75.56662,148.0102
0.968625,-47.76,7.66,19.79,68.61581,-75.56662,148.0102
0.970805,-47.76,7.66,19.79,68.61581,-75.56662,148.0102
0.973237,-47.76,7.66,19.79,68.61581,-75.56662,148.0102
0.975801,-47.76,7.66,19.79,67.40276,-76.13139,147.2684
0.978051,-48.48,7.66,20.27,67.40276,-76.13139,147.2684
0.980425,-48.48,7.66,20.27,67.40276,-76.13139,147.2684
0.982572,-48.48,7.66,20.27,67.40276,-76.13139,147.2684
0.984836,-48.48,7.66,20.27,67.40276,-76.13139,147.2684
0.986972,-48.48,7.66,20.27,67.40276,-76.13139,147.2684
0.989304,-48.48,7.66,20.27,67.40276,-76.13139,147.2684
0.99162,-48.48,7.66,20.27,65.73552,-78.11875,147.2117
0.993941,-49.92,7.9,20.03,65.73552,-78.11875,147.2117
0.996203,-49.92,7.9,20.03,65.73552,-78.11875,147.2117
0.998342,-49.92,7.9,20.03,65.73552,-78.11875,147.2117
1.000612,-49.92,7.9,20.03,65.73552,-78.11875,147.2117
1.002763,-49.92,7.9,20.03,65.73552,-78.11875,147.2117
1.005074,-49.92,7.9,20.03,65.73552,-78.11875,147.2117
1.007349,-49.92,7.9,20.03,65.73552,-78.11875,147.2117
1.009755,-50.88,7.9,20.75,64.04168,-78.74709,146.1051
1.011998,-50.88,7.9,20.75,64.04168,-78.74709,146.1051
1.014139,-50.88,7.9,20.75,64.04168,-78.74709,146.1051
1.016363,-50.88,7.9,20.75,64.04168,-78.74709,146.1051
1.018533,-50.88,7.9,20.75,64.04168,-78.74709,146.1051
1.020759,-50.88,7.9,20.75,64.04168,-78.74709,146.1051
1.02307,-50.88,7.9,20.75,64.04168,-78.74709,146.1051
1.025364,-50.88,7.9,20.75,64.04168,-78.74709,146.1051
1.027736,-51.6,8.14,21.23,62.9262,-79.3931,144.9478
1.031547,-51.6,8.14,21.23,62.9262,-79.3931,144.9478
1.034429,-51.6,8.14,21.23,62.9262,-79.3931,144.9478
1.037272,-51.6,8.14,21.23,62.9262,-79.3931,144.9478
1.040202,-51.6,8.14,21.23,62.9262,-79.3931,144.9478
1.043206,-51.6,8.14,21.23,62.9262,-79.3931,144.9478
1.046356,-51.6,8.14,21.23,62.9262,-79.3931,144.9478
1.048663,-51.6,8.14,21.23,62.9262,-79.3931,144.9478
1.050808,-51.6,8.14,21.23,62.9262,-79.3931,144.9478
1.053096,-51.6,8.14,21.23,62.9262,-79.3931,144.9478
1.055366,-52.56,8.62,21.71,61.58405,-80.43215,143.3724
1.057892,-52.56,8.62,21.71,61.58405,-80.43215,143.3724
1.060332,-52.56,8.62,21.71,61.58405,-80.43215,143.3724
1.062467,-52.56,8.62,21.71,61.58405,-80.43215,143.3724
1.064757,-52.56,8.62,21.71,61.58405,-80.43215,143.3724
1.066887,-52.56,8.62,21.71,61.58405,-80.43215,143.3724
1.069337,-53.52,8.62,22.43,59.84649,-80.93697,142.2918
1.071746,-53.52,8.62,22.43,59.84649,-80.93697,142.2918
1.074133,-53.52,8.62,22.43,59.84649,-80.93697,142.2918
1.076387,-53.52,8.62,22.43,59.84649,-80.93697,142.2918
1.078655,-53.52,8.62,22.43,59.84649,-80.93697,142.2918
1.080936,-53.52,8.62,22.43,59.84649,-80.93697,142.2918
1.0831,-53.52,8.62,22.43,59.84649,-80.93697,142.2918
1.085408,-54.96,8.86,22.43,57.90687,-82.57681,141.8698
1.087815,-54.96,8.86,22.43,57.90687,-82.57681,141.8698
1.090134,-54.96,8.86,22.43,57.90687,-82.57681,141.8698
1.0924,-54.96,8.86,22.43,57.90687,-82.57681,141.8698
1.094574,-54.96,8.86,22.43,57.90687,-82.57681,141.8698
1.096799,-54.96,8.86,22.43,57.90687,-82.57681,141.8698
1.098951,-54.96,8.86,22.43,57.90687,-82.57681,141.8698
1.101303,-55.2,8.86,22.67,57.43587,-82.6394,141.5123
1.103912,-55.2,8.86,22.67,57.43587,-82.6394,141.5123
1.1066,-55.2,8.86,22.67,57.43587,-82.6394,141.5123
1.10898,-55.2,8.86,22.67,57.43587,-82.6394,141.5123
1.111302,-55.2,8.86,22.67,57.43587,-82.6394,141.5123
1.113705,-55.2,8.86,22.67,57.43587,-82.6394,141.5123
1.116121,-55.2,8.86,22.67,57.43587,-82.6394,141.5123
1.118535,-55.2,8.86,22.67,56.96453,-82.69825,141.1557
1.121258,-55.44,8.86,22.91,56.96453,-82.69825,141.1557
1.124151,-55.44,8.86,22.91,56.96453,-82.69825,141.1557
1.1267,-55.44,8.86,22.91,56.96453,-82.69825,141.1557
1.129189,-55.44,8.86,22.91,56.96453,-82.69825,141.1557
1.131449,-55.44,8.86,22.91,56.96453,-82.69825,141.1557
1.133978,-55.44,8.86,22.91,57.52909,-82.77353,140.3128
1.136416,-55.2,9.34,22.91,57.52909,-82.77353,140.3128
1.138727,-55.2,9.34,22.91,57.52909,-82.77353,140.3128
1.141153,-55.2,9.34,22.91,57.52909,-82.77353,140.3128
1.143428,-55.2,9.34,22.91,57.52909,-82.77353,140.3128
1.145726,-55.2,9.34,22.91,57.52909,-82.77353,140.3128
1.148008,-55.2,9.34,22.91,57.52909,-82.77353,140.3128
1.150371,-55.2,9.34,22.91,57.28905,-83.16936,139.8902
1.152672,-55.44,9.58,22.91,57.28905,-83.16936,139.8902
1.154934,-55.44,9.58,22.91,57.28905,-83.16936,139.8902
1.157251,-55.44,9.58,22.91,57.28905,-83.16936,139.8902
1.159422,-55.44,9.58,22.91,57.28905,-83.16936,139.8902
1.161678,-55.44,9.58,22.91,57.28905,-83.16936,139.8902
1.163912,-55.44,9.58,22.91,57.28905,-83.16936,139.8902
1.166139,-55.44,9.58,22.91,57.7649,-83.11282,140.244
1.168632,-55.2,9.58,22.67,57.7649,-83.11282,140.244
1.1709,-55.2,9.58,22.67,57.7649,-83.11282,140.244
1.173272,-55.2,9.58,22.67,57.7649,-83.11282,140.244
1.175408,-55.2,9.58,22.67,57.7649,-83.11282,140.244
1.177681,-55.2,9.58,22.67,57.7649,-83.11282,140.244
1.180026,-55.2,9.58,22.67,57.7649,-83.11282,140.244
1.182248,-55.2,9.58,22.67,58.67602,-82.9325,139.3945
1.184547,-54.72,10.06,22.67,58.67602,-82.9325,139.3945
1.186799,-54.72,10.06,22.67,58.67602,-82.9325,139.3945
1.189119,-54.72,10.06,22.67,58.67602,-82.9325,139.3945
1.191261,-54.72,10.06,22.67,58.67602,-82.9325,139.3945
1.1935,-54.72,10.06,22.67,58.67602,-82.9325,139.3945
1.195637,-54.72,10.06,22.67,58.67602,-82.9325,139.3945
1.19798,-54.72,10.06,22.67,59.58399,-82.73694,138.5418
1.200305,-54.24,10.54,22.67,59.58399,-82.73694,138.5418
1.202543,-54.24,10.54,22.67,59.58399,-82.73694,138.5418
1.204844,-54.24,10.54,22.67,59.58399,-82.73694,138.5418
1.207016,-54.24,10.54,22.67,59.58399,-82.73694,138.5418
1.209204,-54.24,10.54,22.67,59.58399,-82.73694,138.5418
1.21135,-54.24,10.54,22.67,59.58399,-82.73694,138.5418
1.213839,-54.24,10.54,22.67,61.30364,-81.47095,138.5418
1.216112,-53.04,10.54,22.67,61.30364,-81.47095,138.5418
1.218335,-53.04,10.54,22.67,61.30364,-81.47095,138.5418
1.220696,-53.04,10.54,22.67,61.30364,-81.47095,138.5418
1.222834,-53.04,10.54,22.67,61.30364,-81.47095,138.5418
1.225117,-53.04,10.54,22.67,61.30364,-81.47095,138.5418
1.227269,-53.04,10.54,22.67,61.30364,-81.47095,138.5418
1.229558,-53.04,10.54,22.67,62.90309,-81.44584,137.1745
1.231909,-52.32,11.5,22.43,62.90309,-81.44584,137.1745
1.234157,-52.32,11.5,22.43,62.90309,-81.44584,137.1745
1.236537,-52.32,11.5,22.43,62.90309,-81.44584,137.1745
1.238688,-52.32,11.5,22.43,62.90309,-81.44584,137.1745
1.240885,-52.32,11.5,22.43,62.90309,-81.44584,137.1745
1.243061,-52.32,11.5,22.43,62.90309,-81.44584,137.1745
1.245317,-52.32,11.5,22.43,62.90309,-81.44584,137.1745
1.247618,-51.6,11.74,22.43,64.03075,-80.7867,136.7431
1.249967,-51.6,11.74,22.43,64.03075,-80.7867,136.7431
1.252282,-51.6,11.74,22.43,64.03075,-80.7867,136.7431
1.254434,-51.6,11.74,22.43,64.03075,-80.7867,136.7431
1.256621,-51.6,11.74,22.43,64.03075,-80.7867,136.7431
1.258807,-51.6,11.74,22.43,64.03075,-80.7867,136.7431
1.261074,-51.6,11.74,22.43,64.03075,-80.7867,136.7431
1.263292,-50.88,12.22,21.71,65.7059,-80.79346,136.9162
1.265677,-50.88,12.22,21.71,65.7059,-80.79346,136.9162
1.268032,-50.88,12.22,21.71,65.7059,-80.79346,136.9162
1.270184,-50.88,12.22,21.71,65.7059,-80.79346,136.9162
1.272646,-50.88,12.22,21.71,65.7059,-80.79346,136.9162
1.274946,-50.88,12.22,21.71,65.7059,-80.79346,136.9162
1.277269,-50.88,12.22,21.71,65.7059,-80.79346,136.9162
1.279911,-50.88,12.22,21.71,65.7059,-80.79346,136.9162
1.282475,-50.88,12.22,21.71,65.7059,-80.79346,136.9162
1.284999,-50.88,12.22,21.71,65.7059,-80.79346,136.9162
1.287394,-50.88,12.22,21.71,65.7059,-80.79346,136.9162
1.28994,-49.68,12.46,21.23,67.7991,-79.88942,137.1748
1.292409,-49.68,12.46,21.23,67.7991,-79.88942,137.1748
1.294963,-49.68,12.46,21.23,67.7991,-79.88942,137.1748
1.297471,-49.68,12.46,21.23,69.95957,-79.01931,136.2008
1.299999,-48.48,13.18,20.99,69.95957,-79.01931,136.2008
1.302383,-48.48,13.18,20.99,69.95957,-79.01931,136.2008
1.304899,-48.48,13.18,20.99,69.95957,-79.01931,136.2008
1.3073,-48.48,13.18,20.99,69.95957,-79.01931,136.2008
1.309779,-48.48,13.18,20.99,69.95957,-79.01931,136.2008
1.31236,-48.48,13.18,20.99,69.95957,-79.01931,136.2008
1.314857,-47.76,13.42,20.27,71.53538,-78.78193,136.7996
1.317367,-47.76,13.42,20.27,71.53538,-78.78193,136.7996
1.319641,-47.76,13.42,20.27,71.53538,-78.78193,136.7996
1.321918,-47.76,13.42,20.27,71.53538,-78.78193,136.7996
1.324227,-47.76,13.42,20.27,71.53538,-78.78193,136.7996
1.326492,-47.76,13.42,20.27,71.53538,-78.78193,136.7996
1.328834,-47.76,13.42,20.27,71.53538,-78.78193,136.7996
1.331156,-47.52,14.38,19.79,72.64734,-79.33624,135.702
1.333485,-47.52,14.38,19.79,72.64734,-79.33624,135.702
1.335613,-47.52,14.38,19.79,72.64734,-79.33624,135.702
1.33787,-47.52,14.38,19.79,72.64734,-79.33624,135.702
1.340151,-47.52,14.38,19.79,72.64734,-79.33624,135.702
1.342412,-47.52,14.38,19.79,72.64734,-79.33624,135.702
1.344779,-47.52,14.38,19.79,72.64734,-79.33624,135.702
1.347038,-46.08,14.62,19.07,75.22379,-78.1145,136.2922
1.34936,-46.08,14.62,19.07,75.22379,-78.1145,136.2922
1.351488,-46.08,14.62,19.07,75.22379,-78.1145,136.2922
1.353695,-46.08,14.62,19.07,75.22379,-78.1145,136.2922
1.355858,-46.08,14.62,19.07,75.22379,-78.1145,136.2922
1.358113,-46.08,14.62,19.07,75.22379,-78.1145,136.2922
1.360423,-46.08,14.62,19.07,75.22379,-78.1145,136.2922
1.362679,-45.12,15.1,18.35,77.25681,-77.58109,136.4264
1.36497,-45.12,15.1,18.35,77.25681,-77.58109,136.4264
1.367119,-45.12,15.1,18.35,77.25681,-77.58109,136.4264
1.369311,-45.12,15.1,18.35,77.25681,-77.58109,136.4264
1.37143,-45.12,15.1,18.35,77.25681,-77.58109,136.4264
1.373759,-45.12,15.1,18.35,77.25681,-77.58109,136.4264
1.376113,-45.12,15.1,18.35,77.25681,-77.58109,136.4264
1.378371,-45.12,15.1,18.35,79.80618,-76.21116,137.0173
1.380684,-43.68,15.34,17.63,79.80618,-76.21116,137.0173
1.382814,-43.68,15.34,17.63,79.80618,-76.21116,137.0173
1.385144,-43.68,15.34,17.63,79.80618,-76.21116,137.0173
1.387283,-43.68,15.34,17.63,79.80618,-76.21116,137.0173
1.389568,-43.68,15.34,17.63,79.80618,-76.21116,137.0173
1.391944,-43.68,15.34,17.63,79.80618,-76.21116,137.0173
1.394227,-43.68,15.34,17.63,81.19572,-76.24787,137.1442
1.39657,-43.2,15.82,16.91,81.19572,-76.24787,137.1442
1.398711,-43.2,15.82,16.91,81.19572,-76.24787,137.1442
1.400983,-43.2,15.82,16.91,81.19572,-76.24787,137.1442
1.403785,-43.2,15.82,16.91,81.19572,-76.24787,137.1442
1.406225,-43.2,15.82,16.91,81.19572,-76.24787,137.1442
1.408696,-43.2,15.82,16.91,81.19572,-76.24787,137.1442
1.411052,-42.48,16.3,16.19,82.90768,-75.91766,137.2653
1.413505,-42.48,16.3,16.19,82.90768,-75.91766,137.2653
1.415862,-42.48,16.3,16.19,82.90768,-75.91766,137.2653
1.418137,-42.48,16.3,16.19,82.90768,-75.91766,137.2653
1.420912,-42.48,16.3,16.19,82.90768,-75.91766,137.2653
1.423494,-42.48,16.3,16.19,82.90768,-75.91766,137.2653
1.426285,-42.48,16.3,16.19,84.39628,-75.99075,136.0768
1.428633,-42,17.26,15.71,84.39628,-75.99075,136.0768
1.430843,-42,17.26,15.71,84.39628,-75.99075,136.0768
1.433072,-42,17.26,15.71,84.39628,-75.99075,136.0768
1.43565,-42,17.26,15.71,84.39628,-75.99075,136.0768
1.438808,-42,17.26,15.71,84.39628,-75.99075,136.0768
1.441264,-42,17.26,15.71,84.39628,-75.99075,136.0768
1.443626,-40.8,17.5,14.51,86.9531,-75.05589,137.365
1.445996,-40.8,17.5,14.51,86.9531,-75.05589,137.365
1.448342,-40.8,17.5,14.51,86.9531,-75.05589,137.365
1.4506,-40.8,17.5,14.51,86.9531,-75.05589,137.365
1.452943,-40.8,17.5,14.51,86.9531,-75.05589,137.365
1.45524,-40.8,17.5,14.51,86.9531,-75.05589,137.365
1.457567,-40.8,17.5,14.51,88.39392,-74.38187,138.4347
1.459981,-40.08,17.5,13.79,88.39392,-74.38187,138.4347
1.462119,-40.08,17.5,13.79,88.39392,-74.38187,138.4347
1.464563,-40.08,17.5,13.79,88.39392,-74.38187,138.4347
1.466695,-40.08,17.5,13.79,88.39392,-74.38187,138.4347
1.469083,-40.08,17.5,13.79,88.39392,-74.38187,138.4347
1.471364,-40.08,17.5,13.79,88.39392,-74.38187,138.4347
1.473751,-40.08,17.5,13.79,89.62876,-74.14736,138.1795
1.476083,-39.6,17.98,13.31,89.62876,-74.14736,138.1795
1.47821,-39.6,17.98,13.31,89.62876,-74.14736,138.1795
1.480438,-39.6,17.98,13.31,89.62876,-74.14736,138.1795
1.482601,-39.6,17.98,13.31,89.62876,-74.14736,138.1795
1.4848,-39.6,17.98,13.31,89.62876,-74.14736,138.1795
1.487339,-39.6,17.98,13.31,89.62876,-74.14736,138.1795
1.491058,-38.88,18.22,12.59,91.19975,-73.53637,138.767
1.493358,-38.88,18.22,12.59,91.19975,-73.53637,138.767
1.495524,-38.88,18.22,12.59,91.19975,-73.53637,138.767
1.497773,-38.88,18.22,12.59,91.19975,-73.53637,138.767
1.500015,-38.88,18.22,12.59,91.19975,-73.53637,138.767
1.502236,-38.88,18.22,12.59,91.19975,-73.53637,138.767
1.504555,-38.88,18.22,12.59,91.19975,-73.53637,138.767
1.50676,-37.92,18.22,11.63,93.08646,-72.51803,140.2132
1.509009,-37.92,18.22,11.63,93.08646,-72.51803,140.2132
1.51115,-37.92,18.22,11.63,93.08646,-72.51803,140.2132
1.513386,-37.92,18.22,11.63,93.08646,-72.51803,140.2132
1.515505,-37.92,18.22,11.63,93.08646,-72.51803,140.2132
1.517788,-37.92,18.22,11.63,93.08646,-72.51803,140.2132
1.52013,-37.92,18.22,11.63,93.08646,-72.51803,140.2132
1.522342,-37.92,18.22,11.63,95.08783,-72.17558,139.3131
1.524697,-37.2,19.18,10.91,95.08783,-72.17558,139.3131
1.526818,-37.2,19.18,10.91,95.08783,-72.17558,139.3131
1.529048,-37.2,19.18,10.91,95.08783,-72.17558,139.3131
1.531218,-37.2,19.18,10.91,95.08783,-72.17558,139.3131
1.533485,-37.2,19.18,10.91,95.08783,-72.17558,139.3131
1.53584,-37.2,19.18,10.91,95.08783,-72.17558,139.3131
1.538063,-37.2,19.18,10.91,96.91579,-71.66158,138.0263
1.540303,-36.48,20.14,10.43,96.91579,-71.66158,138.0263
1.542431,-36.48,20.14,10.43,96.91579,-71.66158,138.0263
1.544646,-36.48,20.14,10.43,96.91579,-71.66158,138.0263
1.546791,-36.48,20.14,10.43,96.91579,-71.66158,138.0263
1.548997,-36.48,20.14,10.43,96.91579,-71.66158,138.0263
1.551239,-36.48,20.14,10.43,96.91579,-71.66158,138.0263
1.553573,-36.48,20.14,10.43,98.4903,-70.92896,139.476
1.555909,-35.76,20.14,9.47,98.4903,-70.92896,139.476
1.558107,-35.76,20.14,9.47,98.4903,-70.92896,139.476
1.560273,-35.76,20.14,9.47,98.4903,-70.92896,139.476
1.562402,-35.76,20.14,9.47,98.4903,-70.92896,139.476
1.564569,-35.76,20.14,9.47,98.4903,-70.92896,139.476
1.566839,-35.76,20.14,9.47,98.4903,-70.92896,139.476
1.5692,-35.76,20.14,9.47,98.4903,-70.92896,139.476
1.571409,-34.8,20.38,9.23,99.98753,-69.49313,139.331
1.573636,-34.8,20.38,9.23,99.98753,-69.49313,139.331
1.575817,-34.8,20.38,9.23,99.98753,-69.49313,139.331
1.577946,-34.8,20.38,9.23,99.98753,-69.49313,139.331
1.580106,-34.8,20.38,9.23,99.98753,-69.49313,139.331
1.582339,-34.8,20.38,9.23,99.98753,-69.49313,139.331
1.584677,-34.8,20.38,9.23,99.98753,-69.49313,139.331
1.58688,-34.08,21.1,8.27,101.997,-69.00528,139.2506
1.589193,-34.08,21.1,8.27,101.997,-69.00528,139.2506
1.591316,-34.08,21.1,8.27,101.997,-69.00528,139.2506
1.593503,-34.08,21.1,8.27,101.997,-69.00528,139.2506
1.59562,-34.08,21.1,8.27,101.997,-69.00528,139.2506
1.597899,-34.08,21.1,8.27,101.997,-69.00528,139.2506
1.600321,-34.08,21.1,8.27,101.997,-69.00528,139.2506
1.602539,-34.08,21.1,8.27,103.3532,-68.0454,139.4645
1.604818,-33.36,21.34,7.79,103.3532,-68.0454,139.4645
1.606951,-33.36,21.34,7.79,103.3532,-68.0454,139.4645
1.609171,-33.36,21.34,7.79,103.3532,-68.0454,139.4645
1.611317,-33.36,21.34,7.79,103.3532,-68.0454,139.4645
1.613572,-33.36,21.34,7.79,103.3532,-68.0454,139.4645
1.615908,-33.36,21.34,7.79,103.3532,-68.0454,139.4645
1.618109,-33.36,21.34,7.79,105.0109,-67.26064,138.6344
1.620397,-32.64,22.06,7.31,105.0109,-67.26064,138.6344
1.622526,-32.64,22.06,7.31,105.0109,-67.26064,138.6344
1.624688,-32.64,22.06,7.31,105.0109,-67.26064,138.6344
1.626811,-32.64,22.06,7.31,105.0109,-67.26064,138.6344
1.629182,-32.64,22.06,7.31,105.0109,-67.26064,138.6344
1.631497,-32.64,22.06,7.31,105.0109,-67.26064,138.6344
1.633816,-32.64,22.06,7.31,106.5541,-66.99687,138.1551
1.6361,-32.16,22.78,6.59,106.5541,-66.99687,138.1551
1.638243,-32.16,22.78,6.59,106.5541,-66.99687,138.1551
1.640467,-32.16,22.78,6.59,106.5541,-66.99687,138.1551
1.642594,-32.16,22.78,6.59,106.5541,-66.99687,138.1551
1.644854,-32.16,22.78,6.59,106.5541,-66.99687,138.1551
1.64715,-32.16,22.78,6.59,106.5541,-66.99687,138.1551
1.649518,-32.16,22.78,6.59,107.4587,-66.31604,138.8869
1.651842,-31.68,22.78,6.11,107.4587,-66.31604,138.8869
1.653991,-31.68,22.78,6.11,107.4587,-66.31604,138.8869
1.656242,-31.68,22.78,6.11,107.4587,-66.31604,138.8869
1.65837,-31.68,22.78,6.11,107.4587,-66.31604,138.8869
1.660809,-31.68,22.78,6.11,107.4587,-66.31604,138.8869
1.663047,-31.68,22.78,6.11,107.4587,-66.31604,138.8869
1.665355,-31.68,22.78,6.11,107.4587,-66.31604,138.8869
1.667611,-30.48,23.26,5.63,109.4884,-64.44215,138.5593
1.669861,-30.48,23.26,5.63,109.4884,-64.44215,138.5593
1.673926,-30.48,23.26,5.63,109.4884,-64.44215,138.5593
1.676215,-30.48,23.26,5.63,109.4884,-64.44215,138.5593
1.678425,-30.48,23.26,5.63,109.4884,-64.44215,138.5593
1.68075,-30.48,23.26,5.63,109.4884,-64.44215,138.5593
1.682983,-30.24,23.74,4.67,110.7681,-64.57217,138.9604
1.685221,-30.24,23.74,4.67,110.7681,-64.57217,138.9604
1.687364,-30.24,23.74,4.67,110.7681,-64.57217,138.9604
1.689588,-30.24,23.74,4.67,110.7681,-64.57217,138.9604
1.691871,-30.24,23.74,4.67,110.7681,-64.57217,138.9604
1.694081,-30.24,23.74,4.67,110.7681,-64.57217,138.9604
1.696524,-30.24,23.74,4.67,110.7681,-64.57217,138.9604
1.698722,-28.8,24.22,4.19,113.0266,-62.13692,138.6199
1.701066,-28.8,24.22,4.19,113.0266,-62.13692,138.6199
1.703552,-28.8,24.22,4.19,113.0266,-62.13692,138.6199
1.706319,-28.8,24.22,4.19,113.0266,-62.13692,138.6199
1.708701,-28.8,24.22,4.19,113.0266,-62.13692,138.6199
1.711091,-28.8,24.22,4.19,113.0266,-62.13692,138.6199
1.713558,-28.8,24.22,4.19,114.464,-62.30417,138.4661
1.716075,-28.56,24.94,3.23,114.464,-62.30417,138.4661
1.718325,-28.56,24.94,3.23,114.464,-62.30417,138.4661
1.720678,-28.56,24.94,3.23,114.464,-62.30417,138.4661
1.723259,-28.56,24.94,3.23,114.464,-62.30417,138.4661
1.725973,-28.56,24.94,3.23,114.464,-62.30417,138.4661
1.72838,-28.56,24.94,3.23,114.464,-62.30417,138.4661
1.730892,-27.36,25.18,2.99,116.0807,-60.06775,138.2886
1.733394,-27.36,25.18,2.99,116.0807,-60.06775,138.2886
1.735891,-27.36,25.18,2.99,116.0807,-60.06775,138.2886
1.738133,-27.36,25.18,2.99,116.0807,-60.06775,138.2886
1.740421,-27.36,25.18,2.99,116.0807,-60.06775,138.2886
1.742742,-27.36,25.18,2.99,116.0807,-60.06775,138.2886
1.745095,-27.36,25.18,2.99,116.0807,-60.06775,138.2886
1.747317,-26.16,25.42,2.03,118.1793,-58.04899,139.2211
1.749588,-26.16,25.42,2.03,118.1793,-58.04899,139.2211
1.751728,-26.16,25.42,2.03,118.1793,-58.04899,139.2211
1.753996,-26.16,25.42,2.03,118.1793,-58.04899,139.2211
1.756195,-26.16,25.42,2.03,118.1793,-58.04899,139.2211
1.758435,-26.16,25.42,2.03,118.1793,-58.04899,139.2211
1.760739,-26.16,25.42,2.03,118.1793,-58.04899,139.2211
1.762982,-25.68,26.38,1.55,119.669,-57.54134,137.7474
1.765252,-25.68,26.38,1.55,119.669,-57.54134,137.7474
1.767579,-25.68,26.38,1.55,119.669,-57.54134,137.7474
1.769831,-25.68,26.38,1.55,119.669,-57.54134,137.7474
1.772051,-25.68,26.38,1.55,119.669,-57.54134,137.7474
1.774278,-25.68,26.38,1.55,119.669,-57.54134,137.7474
1.776582,-25.68,26.38,1.55,119.669,-57.54134,137.7474
1.77881,-24.72,26.86,0.59,121.6502,-56.0043,138.1139
1.7811,-24.72,26.86,0.59,121.6502,-56.0043,138.1139
1.783254,-24.72,26.86,0.59,121.6502,-56.0043,138.1139
1.785469,-24.72,26.86,0.59,121.6502,-56.0043,138.1139
1.787579,-24.72,26.86,0.59,121.6502,-56.0043,138.1139
1.789909,-24.72,26.86,0.59,121.6502,-56.0043,138.1139
1.792216,-24.72,26.86,0.59,121.6502,-56.0043,138.1139
1.794908,-24.72,26.86,0.59,122.4555,-55.13646,137.9239
1.798301,-24.24,27.1,0.35,122.4555,-55.13646,137.9239
1.80058,-24.24,27.1,0.35,122.4555,-55.13646,137.9239
1.802739,-24.24,27.1,0.35,122.4555,-55.13646,137.9239
1.804987,-24.24,27.1,0.35,122.4555,-55.13646,137.9239
1.807277,-24.24,27.1,0.35,122.4555,-55.13646,137.9239
1.809663,-24.24,27.1,0.35,124.6094,-52.99626,137.3444
1.811988,-23.04,27.82,-0.37,124.6094,-52.99626,137.3444
1.814127,-23.04,27.82,-0.37,124.6094,-52.99626,137.3444
1.816342,-23.04,27.82,-0.37,124.6094,-52.99626,137.3444
1.818481,-23.04,27.82,-0.37,124.6094,-52.99626,137.3444
1.820752,-23.04,27.82,-0.37,124.6094,-52.99626,137.3444
1.823027,-23.04,27.82,-0.37,124.6094,-52.99626,137.3444
1.825312,-23.04,27.82,-0.37,124.6094,-52.99626,137.3444
1.827651,-22.56,28.06,-1.09,125.7445,-52.23941,137.8932
1.829878,-22.56,28.06,-1.09,125.7445,-52.23941,137.8932
1.832152,-22.56,28.06,-1.09,125.7445,-52.23941,137.8932
1.834298,-22.56,28.06,-1.09,125.7445,-52.23941,137.8932
1.836552,-22.56,28.06,-1.09,125.7445,-52.23941,137.8932
1.838849,-22.56,28.06,-1.09,125.7445,-52.23941,137.8932
1.841147,-22.56,28.06,-1.09,125.7445,-52.23941,137.8932
1.843388,-21.84,28.54,-1.57,127.0757,-50.92959,137.496
1.845706,-21.84,28.54,-1.57,127.0757,-50.92959,137.496
1.847943,-21.84,28.54,-1.57,127.0757,-50.92959,137.496
1.850126,-21.84,28.54,-1.57,127.0757,-50.92959,137.496
1.852343,-21.84,28.54,-1.57,127.0757,-50.92959,137.496
1.854593,-21.84,28.54,-1.57,127.0757,-50.92959,137.496
1.85694,-21.84,28.54,-1.57,127.0757,-50.92959,137.496
1.859235,-21.12,28.78,-2.05,128.225,-49.52934,137.6688
1.861532,-21.12,28.78,-2.05,128.225,-49.52934,137.6688
1.863661,-21.12,28.78,-2.05,128.225,-49.52934,137.6688
1.865887,-21.12,28.78,-2.05,128.225,-49.52934,137.6688
1.868098,-21.12,28.78,-2.05,128.225,-49.52934,137.6688
1.870339,-21.12,28.78,-2.05,128.225,-49.52934,137.6688
1.872674,-21.12,28.78,-2.05,128.225,-49.52934,137.6688
1.874935,-19.92,29.26,-3.01,130.2742,-47.21004,138.0122
1.877207,-19.92,29.26,-3.01,130.2742,-47.21004,138.0122
1.879323,-19.92,29.26,-3.01,130.2742,-47.21004,138.0122
1.881518,-19.92,29.26,-3.01,130.2742,-47.21004,138.0122
1.883712,-19.92,29.26,-3.01,130.2742,-47.21004,138.0122
1.885943,-19.92,29.26,-3.01,130.2742,-47.21004,138.0122
1.888251,-19.92,29.26,-3.01,130.2742,-47.21004,138.0122
1.89049,-19.92,29.26,-3.01,131.7547,-44.64778,138.1828
1.892785,-18.72,29.5,-3.49,131.7547,-44.64778,138.1828
1.894908,-18.72,29.5,-3.49,131.7547,-44.64778,138.1828
1.89728,-18.72,29.5,-3.49,131.7547,-44.64778,138.1828
1.899398,-18.72,29.5,-3.49,131.7547,-44.64778,138.1828
1.902031,-18.72,29.5,-3.49,131.7547,-44.64778,138.1828
1.904801,-18.72,29.5,-3.49,131.7547,-44.64778,138.1828
1.907181,-18.48,29.98,-4.45,132.9759,-44.44151,138.5216
1.909608,-18.48,29.98,-4.45,132.9759,-44.44151,138.5216
1.912021,-18.48,29.98,-4.45,132.9759,-44.44151,138.5216
1.914314,-18.48,29.98,-4.45,132.9759,-44.44151,138.5216
1.916712,-18.48,29.98,-4.45,132.9759,-44.44151,138.5216
1.919374,-18.48,29.98,-4.45,132.9759,-44.44151,138.5216
1.922193,-18.48,29.98,-4.45,132.9759,-44.44151,138.5216
1.92523,-18.48,29.98,-4.45,132.9759,-44.44151,138.5216
1.927559,-18.48,29.98,-4.45,132.9759,-44.44151,138.5216
1.929848,-18.48,29.98,-4.45,132.9759,-44.44151,138.5216
1.93217,-18.48,29.98,-4.45,132.9759,-44.44151,138.5216
1.934718,-18.48,29.98,-4.45,135.7746,-40.37298,137.6723
1.937072,-16.56,30.94,-5.41,135.7746,-40.37298,137.6723
1.939942,-16.56,30.94,-5.41,135.7746,-40.37298,137.6723
1.942082,-16.56,30.94,-5.41,135.7746,-40.37298,137.6723
1.944341,-16.56,30.94,-5.41,135.7746,-40.37298,137.6723
1.946688,-16.56,30.94,-5.41,135.7746,-40.37298,137.6723
1.948934,-16.56,30.94,-5.41,135.7746,-40.37298,137.6723
1.951343,-15.84,31.18,-6.37,137.1306,-38.90746,138.5934
1.953739,-15.84,31.18,-6.37,137.1306,-38.90746,138.5934
1.956072,-15.84,31.18,-6.37,137.1306,-38.90746,138.5934
1.958232,-15.84,31.18,-6.37,137.1306,-38.90746,138.5934
1.960489,-15.84,31.18,-6.37,137.1306,-38.90746,138.5934
1.962701,-15.84,31.18,-6.37,137.1306,-38.90746,138.5934
1.96495,-15.84,31.18,-6.37,137.1306,-38.90746,138.5934
1.96731,-15.36,31.66,-7.09,138.3098,-37.993,138.5373
1.96977,-15.36,31.66,-7.09,138.3098,-37.993,138.5373
1.972215,-15.36,31.66,-7.09,138.3098,-37.993,138.5373
1.974354,-15.36,31.66,-7.09,138.3098,-37.993,138.5373
1.976607,-15.36,31.66,-7.09,138.3098,-37.993,138.5373
1.978744,-15.36,31.66,-7.09,138.3098,-37.993,138.5373
1.981019,-15.36,31.66,-7.09,138.3098,-37.993,138.5373
1.983297,-14.4,32.14,-7.57,139.6158,-35.84725,138.0946
1.985725,-14.4,32.14,-7.57,139.6158,-35.84725,138.0946
1.9881,-14.4,32.14,-7.57,139.6158,-35.84725,138.0946
1.990265,-14.4,32.14,-7.57,139.6158,-35.84725,138.0946
1.992529,-14.4,32.14,-7.57,139.6158,-35.84725,138.0946
1.994711,-14.4,32.14,-7.57,139.6158,-35.84725,138.0946
1.99698,-14.4,32.14,-7.57,139.6158,-35.84725,138.0946
1.999391,-13.68,32.62,-8.29,140.9111,-34.29832,138.0273
2.002017,-13.68,32.62,-8.29,140.9111,-34.29832,138.0273
2.004401,-13.68,32.62,-8.29,140.9111,-34.29832,138.0273
2.00655,-13.68,32.62,-8.29,140.9111,-34.29832,138.0273
2.008754,-13.68,32.62,-8.29,140.9111,-34.29832,138.0273
2.010895,-13.68,32.62,-8.29,140.9111,-34.29832,138.0273
2.013121,-13.68,32.62,-8.29,140.9111,-34.29832,138.0273
2.015369,-12.72,32.62,-9.49,142.2881,-32.11821,139.9446
2.017786,-12.72,32.62,-9.49,142.2881,-32.11821,139.9446
2.020113,-12.72,32.62,-9.49,142.2881,-32.11821,139.9446
2.022245,-12.72,32.62,-9.49,142.2881,-32.11821,139.9446
2.024417,-12.72,32.62,-9.49,142.2881,-32.11821,139.9446
2.026569,-12.72,32.62,-9.49,142.2881,-32.11821,139.9446
2.028747,-12.72,32.62,-9.49,142.2881,-32.11821,139.9446
2.031004,-11.76,33.1,-9.49,143.1699,-29.80545,138.721
2.033337,-11.76,33.1,-9.49,143.1699,-29.80545,138.721
2.035792,-11.76,33.1,-9.49,143.1699,-29.80545,138.721
2.037982,-11.76,33.1,-9.49,143.1699,-29.80545,138.721
2.040192,-11.76,33.1,-9.49,143.1699,-29.80545,138.721
2.042343,-11.76,33.1,-9.49,143.1699,-29.80545,138.721
2.04454,-11.76,33.1,-9.49,143.1699,-29.80545,138.721
2.046719,-11.76,33.1,-9.49,143.1699,-29.80545,138.721
2.049066,-11.52,33.82,-10.21,144.3207,-29.41485,138.0281
2.051314,-11.52,33.82,-10.21,144.3207,-29.41485,138.0281
2.053791,-11.52,33.82,-10.21,144.3207,-29.41485,138.0281
2.056239,-11.52,33.82,-10.21,144.3207,-29.41485,138.0281
2.058398,-11.52,33.82,-10.21,144.3207,-29.41485,138.0281
2.06071,-11.52,33.82,-10.21,144.3207,-29.41485,138.0281
2.062989,-10.56,34.06,-10.93,145.4616,-27.11731,138.5633
2.065314,-10.56,34.06,-10.93,145.4616,-27.11731,138.5633
2.067767,-10.56,34.06,-10.93,145.4616,-27.11731,138.5633
2.07006,-10.56,34.06,-10.93,145.4616,-27.11731,138.5633
2.072304,-10.56,34.06,-10.93,145.4616,-27.11731,138.5633
2.07447,-10.56,34.06,-10.93,145.4616,-27.11731,138.5633
2.076708,-10.56,34.06,-10.93,145.4616,-27.11731,138.5633
2.079154,-9.6,34.78,-11.65,146.9176,-24.84926,137.853
2.08179,-9.6,34.78,-11.65,146.9176,-24.84926,137.853
2.084271,-9.6,34.78,-11.65,146.9176,-24.84926,137.853
2.086429,-9.6,34.78,-11.65,146.9176,-24.84926,137.853
2.088675,-9.6,34.78,-11.65,146.9176,-24.84926,137.853
2.090819,-9.6,34.78,-11.65,146.9176,-24.84926,137.853
2.093059,-9.6,34.78,-11.65,146.9176,-24.84926,137.853
2.09535,-8.88,35.26,-12.13,147.8961,-23.10703,137.3722
2.099096,-8.88,35.26,-12.13,147.8961,-23.10703,137.3722
2.101772,-8.88,35.26,-12.13,147.8961,-23.10703,137.3722
2.104327,-8.88,35.26,-12.13,147.8961,-23.10703,137.3722
2.106726,-8.88,35.26,-12.13,147.8961,-23.10703,137.3722
2.109556,-8.88,35.26,-12.13,147.8961,-23.10703,137.3722
2.112766,-8.88,35.26,-12.13,147.8961,-23.10703,137.3722
2.115058,-8.4,35.5,-12.37,148.4224,-21.91711,137.1297
2.117352,-8.4,35.5,-12.37,148.4224,-21.91711,137.1297
2.119487,-8.4,35.5,-12.37,148.4224,-21.91711,137.1297
2.121664,-8.4,35.5,-12.37,148.4224,-21.91711,137.1297
2.123861,-8.4,35.5,-12.37,148.4224,-21.91711,137.1297
2.126148,-8.4,35.5,-12.37,148.4224,-21.91711,137.1297
2.12852,-8.4,35.5,-12.37,148.4224,-21.91711,137.1297
2.130773,-7.68,35.98,-12.61,149.1961,-20.11908,136.2555
2.133155,-7.68,35.98,-12.61,149.1961,-20.11908,136.2555
2.135284,-7.68,35.98,-12.61,149.1961,-20.11908,136.2555
2.137528,-7.68,35.98,-12.61,149.1961,-20.11908,136.2555
2.13967,-7.68,35.98,-12.61,149.1961,-20.11908,136.2555
2.142014,-7.68,35.98,-12.61,149.1961,-20.11908,136.2555
2.144365,-7.68,35.98,-12.61,149.1961,-20.11908,136.2555
2.146641,-7.68,35.98,-12.61,150.0298,-20.2315,136.1453
2.148939,-7.68,36.46,-13.33,150.0298,-20.2315,136.1453
2.151097,-7.68,36.46,-13.33,150.0298,-20.2315,136.1453
2.153371,-7.68,36.46,-13.33,150.0298,-20.2315,136.1453
2.155509,-7.68,36.46,-13.33,150.0298,-20.2315,136.1453
2.157842,-7.68,36.46,-13.33,150.0298,-20.2315,136.1453
2.16018,-7.68,36.46,-13.33,150.0298,-20.2315,136.1453
2.162422,-7.68,36.46,-13.33,150.606,-18.38538,135.8957
2.16471,-6.96,36.7,-13.57,150.606,-18.38538,135.8957
2.166853,-6.96,36.7,-13.57,150.606,-18.38538,135.8957
2.169096,-6.96,36.7,-13.57,150.606,-18.38538,135.8957
2.171239,-6.96,36.7,-13.57,150.606,-18.38538,135.8957
2.173561,-6.96,36.7,-13.57,150.606,-18.38538,135.8957
2.175957,-6.96,36.7,-13.57,150.606,-18.38538,135.8957
2.178225,-6.96,36.7,-13.57,150.8444,-17.77352,136.2812
2.180514,-6.72,36.7,-13.81,150.8444,-17.77352,136.2812
2.182689,-6.72,36.7,-13.81,150.8444,-17.77352,136.2812
2.184864,-6.72,36.7,-13.81,150.8444,-17.77352,136.2812
2.187022,-6.72,36.7,-13.81,150.8444,-17.77352,136.2812
2.189196,-6.72,36.7,-13.81,150.8444,-17.77352,136.2812
2.191528,-6.72,36.7,-13.81,150.8444,-17.77352,136.2812
2.193868,-6.72,36.7,-13.81,151.1585,-16.52785,135.6447
2.196167,-6.24,36.94,-13.81,151.1585,-16.52785,135.6447
2.198322,-6.24,36.94,-13.81,151.1585,-16.52785,135.6447
2.200497,-6.24,36.94,-13.81,151.1585,-16.52785,135.6447
2.202632,-6.24,36.94,-13.81,151.1585,-16.52785,135.6447
2.204908,-6.24,36.94,-13.81,151.1585,-16.52785,135.6447
2.207208,-6.24,36.94,-13.81,151.1585,-16.52785,135.6447
2.209672,-6.24,36.94,-13.81,151.1585,-16.52785,135.6447
2.211964,-6.24,36.94,-13.81,151.2264,-15.89454,135.6447
2.214217,-6,36.94,-13.81,151.2264,-15.89454,135.6447
2.216448,-6,36.94,-13.81,151.2264,-15.89454,135.6447
2.218574,-6,36.94,-13.81,151.2264,-15.89454,135.6447
2.220738,-6,36.94,-13.81,151.2264,-15.89454,135.6447
2.223095,-6,36.94,-13.81,151.2264,-15.89454,135.6447
2.225526,-6,36.94,-13.81,151.2264,-15.89454,135.6447
2.227908,-6,36.94,-13.81,151.1272,-15.24435,135.2598
2.230161,-5.76,36.94,-13.57,151.1272,-15.24435,135.2598
2.232394,-5.76,36.94,-13.57,151.1272,-15.24435,135.2598
2.234586,-5.76,36.94,-13.57,151.1272,-15.24435,135.2598
2.237033,-5.76,36.94,-13.57,151.1272,-15.24435,135.2598
2.239316,-5.76,36.94,-13.57,151.1272,-15.24435,135.2598
2.241749,-5.76,36.94,-13.57,151.1897,-14.61118,135.2598
2.244097,-5.52,36.94,-13.57,151.1897,-14.61118,135.2598
2.24626,-5.52,36.94,-13.57,151.1897,-14.61118,135.2598
2.248485,-5.52,36.94,-13.57,151.1897,-14.61118,135.2598
2.250641,-5.52,36.94,-13.57,151.1897,-14.61118,135.2598
2.252874,-5.52,36.94,-13.57,151.1897,-14.61118,135.2598
2.254991,-5.52,36.94,-13.57,151.1897,-14.61118,135.2598
2.257313,-5.52,36.94,-13.57,151.1897,-14.61118,135.2598
2.259661,-5.52,36.94,-13.57,151.1375,-13.32914,135.8957
2.26201,-5.04,36.7,-13.57,151.1375,-13.32914,135.8957
2.264219,-5.04,36.7,-13.57,151.1375,-13.32914,135.8957
2.266332,-5.04,36.7,-13.57,151.1375,-13.32914,135.8957
2.268545,-5.04,36.7,-13.57,151.1375,-13.32914,135.8957
2.270671,-5.04,36.7,-13.57,151.1375,-13.32914,135.8957
2.27297,-5.04,36.7,-13.57,151.1375,-13.32914,135.8957
2.275199,-5.04,36.7,-13.57,151.1375,-13.32914,135.8957
2.277516,-5.04,36.7,-13.09,150.8065,-13.29995,135.1267
2.279754,-5.04,36.7,-13.09,150.8065,-13.29995,135.1267
2.281881,-5.04,36.7,-13.09,150.8065,-13.29995,135.1267
2.284103,-5.04,36.7,-13.09,150.8065,-13.29995,135.1267
2.286217,-5.04,36.7,-13.09,150.8065,-13.29995,135.1267
2.288487,-5.04,36.7,-13.09,150.8065,-13.29995,135.1267
2.290759,-5.04,36.7,-13.09,150.8065,-13.29995,135.1267
2.293032,-4.32,36.7,-12.85,150.7936,-11.39116,134.7432
2.295295,-4.32,36.7,-12.85,150.7936,-11.39116,134.7432
2.297512,-4.32,36.7,-12.85,150.7936,-11.39116,134.7432
2.29962,-4.32,36.7,-12.85,150.7936,-11.39116,134.7432
2.301814,-4.32,36.7,-12.85,150.7936,-11.39116,134.7432
2.304593,-4.32,36.7,-12.85,150.7936,-11.39116,134.7432
2.307396,-4.32,36.7,-12.85,150.7936,-11.39116,134.7432
2.310146,-3.6,36.7,-12.61,150.755,-9.484699,134.3605
2.312516,-3.6,36.7,-12.61,150.755,-9.484699,134.3605
2.314799,-3.6,36.7,-12.61,150.755,-9.484699,134.3605
2.317159,-3.6,36.7,-12.61,150.755,-9.484699,134.3605
2.319504,-3.6,36.7,-12.61,150.755,-9.484699,134.3605
2.322158,-3.6,36.7,-12.61,150.755,-9.484699,134.3605
2.324901,-3.12,36.7,-12.61,150.8292,-8.221419,134.3605
2.327264,-3.12,36.7,-12.61,150.8292,-8.221419,134.3605
2.329674,-3.12,36.7,-12.61,150.8292,-8.221419,134.3605
2.332072,-3.12,36.7,-12.61,150.8292,-8.221419,134.3605
2.334898,-3.12,36.7,-12.61,150.8292,-8.221419,134.3605
2.337381,-3.12,36.7,-12.61,150.8292,-8.221419,134.3605
2.339848,-3.12,36.7,-12.61,150.4847,-4.413708,135.2411
2.342129,-1.68,36.22,-12.37,150.4847,-4.413708,135.2411
2.344327,-1.68,36.22,-12.37,150.4847,-4.413708,135.2411
2.346485,-1.68,36.22,-12.37,150.4847,-4.413708,135.2411
2.34867,-1.68,36.22,-12.37,150.4847,-4.413708,135.2411
2.350792,-1.68,36.22,-12.37,150.4847,-4.413708,135.2411
2.353057,-1.68,36.22,-12.37,150.4847,-4.413708,135.2411
2.355248,-1.68,36.22,-12.37,150.4847,-4.413708,135.2411
2.35768,-1.2,35.5,-11.89,149.6667,-3.135072,136.3607
2.359898,-1.2,35.5,-11.89,149.6667,-3.135072,136.3607
2.362016,-1.2,35.5,-11.89,149.6667,-3.135072,136.3607
2.364209,-1.2,35.5,-11.89,149.6667,-3.135072,136.3607
2.366344,-1.2,35.5,-11.89,149.6667,-3.135072,136.3607
2.368734,-1.2,35.5,-11.89,149.6667,-3.135072,136.3607
2.370948,-1.2,35.5,-11.89,149.6667,-3.135072,136.3607
2.373203,-0.48,35.02,-11.17,148.8417,-1.246963,136.4608
2.375412,-0.48,35.02,-11.17,148.8417,-1.246963,136.4608
2.377613,-0.48,35.02,-11.17,148.8417,-1.246963,136.4608
2.379802,-0.48,35.02,-11.17,148.8417,-1.246963,136.4608
2.381939,-0.48,35.02,-11.17,148.8417,-1.246963,136.4608
2.384233,-0.48,35.02,-11.17,148.8417,-1.246963,136.4608
2.386466,-0.48,35.02,-11.17,148.8417,-1.246963,136.4608
2.388703,0,34.06,-10.69,147.8023,0,138.1784
2.390891,0,34.06,-10.69,147.8023,0,138.1784
2.395737,0,34.06,-10.69,147.8023,0,138.1784
2.397942,0,34.06,-10.69,147.8023,0,138.1784
2.400195,0,34.06,-10.69,147.8023,0,138.1784
2.402849,0,34.06,-10.69,147.8023,0,138.1784
2.405645,0.72,33.58,-9.73,146.7592,1.844328,137.8771
2.408054,0.72,33.58,-9.73,146.7592,1.844328,137.8771
2.410407,0.72,33.58,-9.73,146.7592,1.844328,137.8771
2.412804,0.72,33.58,-9.73,146.7592,1.844328,137.8771
2.415104,0.72,33.58,-9.73,146.7592,1.844328,137.8771
2.417634,0.72,33.58,-9.73,146.7592,1.844328,137.8771
2.420169,0.72,33.58,-9.73,146.7592,1.844328,137.8771
2.422867,1.68,32.86,-9.01,145.6569,4.272108,138.5655
2.42528,1.68,32.86,-9.01,145.6569,4.272108,138.5655
2.427916,1.68,32.86,-9.01,145.6569,4.272108,138.5655
2.430123,1.68,32.86,-9.01,145.6569,4.272108,138.5655
2.432455,1.68,32.86,-9.01,145.6569,4.272108,138.5655
2.434991,1.68,32.86,-9.01,145.6569,4.272108,138.5655
2.437424,2.4,32.62,-8.29,144.898,6.073027,138.0273
2.439896,2.4,32.62,-8.29,144.898,6.073027,138.0273
2.442164,2.4,32.62,-8.29,144.898,6.073027,138.0273
2.444494,2.4,32.62,-8.29,144.898,6.073027,138.0273
2.452695,2.4,32.62,-8.29,144.898,6.073027,138.0273
2.455225,2.4,32.62,-8.29,144.898,6.073027,138.0273
2.457735,2.4,32.62,-8.29,144.898,6.073027,138.0273
2.460292,2.4,32.62,-8.29,144.898,6.073027,138.0273
2.462791,2.4,32.62,-8.29,144.898,6.073027,138.0273
2.465494,2.4,32.62,-8.29,144.898,6.073027,138.0273
2.468092,2.4,32.62,-8.29,142.4366,8.961351,138.974
2.47058,3.6,31.18,-6.61,142.4366,8.961351,138.974
2.473116,3.6,31.18,-6.61,142.4366,8.961351,138.974
2.475523,3.6,31.18,-6.61,142.4366,8.961351,138.974
2.478018,3.6,31.18,-6.61,142.4366,8.961351,138.974
2.480549,3.6,31.18,-6.61,142.4366,8.961351,138.974
2.483098,3.6,31.18,-6.61,142.4366,8.961351,138.974
2.485658,4.32,30.46,-5.89,141.2367,10.66922,139.6179
2.488143,4.32,30.46,-5.89,141.2367,10.66922,139.6179
2.490543,4.32,30.46,-5.89,141.2367,10.66922,139.6179
2.493085,4.32,30.46,-5.89,141.2367,10.66922,139.6179
2.495562,4.32,30.46,-5.89,141.2367,10.66922,139.6179
2.498002,4.32,30.46,-5.89,141.2367,10.66922,139.6179
2.500385,4.32,30.46,-5.89,140.2733,15.33765,138.4783
2.502674,6.24,30.46,-5.17,140.2733,15.33765,138.4783
2.504933,6.24,30.46,-5.17,140.2733,15.33765,138.4783
2.507067,6.24,30.46,-5.17,140.2733,15.33765,138.4783
2.509297,6.24,30.46,-5.17,140.2733,15.33765,138.4783
2.511664,6.24,30.46,-5.17,140.2733,15.33765,138.4783
2.51419,6.24,30.46,-5.17,140.2733,15.33765,138.4783
2.51654,6.24,30.46,-5.17,139.7345,13.50413,138.9
2.518793,5.52,29.98,-4.69,139.7345,13.50413,138.9
2.521029,5.52,29.98,-4.69,139.7345,13.50413,138.9
2.523397,5.52,29.98,-4.69,139.7345,13.50413,138.9
2.525649,5.52,29.98,-4.69,139.7345,13.50413,138.9
2.527976,5.52,29.98,-4.69,139.7345,13.50413,138.9
2.53028,5.52,29.98,-4.69,139.7345,13.50413,138.9
2.532621,5.52,29.98,-4.69,138.5339,14.5605,138.5596
2.534871,6,29.5,-3.73,138.5339,14.5605,138.5596
2.537095,6,29.5,-3.73,138.5339,14.5605,138.5596
2.539237,6,29.5,-3.73,138.5339,14.5605,138.5596
2.541452,6,29.5,-3.73,138.5339,14.5605,138.5596
2.543666,6,29.5,-3.73,138.5339,14.5605,138.5596
2.546077,6,29.5,-3.73,138.5339,14.5605,138.5596
2.548418,6,29.5,-3.73,137.4301,16.19296,139.5491
2.550659,6.72,28.78,-3.25,137.4301,16.19296,139.5491
2.552851,6.72,28.78,-3.25,137.4301,16.19296,139.5491
2.554958,6.72,28.78,-3.25,137.4301,16.19296,139.5491
2.557143,6.72,28.78,-3.25,137.4301,16.19296,139.5491
2.559269,6.72,28.78,-3.25,137.4301,16.19296,139.5491
2.561708,6.72,28.78,-3.25,137.4301,16.19296,139.5491
2.56398,6.72,28.78,-3.25,136.9282,17.29805,138.7947
2.566213,7.2,28.78,-2.77,136.9282,17.29805,138.7947
2.568446,7.2,28.78,-2.77,136.9282,17.29805,138.7947
2.570663,7.2,28.78,-2.77,136.9282,17.29805,138.7947
2.572885,7.2,28.78,-2.77,136.9282,17.29805,138.7947
2.575029,7.2,28.78,-2.77,136.9282,17.29805,138.7947
2.577427,7.2,28.78,-2.77,136.9282,17.29805,138.7947
2.579774,7.2,28.78,-2.77,135.6832,18.29687,139.3927
2.582032,7.68,28.06,-2.05,135.6832,18.29687,139.3927
2.584257,7.68,28.06,-2.05,135.6832,18.29687,139.3927
2.586396,7.68,28.06,-2.05,135.6832,18.29687,139.3927
2.588618,7.68,28.06,-2.05,135.6832,18.29687,139.3927
2.590733,7.68,28.06,-2.05,135.6832,18.29687,139.3927
2.593078,7.68,28.06,-2.05,135.6832,18.29687,139.3927
2.595325,7.68,28.06,-2.05,135.6832,18.29687,139.3927
2.597728,8.88,27.58,-1.57,134.5383,21.02002,139.7837
2.599895,8.88,27.58,-1.57,134.5383,21.02002,139.7837
2.602032,8.88,27.58,-1.57,134.5383,21.02002,139.7837
2.604213,8.88,27.58,-1.57,134.5383,21.02002,139.7837
2.606313,8.88,27.58,-1.57,134.5383,21.02002,139.7837
2.608557,8.88,27.58,-1.57,134.5383,21.02002,139.7837
2.610812,8.88,27.58,-1.57,134.5383,21.02002,139.7837
2.61316,10.08,27.58,-1.09,133.7037,23.76811,139.0323
2.615457,10.08,27.58,-1.09,133.7037,23.76811,139.0323
2.617655,10.08,27.58,-1.09,133.7037,23.76811,139.0323
2.619832,10.08,27.58,-1.09,133.7037,23.76811,139.0323
2.621967,10.08,27.58,-1.09,133.7037,23.76811,139.0323
2.624201,10.08,27.58,-1.09,133.7037,23.76811,139.0323
2.626456,10.08,27.58,-1.09,133.7037,23.76811,139.0323
2.62874,10.08,27.1,-0.13,132.6001,23.57191,138.6689
2.630974,10.08,27.1,-0.13,132.6001,23.57191,138.6689
2.633166,10.08,27.1,-0.13,132.6001,23.57191,138.6689
2.635306,10.08,27.1,-0.13,132.6001,23.57191,138.6689
2.637491,10.08,27.1,-0.13,132.6001,23.57191,138.6689
2.639742,10.08,27.1,-0.13,132.6001,23.57191,138.6689
2.642021,10.08,27.1,-0.13,132.6001,23.57191,138.6689
2.644276,10.08,27.1,-0.13,132.1329,24.06026,138.8589
2.646528,10.32,26.86,0.11,132.1329,24.06026,138.8589
2.648802,10.32,26.86,0.11,132.1329,24.06026,138.8589
2.650918,10.32,26.86,0.11,132.1329,24.06026,138.8589
2.653129,10.32,26.86,0.11,132.1329,24.06026,138.8589
2.655241,10.32,26.86,0.11,132.1329,24.06026,138.8589
2.657666,10.32,26.86,0.11,132.1329,24.06026,138.8589
2.65994,10.32,26.86,0.11,130.5869,26.04644,137.5605
2.66215,11.28,26.62,1.31,130.5869,26.04644,137.5605
2.664356,11.28,26.62,1.31,130.5869,26.04644,137.5605
2.666482,11.28,26.62,1.31,130.5869,26.04644,137.5605
2.668691,11.28,26.62,1.31,130.5869,26.04644,137.5605
2.670799,11.28,26.62,1.31,130.5869,26.04644,137.5605
2.673125,11.28,26.62,1.31,130.5869,26.04644,137.5605
2.675417,11.28,26.62,1.31,130.5869,26.04644,137.5605
2.677826,12.48,25.9,2.03,128.9125,28.53201,138.1165
2.680073,12.48,25.9,2.03,128.9125,28.53201,138.1165
2.682204,12.48,25.9,2.03,128.9125,28.53201,138.1165
2.684491,12.48,25.9,2.03,128.9125,28.53201,138.1165
2.686641,12.48,25.9,2.03,128.9125,28.53201,138.1165
2.688992,12.48,25.9,2.03,128.9125,28.53201,138.1165
2.691241,12.48,25.9,2.03,128.9125,28.53201,138.1165
2.693649,12.72,25.42,2.75,127.8631,28.8621,138.1096
2.695946,12.72,25.42,2.75,127.8631,28.8621,138.1096
2.698061,12.72,25.42,2.75,127.8631,28.8621,138.1096
2.700281,12.72,25.42,2.75,127.8631,28.8621,138.1096
2.702426,12.72,25.42,2.75,127.8631,28.8621,138.1096
2.704748,12.72,25.42,2.75,127.8631,28.8621,138.1096
2.707001,12.72,25.42,2.75,127.8631,28.8621,138.1096
2.70928,13.68,24.94,2.75,127.0062,30.91382,139.2062
2.711532,13.68,24.94,2.75,127.0062,30.91382,139.2062
2.713827,13.68,24.94,2.75,127.0062,30.91382,139.2062
2.716067,13.68,24.94,2.75,127.0062,30.91382,139.2062
2.718184,13.68,24.94,2.75,127.0062,30.91382,139.2062
2.720544,13.68,24.94,2.75,127.0062,30.91382,139.2062
2.722887,13.68,24.94,2.75,127.0062,30.91382,139.2062
2.725385,14.16,24.94,3.71,125.9758,31.78322,137.7292
2.727629,14.16,24.94,3.71,125.9758,31.78322,137.7292
2.729864,14.16,24.94,3.71,125.9758,31.78322,137.7292
2.732117,14.16,24.94,3.71,125.9758,31.78322,137.7292
2.734292,14.16,24.94,3.71,125.9758,31.78322,137.7292
2.736594,14.16,24.94,3.71,125.9758,31.78322,137.7292
2.738867,14.16,24.94,3.71,125.9758,31.78322,137.7292
2.741199,14.88,23.98,4.19,124.4777,33.07445,139.1598
2.743438,14.88,23.98,4.19,124.4777,33.07445,139.1598
2.745697,14.88,23.98,4.19,124.4777,33.07445,139.1598
2.747916,14.88,23.98,4.19,124.4777,33.07445,139.1598
2.750059,14.88,23.98,4.19,124.4777,33.07445,139.1598
2.75238,14.88,23.98,4.19,124.4777,33.07445,139.1598
2.754657,14.88,23.98,4.19,124.4777,33.07445,139.1598
2.756966,15.12,23.5,5.39,123.0184,33.23898,138.3931
2.759217,15.12,23.5,5.39,123.0184,33.23898,138.3931
2.761431,15.12,23.5,5.39,123.0184,33.23898,138.3931
2.763547,15.12,23.5,5.39,123.0184,33.23898,138.3931
2.765765,15.12,23.5,5.39,123.0184,33.23898,138.3931
2.768088,15.12,23.5,5.39,123.0184,33.23898,138.3931
2.770354,15.12,23.5,5.39,123.0184,33.23898,138.3931
2.772667,15.12,23.5,5.39,122.5594,34.21922,138.9265
2.7749,15.6,23.26,5.39,122.5594,34.21922,138.9265
2.777126,15.6,23.26,5.39,122.5594,34.21922,138.9265
2.779245,15.6,23.26,5.39,122.5594,34.21922,138.9265
2.781468,15.6,23.26,5.39,122.5594,34.21922,138.9265
2.783673,15.6,23.26,5.39,122.5594,34.21922,138.9265
2.786066,15.6,23.26,5.39,122.5594,34.21922,138.9265
2.788341,15.6,23.26,5.39,121.9514,35.70729,140.3606
2.790588,16.32,22.78,5.15,121.9514,35.70729,140.3606
2.792794,16.32,22.78,5.15,121.9514,35.70729,140.3606
2.794944,16.32,22.78,5.15,121.9514,35.70729,140.3606
2.797172,16.32,22.78,5.15,121.9514,35.70729,140.3606
2.799307,16.32,22.78,5.15,121.9514,35.70729,140.3606
2.801784,16.32,22.78,5.15,121.9514,35.70729,140.3606
2.804058,16.32,22.78,5.15,120.341,36.88381,138.1551
2.806326,17.04,22.78,6.59,120.341,36.88381,138.1551
2.808496,17.04,22.78,6.59,120.341,36.88381,138.1551
2.81063,17.04,22.78,6.59,120.341,36.88381,138.1551
2.812806,17.04,22.78,6.59,120.341,36.88381,138.1551
2.814954,17.04,22.78,6.59,120.341,36.88381,138.1551
2.817276,17.04,22.78,6.59,120.341,36.88381,138.1551
2.819753,17.04,22.78,6.59,119.0932,37.59566,138.1116
2.822116,17.52,22.3,7.31,119.0932,37.59566,138.1116
2.824354,17.52,22.3,7.31,119.0932,37.59566,138.1116
2.826487,17.52,22.3,7.31,119.0932,37.59566,138.1116
2.828699,17.52,22.3,7.31,119.0932,37.59566,138.1116
2.830832,17.52,22.3,7.31,119.0932,37.59566,138.1116
2.83317,17.52,22.3,7.31,119.0932,37.59566,138.1116
2.835481,17.52,22.3,7.31,119.0932,37.59566,138.1116
2.838066,18.24,21.34,7.79,117.5243,38.73098,139.4645
2.840279,18.24,21.34,7.79,117.5243,38.73098,139.4645
2.842424,18.24,21.34,7.79,117.5243,38.73098,139.4645
2.84464,18.24,21.34,7.79,117.5243,38.73098,139.4645
2.846812,18.24,21.34,7.79,117.5243,38.73098,139.4645
2.849186,18.24,21.34,7.79,117.5243,38.73098,139.4645
2.851487,18.24,21.34,7.79,117.5243,38.73098,139.4645
2.853835,18.72,20.86,8.03,116.6479,39.52852,140.1324
2.856044,18.72,20.86,8.03,116.6479,39.52852,140.1324
2.85818,18.72,20.86,8.03,116.6479,39.52852,140.1324
2.86042,18.72,20.86,8.03,116.6479,39.52852,140.1324
2.862557,18.72,20.86,8.03,116.6479,39.52852,140.1324
2.86487,18.72,20.86,8.03,116.6479,39.52852,140.1324
2.867112,18.72,20.86,8.03,116.6479,39.52852,140.1324
2.869433,19.44,20.38,8.99,115.018,40.59452,139.6956
2.871652,19.44,20.38,8.99,115.018,40.59452,139.6956
2.873869,19.44,20.38,8.99,115.018,40.59452,139.6956
2.876065,19.44,20.38,8.99,115.018,40.59452,139.6956
2.878192,19.44,20.38,8.99,115.018,40.59452,139.6956
2.880452,19.44,20.38,8.99,115.018,40.59452,139.6956
2.882717,19.44,20.38,8.99,115.018,40.59452,139.6956
2.88502,20.16,20.14,9.71,113.7414,41.75855,139.1123
2.887278,20.16,20.14,9.71,113.7414,41.75855,139.1123
2.889485,20.16,20.14,9.71,113.7414,41.75855,139.1123
2.891609,20.16,20.14,9.71,113.7414,41.75855,139.1123
2.893816,20.16,20.14,9.71,113.7414,41.75855,139.1123
2.896142,20.16,20.14,9.71,113.7414,41.75855,139.1123
2.898411,20.16,20.14,9.71,113.7414,41.75855,139.1123
2.900752,20.64,19.66,10.43,112.4546,42.35851,139.0346
2.903533,20.64,19.66,10.43,112.4546,42.35851,139.0346
2.906042,20.64,19.66,10.43,112.4546,42.35851,139.0346
2.908437,20.64,19.66,10.43,112.4546,42.35851,139.0346
2.910715,20.64,19.66,10.43,112.4546,42.35851,139.0346
2.913169,20.64,19.66,10.43,112.4546,42.35851,139.0346
2.915603,20.64,19.66,10.43,110.8209,43.87711,139.8128
2.918004,21.6,18.94,10.91,110.8209,43.87711,139.8128
2.921096,21.6,18.94,10.91,110.8209,43.87711,139.8128
2.923624,21.6,18.94,10.91,110.8209,43.87711,139.8128
2.926024,21.6,18.94,10.91,110.8209,43.87711,139.8128
2.928839,21.6,18.94,10.91,110.8209,43.87711,139.8128
2.931108,21.6,18.94,10.91,110.8209,43.87711,139.8128
2.933471,21.84,18.46,11.63,109.7053,43.96788,139.7185
2.936141,21.84,18.46,11.63,109.7053,43.96788,139.7185
2.938771,21.84,18.46,11.63,109.7053,43.96788,139.7185
2.941165,21.84,18.46,11.63,109.7053,43.96788,139.7185
2.943471,21.84,18.46,11.63,109.7053,43.96788,139.7185
2.945999,21.84,18.46,11.63,109.7053,43.96788,139.7185
2.948461,21.84,18.46,11.63,107.8086,45.85088,138.767
2.95086,23.04,18.22,12.59,107.8086,45.85088,138.767
2.953427,23.04,18.22,12.59,107.8086,45.85088,138.767
2.956413,23.04,18.22,12.59,107.8086,45.85088,138.767
2.958762,23.04,18.22,12.59,107.8086,45.85088,138.767
2.961194,23.04,18.22,12.59,107.8086,45.85088,138.767
2.963577,23.04,18.22,12.59,106.4946,46.88092,139.0256
2.966144,23.76,17.74,13.07,106.4946,46.88092,139.0256
2.968793,23.76,17.74,13.07,106.4946,46.88092,139.0256
2.971053,23.76,17.74,13.07,106.4946,46.88092,139.0256
2.973414,23.76,17.74,13.07,106.4946,46.88092,139.0256
2.976255,23.76,17.74,13.07,106.4946,46.88092,139.0256
2.978936,23.76,17.74,13.07,106.4946,46.88092,139.0256
2.98125,24.24,17.5,13.79,105.3401,47.43013,138.4347
2.983522,24.24,17.5,13.79,105.3401,47.43013,138.4347
2.985872,24.24,17.5,13.79,105.3401,47.43013,138.4347
2.988249,24.24,17.5,13.79,105.3401,47.43013,138.4347
2.990511,24.24,17.5,13.79,105.3401,47.43013,138.4347
2.992928,24.24,17.5,13.79,105.3401,47.43013,138.4347
2.995197,24.24,17.5,13.79,105.3401,47.43013,138.4347
2.997656,25.44,17.26,14.51,103.5671,49.26589,137.8457
2.999894,25.44,17.26,14.51,103.5671,49.26589,137.8457
3.00218,25.44,17.26,14.51,103.5671,49.26589,137.8457
3.004454,25.44,17.26,14.51,103.5671,49.26589,137.8457
3.006604,25.44,17.26,14.51,103.5671,49.26589,137.8457
3.008971,25.44,17.26,14.51,103.5671,49.26589,137.8457
3.011208,25.44,17.26,14.51,103.5671,49.26589,137.8457
3.013583,25.44,16.54,15.47,102.2814,48.65434,137.8554
3.015855,25.44,16.54,15.47,102.2814,48.65434,137.8554
3.017975,25.44,16.54,15.47,102.2814,48.65434,137.8554
3.020168,25.44,16.54,15.47,102.2814,48.65434,137.8554
3.022274,25.44,16.54,15.47,102.2814,48.65434,137.8554
3.024689,25.44,16.54,15.47,102.2814,48.65434,137.8554
3.026994,25.44,16.54,15.47,102.2814,48.65434,137.8554
3.029363,26.16,16.06,16.19,100.7403,49.48305,137.7358
3.031614,26.16,16.06,16.19,100.7403,49.48305,137.7358
3.033945,26.16,16.06,16.19,100.7403,49.48305,137.7358
3.036223,26.16,16.06,16.19,100.7403,49.48305,137.7358
3.038353,26.16,16.06,16.19,100.7403,49.48305,137.7358
3.040666,26.16,16.06,16.19,100.7403,49.48305,137.7358
3.042937,26.16,16.06,16.19,100.7403,49.48305,137.7358
3.045258,26.64,15.58,16.43,99.8009,50.06374,138.3189
3.047507,26.64,15.58,16.43,99.8009,50.06374,138.3189
3.049754,26.64,15.58,16.43,99.8009,50.06374,138.3189
3.051948,26.64,15.58,16.43,99.8009,50.06374,138.3189
3.054096,26.64,15.58,16.43,99.8009,50.06374,138.3189
3.056357,26.64,15.58,16.43,99.8009,50.06374,138.3189
3.058621,26.64,15.58,16.43,99.8009,50.06374,138.3189
3.060909,27.36,14.86,17.15,98.08701,50.75664,138.6488
3.063161,27.36,14.86,17.15,98.08701,50.75664,138.6488
3.065365,27.36,14.86,17.15,98.08701,50.75664,138.6488
3.067489,27.36,14.86,17.15,98.08701,50.75664,138.6488
3.069696,27.36,14.86,17.15,98.08701,50.75664,138.6488
3.072097,27.36,14.86,17.15,98.08701,50.75664,138.6488
3.074393,27.36,14.86,17.15,98.08701,50.75664,138.6488
3.076673,27.36,14.86,17.15,96.52968,51.49875,138.5055
3.078913,28.08,14.38,17.87,96.52968,51.49875,138.5055
3.081147,28.08,14.38,17.87,96.52968,51.49875,138.5055
3.083267,28.08,14.38,17.87,96.52968,51.49875,138.5055
3.085503,28.08,14.38,17.87,96.52968,51.49875,138.5055
3.087762,28.08,14.38,17.87,96.52968,51.49875,138.5055
3.090071,28.08,14.38,17.87,96.52968,51.49875,138.5055
3.092338,28.08,14.38,17.87,95.48058,52.49089,137.7989
3.094595,28.8,14.38,18.35,95.48058,52.49089,137.7989
3.096834,28.8,14.38,18.35,95.48058,52.49089,137.7989
3.09899,28.8,14.38,18.35,95.48058,52.49089,137.7989
3.101208,28.8,14.38,18.35,95.48058,52.49089,137.7989
3.10334,28.8,14.38,18.35,95.48058,52.49089,137.7989
3.105761,28.8,14.38,18.35,95.48058,52.49089,137.7989
3.108055,28.8,14.38,18.35,93.68525,53.56723,137.6517
3.110336,29.76,13.9,19.07,93.68525,53.56723,137.6517
3.11262,29.76,13.9,19.07,93.68525,53.56723,137.6517
3.114758,29.76,13.9,19.07,93.68525,53.56723,137.6517
3.116958,29.76,13.9,19.07,93.68525,53.56723,137.6517
3.119098,29.76,13.9,19.07,93.68525,53.56723,137.6517
3.121608,29.76,13.9,19.07,93.68525,53.56723,137.6517
3.124107,29.76,13.9,19.07,92.14767,54.23581,138.2978
3.126585,30.48,13.18,19.55,92.14767,54.23581,138.2978
3.128922,30.48,13.18,19.55,92.14767,54.23581,138.2978
3.131063,30.48,13.18,19.55,92.14767,54.23581,138.2978
3.133289,30.48,13.18,19.55,92.14767,54.23581,138.2978
3.135515,30.48,13.18,19.55,92.14767,54.23581,138.2978
3.137844,30.48,13.18,19.55,92.14767,54.23581,138.2978
3.140099,30.48,13.18,19.55,90.79507,54.46894,138.1335
3.1423,30.96,12.7,20.27,90.79507,54.46894,138.1335
3.144517,30.96,12.7,20.27,90.79507,54.46894,138.1335
3.146671,30.96,12.7,20.27,90.79507,54.46894,138.1335
3.148877,30.96,12.7,20.27,90.79507,54.46894,138.1335
3.151016,30.96,12.7,20.27,90.79507,54.46894,138.1335
3.153341,30.96,12.7,20.27,90.79507,54.46894,138.1335
3.155582,30.96,12.7,20.27,89.74649,54.86752,137.0835
3.157896,31.44,12.7,20.99,89.74649,54.86752,137.0835
3.160121,31.44,12.7,20.99,89.74649,54.86752,137.0835
3.162256,31.44,12.7,20.99,89.74649,54.86752,137.0835
3.164495,31.44,12.7,20.99,89.74649,54.86752,137.0835
3.166623,31.44,12.7,20.99,89.74649,54.86752,137.0835
3.168906,31.44,12.7,20.99,89.74649,54.86752,137.0835
3.171107,31.44,12.7,20.99,89.74649,54.86752,137.0835
3.173359,32.16,12.22,21.47,88.35741,55.55553,137.2643
3.175555,32.16,12.22,21.47,88.35741,55.55553,137.2643
3.177768,32.16,12.22,21.47,88.35741,55.55553,137.2643
3.179934,32.16,12.22,21.47,88.35741,55.55553,137.2643
3.182078,32.16,12.22,21.47,88.35741,55.55553,137.2643
3.184311,32.16,12.22,21.47,88.35741,55.55553,137.2643
3.186579,32.16,12.22,21.47,88.35741,55.55553,137.2643
3.188821,33.12,12.22,22.43,86.62607,56.51392,135.878
3.194547,33.12,12.22,22.43,86.62607,56.51392,135.878
3.205542,33.12,12.22,22.43,86.62607,56.51392,135.878
3.20814,33.12,12.22,22.43,86.62607,56.51392,135.878
3.210563,33.12,12.22,22.43,86.62607,56.51392,135.878
3.213381,33.12,12.22,22.43,86.62607,56.51392,135.878
3.216679,33.6,11.26,23.15,84.98099,56.46123,136.564
3.218923,33.6,11.26,23.15,84.98099,56.46123,136.564
3.221221,33.6,11.26,23.15,84.98099,56.46123,136.564
3.223499,33.6,11.26,23.15,84.98099,56.46123,136.564
3.225855,33.6,11.26,23.15,84.98099,56.46123,136.564
3.228209,33.6,11.26,23.15,84.98099,56.46123,136.564
3.230334,33.6,11.26,23.15,84.98099,56.46123,136.564
3.232678,33.6,11.26,23.39,84.78323,56.32983,136.2189
3.234881,33.6,11.26,23.39,84.78323,56.32983,136.2189
3.237204,33.6,11.26,23.39,84.78323,56.32983,136.2189
3.2394,33.6,11.26,23.39,84.78323,56.32983,136.2189
3.241656,33.6,11.26,23.39,84.78323,56.32983,136.2189
3.24388,33.6,11.26,23.39,84.78323,56.32983,136.2189
3.246004,33.6,11.26,23.39,84.78323,56.32983,136.2189
3.248278,33.6,11.26,23.39,84.20517,56.45561,136.2999
3.250537,33.84,11.02,23.63,84.20517,56.45561,136.2999
3.252804,33.84,11.02,23.63,84.20517,56.45561,136.2999
3.254992,33.84,11.02,23.63,84.20517,56.45561,136.2999
3.257144,33.84,11.02,23.63,84.20517,56.45561,136.2999
3.25928,33.84,11.02,23.63,84.20517,56.45561,136.2999
3.261476,33.84,11.02,23.63,84.20517,56.45561,136.2999
3.263748,33.84,11.02,23.63,84.06075,56.35878,136.7242
3.266004,33.84,10.78,23.63,84.06075,56.35878,136.7242
3.268305,33.84,10.78,23.63,84.06075,56.35878,136.7242
3.270538,33.84,10.78,23.63,84.06075,56.35878,136.7242
3.272754,33.84,10.78,23.63,84.06075,56.35878,136.7242
3.274867,33.84,10.78,23.63,84.06075,56.35878,136.7242
3.277103,33.84,10.78,23.63,84.06075,56.35878,136.7242
3.279218,33.84,10.78,23.63,84.06075,56.35878,136.7242
3.281442,33.84,10.78,23.63,84.06075,56.35878,136.7242
3.283736,33.84,10.78,23.63,84.06075,56.35878,136.7242
3.286006,33.84,10.78,23.63,84.06075,56.35878,136.7242
3.28828,33.84,10.78,23.63,84.06075,56.35878,136.7242
3.290404,33.84,10.78,23.63,84.06075,56.35878,136.7242
3.292563,33.84,10.78,23.63,84.06075,56.35878,136.7242
3.294701,33.84,10.78,23.63,84.06075,56.35878,136.7242
3.296899,33.84,10.78,23.63,84.06075,56.35878,136.7242
3.299107,33.6,10.78,23.63,84.29608,56.00618,136.7242
3.301331,33.6,10.78,23.63,84.29608,56.00618,136.7242
3.303638,33.6,10.78,23.63,84.29608,56.00618,136.7242
3.305804,33.6,10.78,23.63,84.29608,56.00618,136.7242
3.307987,33.6,10.78,23.63,84.29608,56.00618,136.7242
3.310102,33.6,10.78,23.63,84.29608,56.00618,136.7242
3.312316,33.6,10.78,23.63,84.29608,56.00618,136.7242
3.314522,33.6,10.78,23.63,84.56345,55.16829,136.3791
3.31675,33.12,10.78,23.87,84.56345,55.16829,136.3791
3.318983,33.12,10.78,23.87,84.56345,55.16829,136.3791
3.321277,33.12,10.78,23.87,84.56345,55.16829,136.3791
3.323396,33.12,10.78,23.87,84.56345,55.16829,136.3791
3.325631,33.12,10.78,23.87,84.56345,55.16829,136.3791
3.327845,33.12,10.78,23.87,84.56345,55.16829,136.3791
3.330056,33.12,10.78,23.87,85.45049,54.22853,136.7242
3.332415,32.4,10.78,23.63,85.45049,54.22853,136.7242
3.334612,32.4,10.78,23.63,85.45049,54.22853,136.7242
3.336942,32.4,10.78,23.63,85.45049,54.22853,136.7242
3.339065,32.4,10.78,23.63,85.45049,54.22853,136.7242
3.341302,32.4,10.78,23.63,85.45049,54.22853,136.7242
3.343417,32.4,10.78,23.63,85.45049,54.22853,136.7242
3.345725,32.4,10.78,23.63,86.12518,53.15048,136.7242
3.347992,31.68,10.78,23.63,86.12518,53.15048,136.7242
3.350206,31.68,10.78,23.63,86.12518,53.15048,136.7242
3.352477,31.68,10.78,23.63,86.12518,53.15048,136.7242
3.354594,31.68,10.78,23.63,86.12518,53.15048,136.7242
3.356747,31.68,10.78,23.63,86.12518,53.15048,136.7242
3.358879,31.68,10.78,23.63,86.12518,53.15048,136.7242
3.36104,31.68,10.78,23.63,86.12518,53.15048,136.7242
3.363233,30.96,10.78,23.63,86.78627,52.06402,136.7242
3.36548,30.96,10.78,23.63,86.78627,52.06402,136.7242
3.367825,30.96,10.78,23.63,86.78627,52.06402,136.7242
3.369938,30.96,10.78,23.63,86.78627,52.06402,136.7242
3.372097,30.96,10.78,23.63,86.78627,52.06402,136.7242
3.374216,30.96,10.78,23.63,86.78627,52.06402,136.7242
3.376388,30.96,10.78,23.63,86.78627,52.06402,136.7242
3.378582,30,10.78,23.87,87.44077,50.48395,136.3791
3.380806,30,10.78,23.87,87.44077,50.48395,136.3791
3.38303,30,10.78,23.87,87.44077,50.48395,136.3791
3.385263,30,10.78,23.87,87.44077,50.48395,136.3791
3.387417,30,10.78,23.87,87.44077,50.48395,136.3791
3.389617,30,10.78,23.87,87.44077,50.48395,136.3791
3.39181,30,10.78,23.87,87.44077,50.48395,136.3791
3.394049,30,10.78,23.87,89.24533,48.09385,136.2999
3.3963,28.32,11.02,23.63,89.24533,48.09385,136.2999
3.398484,28.32,11.02,23.63,89.24533,48.09385,136.2999
3.400773,28.32,11.02,23.63,89.24533,48.09385,136.2999
3.403595,28.32,11.02,23.63,89.24533,48.09385,136.2999
3.406074,28.32,11.02,23.63,89.24533,48.09385,136.2999
3.40846,28.32,11.02,23.63,89.24533,48.09385,136.2999
3.410804,26.88,10.78,23.63,90.27065,45.7573,136.7242
3.413219,26.88,10.78,23.63,90.27065,45.7573,136.7242
3.415644,26.88,10.78,23.63,90.27065,45.7573,136.7242
3.417963,26.88,10.78,23.63,90.27065,45.7573,136.7242
3.42046,26.88,10.78,23.63,90.27065,45.7573,136.7242
3.423319,26.88,10.78,23.63,90.27065,45.7573,136.7242
3.425987,26.88,10.78,23.63,91.39203,43.47434,136.7242
3.428325,25.44,10.78,23.63,91.39203,43.47434,136.7242
3.430568,25.44,10.78,23.63,91.39203,43.47434,136.7242
3.433061,25.44,10.78,23.63,91.39203,43.47434,136.7242
3.435476,25.44,10.78,23.63,91.39203,43.47434,136.7242
3.437735,25.44,10.78,23.63,91.39203,43.47434,136.7242
3.439964,25.44,10.78,23.63,91.39203,43.47434,136.7242
3.442185,25.44,10.78,23.63,92.06594,41.45335,136.3791
3.444448,24.24,10.78,23.87,92.06594,41.45335,136.3791
3.446834,24.24,10.78,23.87,92.06594,41.45335,136.3791
3.44917,24.24,10.78,23.87,92.06594,41.45335,136.3791
3.451339,24.24,10.78,23.87,92.06594,41.45335,136.3791
3.45364,24.24,10.78,23.87,92.06594,41.45335,136.3791
3.455851,24.24,10.78,23.87,92.06594,41.45335,136.3791
3.458046,24.24,10.78,23.87,93.29748,39.21864,136.7242
3.46034,22.8,10.78,23.63,93.29748,39.21864,136.7242
3.462624,22.8,10.78,23.63,93.29748,39.21864,136.7242
3.464941,22.8,10.78,23.63,93.29748,39.21864,136.7242
3.467228,22.8,10.78,23.63,93.29748,39.21864,136.7242
3.469503,22.8,10.78,23.63,93.29748,39.21864,136.7242
3.471654,22.8,10.78,23.63,93.29748,39.21864,136.7242
3.473995,22.8,10.78,23.63,94.70934,35.67438,136.7242
3.476273,20.64,10.78,23.63,94.70934,35.67438,136.7242
3.478758,20.64,10.78,23.63,94.70934,35.67438,136.7242
3.481082,20.64,10.78,23.63,94.70934,35.67438,136.7242
3.483215,20.64,10.78,23.63,94.70934,35.67438,136.7242
3.485448,20.64,10.78,23.63,94.70934,35.67438,136.7242
3.487609,20.64,10.78,23.63,94.70934,35.67438,136.7242
3.490538,20.64,10.78,23.63,95.71452,32.88242,136.7242
3.492905,18.96,10.78,23.63,95.71452,32.88242,136.7242
3.49519,18.96,10.78,23.63,95.71452,32.88242,136.7242
3.497478,18.96,10.78,23.63,95.71452,32.88242,136.7242
3.499633,18.96,10.78,23.63,95.71452,32.88242,136.7242
3.501901,18.96,10.78,23.63,95.71452,32.88242,136.7242
3.504343,18.96,10.78,23.63,95.71452,32.88242,136.7242
3.507016,17.52,10.78,23.63,96.51061,30.46673,136.7242
3.509701,17.52,10.78,23.63,96.51061,30.46673,136.7242
3.512136,17.52,10.78,23.63,96.51061,30.46673,136.7242
3.514405,17.52,10.78,23.63,96.51061,30.46673,136.7242
3.516751,17.52,10.78,23.63,96.51061,30.46673,136.7242
3.519052,17.52,10.78,23.63,96.51061,30.46673,136.7242
3.524399,15.84,10.78,23.63,97.36233,27.6242,136.7242
3.52693,15.84,10.78,23.63,97.36233,27.6242,136.7242
3.529342,15.84,10.78,23.63,97.36233,27.6242,136.7242
3.531661,15.84,10.78,23.63,97.36233,27.6242,136.7242
3.534588,15.84,10.78,23.63,97.36233,27.6242,136.7242
3.536946,15.84,10.78,23.63,97.36233,27.6242,136.7242
3.539246,14.4,10.78,23.63,98.02579,25.16874,136.7242
3.541705,14.4,10.78,23.63,98.02579,25.16874,136.7242
3.544089,14.4,10.78,23.63,98.02579,25.16874,136.7242
3.546335,14.4,10.78,23.63,98.02579,25.16874,136.7242
3.548608,14.4,10.78,23.63,98.02579,25.16874,136.7242
3.550757,14.4,10.78,23.63,98.02579,25.16874,136.7242
3.553011,14.4,10.78,23.63,98.02579,25.16874,136.7242
3.555206,12.72,10.78,23.63,98.72153,22.28407,136.7242
3.557507,12.72,10.78,23.63,98.72153,22.28407,136.7242
3.559865,12.72,10.78,23.63,98.72153,22.28407,136.7242
3.562021,12.72,10.78,23.63,98.72153,22.28407,136.7242
3.564238,12.72,10.78,23.63,98.72153,22.28407,136.7242
3.566358,12.72,10.78,23.63,98.72153,22.28407,136.7242
3.568778,12.72,10.78,23.63,98.72153,22.28407,136.7242
3.571057,11.04,10.78,23.63,99.33241,19.38024,136.7242
3.575192,11.04,10.78,23.63,99.33241,19.38024,136.7242
3.577558,11.04,10.78,23.63,99.33241,19.38024,136.7242
3.579751,11.04,10.78,23.63,99.33241,19.38024,136.7242
3.581927,11.04,10.78,23.63,99.33241,19.38024,136.7242
3.584165,11.04,10.78,23.63,99.33241,19.38024,136.7242
3.586411,11.04,10.78,23.63,99.71649,17.29573,136.7242
3.588742,9.84,10.78,23.63,99.71649,17.29573,136.7242
3.591022,9.84,10.78,23.63,99.71649,17.29573,136.7242
3.593327,9.84,10.78,23.63,99.71649,17.29573,136.7242
3.595446,9.84,10.78,23.63,99.71649,17.29573,136.7242
3.59771,9.84,10.78,23.63,99.71649,17.29573,136.7242
3.599967,9.84,10.78,23.63,99.71649,17.29573,136.7242
3.602233,9.84,10.78,23.63,100.24,13.94511,136.7242
3.604503,7.92,10.78,23.63,100.24,13.94511,136.7242
3.606737,7.92,10.78,23.63,100.24,13.94511,136.7242
3.609047,7.92,10.78,23.63,100.24,13.94511,136.7242
3.611161,7.92,10.78,23.63,100.24,13.94511,136.7242
3.613313,7.92,10.78,23.63,100.24,13.94511,136.7242
3.615433,7.92,10.78,23.63,100.24,13.94511,136.7242
3.617707,7.92,10.78,23.63,100.5588,11.42167,136.7242
3.61999,6.48,10.78,23.63,100.5588,11.42167,136.7242
3.622232,6.48,10.78,23.63,100.5588,11.42167,136.7242
3.624544,6.48,10.78,23.63,100.5588,11.42167,136.7242
3.626682,6.48,10.78,23.63,100.5588,11.42167,136.7242
3.62889,6.48,10.78,23.63,100.5588,11.42167,136.7242
3.630998,6.48,10.78,23.63,100.5588,11.42167,136.7242
3.633167,6.48,10.78,23.63,100.5588,11.42167,136.7242
3.635436,5.04,10.78,23.87,100.5775,8.870152,136.3791
3.637931,5.04,10.78,23.87,100.5775,8.870152,136.3791
3.64027,5.04,10.78,23.87,100.5775,8.870152,136.3791
3.642394,5.04,10.78,23.87,100.5775,8.870152,136.3791
3.644642,5.04,10.78,23.87,100.5775,8.870152,136.3791
3.646811,5.04,10.78,23.87,100.5775,8.870152,136.3791
3.649066,5.04,10.78,23.87,100.5775,8.870152,136.3791
3.651309,3.84,11.74,23.87,101.4188,6.807349,134.6816
3.653679,3.84,11.74,23.87,101.4188,6.807349,134.6816
3.655978,3.84,11.74,23.87,101.4188,6.807349,134.6816
3.658091,3.84,11.74,23.87,101.4188,6.807349,134.6816
3.66029,3.84,11.74,23.87,101.4188,6.807349,134.6816
3.662473,3.84,11.74,23.87,101.4188,6.807349,134.6816
3.664685,3.84,11.74,23.87,101.4188,6.807349,134.6816
3.666894,2.4,11.02,23.63,101.2903,4.245321,136.2999
3.669187,2.4,11.02,23.63,101.2903,4.245321,136.2999
3.671459,2.4,11.02,23.63,101.2903,4.245321,136.2999
3.673719,2.4,11.02,23.63,101.2903,4.245321,136.2999
3.675929,2.4,11.02,23.63,101.2903,4.245321,136.2999
3.678044,2.4,11.02,23.63,101.2903,4.245321,136.2999
3.680272,2.4,11.02,23.63,101.2903,4.245321,136.2999
3.682488,2.4,11.02,23.63,100.9644,0.8458568,136.3791
3.684784,0.48,10.78,23.87,100.9644,0.8458568,136.3791
3.687043,0.48,10.78,23.87,100.9644,0.8458568,136.3791
3.689325,0.48,10.78,23.87,100.9644,0.8458568,136.3791
3.69146,0.48,10.78,23.87,100.9644,0.8458568,136.3791
3.693666,0.48,10.78,23.87,100.9644,0.8458568,136.3791
3.695927,0.48,10.78,23.87,100.9644,0.8458568,136.3791
3.698138,0.48,10.78,23.87,101.1973,-1.27175,136.7242
3.700439,-0.72,10.78,23.63,101.1973,-1.27175,136.7242
3.702654,-0.72,10.78,23.63,101.1973,-1.27175,136.7242
3.704967,-0.72,10.78,23.63,101.1973,-1.27175,136.7242
3.707094,-0.72,10.78,23.63,101.1973,-1.27175,136.7242
3.709381,-0.72,10.78,23.63,101.1973,-1.27175,136.7242
3.711517,-0.72,10.78,23.63,101.1973,-1.27175,136.7242
3.713826,-0.72,10.78,23.63,101.1334,-3.814448,136.7242
3.716082,-2.16,10.78,23.63,101.1334,-3.814448,136.7242
3.718302,-2.16,10.78,23.63,101.1334,-3.814448,136.7242
3.720592,-2.16,10.78,23.63,101.1334,-3.814448,136.7242
3.722712,-2.16,10.78,23.63,101.1334,-3.814448,136.7242
3.72495,-2.16,10.78,23.63,101.1334,-3.814448,136.7242
3.727196,-2.16,10.78,23.63,101.1334,-3.814448,136.7242
3.72958,-2.16,10.78,23.63,101.0314,-5.93159,136.7242
3.731862,-3.36,10.78,23.63,101.0314,-5.93159,136.7242
3.73405,-3.36,10.78,23.63,101.0314,-5.93159,136.7242
3.736375,-3.36,10.78,23.63,101.0314,-5.93159,136.7242
3.738518,-3.36,10.78,23.63,101.0314,-5.93159,136.7242
3.740835,-3.36,10.78,23.63,101.0314,-5.93159,136.7242
3.743043,-3.36,10.78,23.63,101.0314,-5.93159,136.7242
3.745268,-3.36,10.78,23.63,101.0314,-5.93159,136.7242
3.74753,-5.04,10.78,23.63,100.814,-8.891011,136.7242
3.749795,-5.04,10.78,23.63,100.814,-8.891011,136.7242
3.752075,-5.04,10.78,23.63,100.814,-8.891011,136.7242
3.754228,-5.04,10.78,23.63,100.814,-8.891011,136.7242
3.756391,-5.04,10.78,23.63,100.814,-8.891011,136.7242
3.758512,-5.04,10.78,23.63,100.814,-8.891011,136.7242
3.76067,-5.04,10.78,23.63,100.814,-8.891011,136.7242
3.76289,-6,10.78,23.63,100.6509,-10.57884,136.7242
3.765129,-6,10.78,23.63,100.6509,-10.57884,136.7242
3.767375,-6,10.78,23.63,100.6509,-10.57884,136.7242
3.769633,-6,10.78,23.63,100.6509,-10.57884,136.7242
3.771829,-6,10.78,23.63,100.6509,-10.57884,136.7242
3.773962,-6,10.78,23.63,100.6509,-10.57884,136.7242
3.77614,-6,10.78,23.63,100.6509,-10.57884,136.7242
3.778358,-6,10.78,23.63,100.2975,-13.52511,136.7242
3.780627,-7.68,10.78,23.63,100.2975,-13.52511,136.7242
3.782882,-7.68,10.78,23.63,100.2975,-13.52511,136.7242
3.785135,-7.68,10.78,23.63,100.2975,-13.52511,136.7242
3.787269,-7.68,10.78,23.63,100.2975,-13.52511,136.7242
3.789555,-7.68,10.78,23.63,100.2975,-13.52511,136.7242
3.791747,-7.68,10.78,23.63,100.2975,-13.52511,136.7242
3.794209,-7.68,10.78,23.63,99.75769,-15.58596,136.3791
3.796482,-8.88,10.78,23.87,99.75769,-15.58596,136.3791
3.798735,-8.88,10.78,23.87,99.75769,-15.58596,136.3791
3.801001,-8.88,10.78,23.87,99.75769,-15.58596,136.3791
3.803138,-8.88,10.78,23.87,99.75769,-15.58596,136.3791
3.80532,-8.88,10.78,23.87,99.75769,-15.58596,136.3791
3.807464,-8.88,10.78,23.87,99.75769,-15.58596,136.3791
3.809734,-8.88,10.78,23.87,99.5681,-18.1305,136.7242
3.811986,-10.32,10.78,23.63,99.5681,-18.1305,136.7242
3.8142,-10.32,10.78,23.63,99.5681,-18.1305,136.7242
3.816494,-10.32,10.78,23.63,99.5681,-18.1305,136.7242
3.818653,-10.32,10.78,23.63,99.5681,-18.1305,136.7242
3.82082,-10.32,10.78,23.63,99.5681,-18.1305,136.7242
3.822941,-10.32,10.78,23.63,99.5681,-18.1305,136.7242
3.825098,-10.32,10.78,23.63,99.5681,-18.1305,136.7242
3.827322,-12,10.78,23.87,98.76152,-20.99241,136.3791
3.829643,-12,10.78,23.87,98.76152,-20.99241,136.3791
3.831916,-12,10.78,23.87,98.76152,-20.99241,136.3791
3.834028,-12,10.78,23.87,98.76152,-20.99241,136.3791
3.83624,-12,10.78,23.87,98.76152,-20.99241,136.3791
3.838393,-12,10.78,23.87,98.76152,-20.99241,136.3791
3.840593,-12,10.78,23.87,98.76152,-20.99241,136.3791
3.842898,-13.44,10.78,23.63,98.43372,-23.52285,136.7242
3.845216,-13.44,10.78,23.63,98.43372,-23.52285,136.7242
3.847522,-13.44,10.78,23.63,98.43372,-23.52285,136.7242
3.849757,-13.44,10.78,23.63,98.43372,-23.52285,136.7242
3.851916,-13.44,10.78,23.63,98.43372,-23.52285,136.7242
3.854056,-13.44,10.78,23.63,98.43372,-23.52285,136.7242
3.856221,-13.44,10.78,23.63,98.43372,-23.52285,136.7242
3.858425,-13.44,10.78,23.63,97.81149,-25.98907,136.7242
3.860685,-14.88,10.78,23.63,97.81149,-25.98907,136.7242
3.863006,-14.88,10.78,23.63,97.81149,-25.98907,136.7242
3.865283,-14.88,10.78,23.63,97.81149,-25.98907,136.7242
3.867405,-14.88,10.78,23.63,97.81149,-25.98907,136.7242
3.869623,-14.88,10.78,23.63,97.81149,-25.98907,136.7242
3.871864,-14.88,10.78,23.63,97.81149,-25.98907,136.7242
3.874081,-14.88,10.78,23.63,97.24577,-28.03178,136.7242
3.876372,-16.08,10.78,23.63,97.24577,-28.03178,136.7242
3.878578,-16.08,10.78,23.63,97.24577,-28.03178,136.7242
3.880881,-16.08,10.78,23.63,97.24577,-28.03178,136.7242
3.883012,-16.08,10.78,23.63,97.24577,-28.03178,136.7242
3.885181,-16.08,10.78,23.63,97.24577,-28.03178,136.7242
3.887312,-16.08,10.78,23.63,97.24577,-28.03178,136.7242
3.88964,-16.08,10.78,23.63,96.51061,-30.46673,136.7242
3.891896,-17.52,10.78,23.63,96.51061,-30.46673,136.7242
3.894106,-17.52,10.78,23.63,96.51061,-30.46673,136.7242
3.896457,-17.52,10.78,23.63,96.51061,-30.46673,136.7242
3.898604,-17.52,10.78,23.63,96.51061,-30.46673,136.7242
3.90084,-17.52,10.78,23.63,96.51061,-30.46673,136.7242
3.90355,-17.52,10.78,23.63,96.51061,-30.46673,136.7242
3.906066,-17.52,10.78,23.63,95.48995,-32.80527,136.3791
3.908504,-18.96,10.78,23.87,95.48995,-32.80527,136.3791
3.910878,-18.96,10.78,23.87,95.48995,-32.80527,136.3791
3.913259,-18.96,10.78,23.87,95.48995,-32.80527,136.3791
3.915536,-18.96,10.78,23.87,95.48995,-32.80527,136.3791
3.917916,-18.96,10.78,23.87,95.48995,-32.80527,136.3791
3.920487,-18.96,10.78,23.87,95.48995,-32.80527,136.3791
3.923078,-20.88,11.02,23.63,94.72154,-36.13276,136.2999
3.92547,-20.88,11.02,23.63,94.72154,-36.13276,136.2999
3.927892,-20.88,11.02,23.63,94.72154,-36.13276,136.2999
3.930124,-20.88,11.02,23.63,94.72154,-36.13276,136.2999
3.932583,-20.88,11.02,23.63,94.72154,-36.13276,136.2999
3.935141,-20.88,11.02,23.63,94.72154,-36.13276,136.2999
3.937458,-20.88,11.02,23.63,94.72154,-36.13276,136.2999
3.939993,-22.32,10.78,23.63,93.62275,-38.43567,136.7242
3.94228,-22.32,10.78,23.63,93.62275,-38.43567,136.7242
3.944654,-22.32,10.78,23.63,93.62275,-38.43567,136.7242
3.946799,-22.32,10.78,23.63,93.62275,-38.43567,136.7242
3.949045,-22.32,10.78,23.63,93.62275,-38.43567,136.7242
3.951179,-22.32,10.78,23.63,93.62275,-38.43567,136.7242
3.953355,-22.32,10.78,23.63,93.62275,-38.43567,136.7242
3.955855,-23.52,10.78,23.63,92.79729,-40.38793,136.7242
3.958099,-23.52,10.78,23.63,92.79729,-40.38793,136.7242
3.960391,-23.52,10.78,23.63,92.79729,-40.38793,136.7242
3.962522,-23.52,10.78,23.63,92.79729,-40.38793,136.7242
3.964728,-23.52,10.78,23.63,92.79729,-40.38793,136.7242
3.966879,-23.52,10.78,23.63,92.79729,-40.38793,136.7242
3.969306,-23.52,10.78,23.63,92.79729,-40.38793,136.7242
3.971579,-25.2,10.78,23.63,91.57332,-43.09113,136.7242
3.973878,-25.2,10.78,23.63,91.57332,-43.09113,136.7242
3.976278,-25.2,10.78,23.63,91.57332,-43.09113,136.7242
3.978601,-25.2,10.78,23.63,91.57332,-43.09113,136.7242
3.98085,-25.2,10.78,23.63,91.57332,-43.09113,136.7242
3.982989,-25.2,10.78,23.63,91.57332,-43.09113,136.7242
3.985234,-25.2,10.78,23.63,91.57332,-43.09113,136.7242
3.987456,-26.16,10.78,23.63,90.83851,-44.61935,136.7242
3.989828,-26.16,10.78,23.63,90.83851,-44.61935,136.7242
3.992337,-26.16,10.78,23.63,90.83851,-44.61935,136.7242
3.994489,-26.16,10.78,23.63,90.83851,-44.61935,136.7242
3.996732,-26.16,10.78,23.63,90.83851,-44.61935,136.7242
3.99886,-26.16,10.78,23.63,90.83851,-44.61935,136.7242
4.001295,-26.16,10.78,23.63,90.83851,-44.61935,136.7242
4.004033,-27.84,11.02,23.63,89.6451,-47.34451,136.2999
4.006244,-27.84,11.02,23.63,89.6451,-47.34451,136.2999
4.008554,-27.84,11.02,23.63,89.6451,-47.34451,136.2999
4.010696,-27.84,11.02,23.63,89.6451,-47.34451,136.2999
4.012957,-27.84,11.02,23.63,89.6451,-47.34451,136.2999
4.015095,-27.84,11.02,23.63,89.6451,-47.34451,136.2999
4.017323,-27.84,11.02,23.63,89.6451,-47.34451,136.2999
4.019595,-29.04,10.78,23.87,88.27432,-49.01185,136.3791
4.021883,-29.04,10.78,23.87,88.27432,-49.01185,136.3791
4.024163,-29.04,10.78,23.87,88.27432,-49.01185,136.3791
4.026281,-29.04,10.78,23.87,88.27432,-49.01185,136.3791
4.028502,-29.04,10.78,23.87,88.27432,-49.01185,136.3791
4.03064,-29.04,10.78,23.87,88.27432,-49.01185,136.3791
4.032808,-29.04,10.78,23.87,88.27432,-49.01185,136.3791
4.035012,-30.72,10.78,23.63,87.0036,-51.70005,136.7242
4.037264,-30.72,10.78,23.63,87.0036,-51.70005,136.7242
4.039595,-30.72,10.78,23.63,87.0036,-51.70005,136.7242
4.041841,-30.72,10.78,23.63,87.0036,-51.70005,136.7242
4.044067,-30.72,10.78,23.63,87.0036,-51.70005,136.7242
4.046188,-30.72,10.78,23.63,87.0036,-51.70005,136.7242
4.048629,-30.72,10.78,23.63,87.0036,-51.70005,136.7242
4.050855,-31.68,10.78,23.63,86.12518,-53.15048,136.7242
4.053137,-31.68,10.78,23.63,86.12518,-53.15048,136.7242
4.055413,-31.68,10.78,23.63,86.12518,-53.15048,136.7242
4.057672,-31.68,10.78,23.63,86.12518,-53.15048,136.7242
4.059904,-31.68,10.78,23.63,86.12518,-53.15048,136.7242
4.062078,-31.68,10.78,23.63,86.12518,-53.15048,136.7242
4.06432,-31.68,10.78,23.63,86.12518,-53.15048,136.7242
4.066527,-31.68,10.78,23.63,84.06075,-56.35878,136.7242
4.068836,-33.84,10.78,23.63,84.06075,-56.35878,136.7242
4.071081,-33.84,10.78,23.63,84.06075,-56.35878,136.7242
4.073486,-33.84,10.78,23.63,84.06075,-56.35878,136.7242
4.075612,-33.84,10.78,23.63,84.06075,-56.35878,136.7242
4.077878,-33.84,10.78,23.63,84.06075,-56.35878,136.7242
4.0802,-33.84,10.78,23.63,84.06075,-56.35878,136.7242
4.082404,-33.84,10.78,23.63,83.10468,-57.75925,136.7242
4.084693,-34.8,10.78,23.63,83.10468,-57.75925,136.7242
4.086958,-34.8,10.78,23.63,83.10468,-57.75925,136.7242
4.089274,-34.8,10.78,23.63,83.10468,-57.75925,136.7242
4.091392,-34.8,10.78,23.63,83.10468,-57.75925,136.7242
4.093603,-34.8,10.78,23.63,83.10468,-57.75925,136.7242
4.095834,-34.8,10.78,23.63,83.10468,-57.75925,136.7242
4.098038,-34.8,10.78,23.63,81.37562,-60.17085,136.7242
4.100295,-36.48,10.78,23.63,81.37562,-60.17085,136.7242
4.102505,-36.48,10.78,23.63,81.37562,-60.17085,136.7242
4.10507,-36.48,10.78,23.63,81.37562,-60.17085,136.7242
4.107753,-36.48,10.78,23.63,81.37562,-60.17085,136.7242
4.110099,-36.48,10.78,23.63,81.37562,-60.17085,136.7242
4.11242,-36.48,10.78,23.63,81.37562,-60.17085,136.7242
4.114803,-37.92,10.78,23.87,79.65051,-62.0509,136.3791
4.11719,-37.92,10.78,23.87,79.65051,-62.0509,136.3791
4.119639,-37.92,10.78,23.87,79.65051,-62.0509,136.3791
4.126908,-37.92,10.78,23.87,79.65051,-62.0509,136.3791
4.13018,-37.92,10.78,23.87,77.98005,-64.51071,136.7242
4.133132,-39.6,10.78,23.63,77.98005,-64.51071,136.7242
4.135621,-39.6,10.78,23.63,77.98005,-64.51071,136.7242
4.137951,-39.6,10.78,23.63,77.98005,-64.51071,136.7242
4.140597,-39.6,10.78,23.63,77.98005,-64.51071,136.7242
4.142856,-39.6,10.78,23.63,77.98005,-64.51071,136.7242
4.14519,-39.6,10.78,23.63,77.98005,-64.51071,136.7242
4.147643,-40.8,10.78,23.63,76.61195,-66.12965,136.7242
4.150041,-40.8,10.78,23.63,76.61195,-66.12965,136.7242
4.152423,-40.8,10.78,23.63,76.61195,-66.12965,136.7242
4.154757,-40.8,10.78,23.63,76.61195,-66.12965,136.7242
4.157064,-40.8,10.78,23.63,76.61195,-66.12965,136.7242
4.159275,-40.8,10.78,23.63,76.61195,-66.12965,136.7242
4.161529,-40.8,10.78,23.63,75.21022,-67.71959,136.7242
4.163796,-42,10.78,23.63,75.21022,-67.71959,136.7242
4.16599,-42,10.78,23.63,75.21022,-67.71959,136.7242
4.16843,-42,10.78,23.63,75.21022,-67.71959,136.7242
4.170556,-42,10.78,23.63,75.21022,-67.71959,136.7242
4.172702,-42,10.78,23.63,75.21022,-67.71959,136.7242
4.174785,-42,10.78,23.63,75.21022,-67.71959,136.7242
4.176935,-42,10.78,23.63,75.21022,-67.71959,136.7242
4.179166,-43.44,10.78,23.63,73.48468,-69.58824,136.7242
4.18142,-43.44,10.78,23.63,73.48468,-69.58824,136.7242
4.183782,-43.44,10.78,23.63,73.48468,-69.58824,136.7242
4.185871,-43.44,10.78,23.63,73.48468,-69.58824,136.7242
4.188062,-43.44,10.78,23.63,73.48468,-69.58824,136.7242
4.19019,-43.44,10.78,23.63,73.48468,-69.58824,136.7242
4.192364,-43.44,10.78,23.63,73.48468,-69.58824,136.7242
4.194601,-43.44,10.78,23.63,71.7127,-71.41294,136.7242
4.196845,-44.88,10.78,23.63,71.7127,-71.41294,136.7242
4.199063,-44.88,10.78,23.63,71.7127,-71.41294,136.7242
4.20132,-44.88,10.78,23.63,71.7127,-71.41294,136.7242
4.203409,-44.88,10.78,23.63,71.7127,-71.41294,136.7242
4.205579,-44.88,10.78,23.63,71.7127,-71.41294,136.7242
4.207669,-44.88,10.78,23.63,71.7127,-71.41294,136.7242
4.209893,-44.88,10.78,23.63,69.89545,-73.19254,136.7242
4.212129,-46.32,10.78,23.63,69.89545,-73.19254,136.7242
4.21437,-46.32,10.78,23.63,69.89545,-73.19254,136.7242
4.216641,-46.32,10.78,23.63,69.89545,-73.19254,136.7242
4.218729,-46.32,10.78,23.63,69.89545,-73.19254,136.7242
4.220905,-46.32,10.78,23.63,69.89545,-73.19254,136.7242
4.223022,-46.32,10.78,23.63,69.89545,-73.19254,136.7242
4.225357,-46.32,10.78,23.63,69.89545,-73.19254,136.7242
4.227642,-47.76,10.78,23.87,67.87442,-74.75012,136.3791
4.230077,-47.76,10.78,23.87,67.87442,-74.75012,136.3791
4.232412,-47.76,10.78,23.87,67.87442,-74.75012,136.3791
4.234505,-47.76,10.78,23.87,67.87442,-74.75012,136.3791
4.236697,-47.76,10.78,23.87,67.87442,-74.75012,136.3791
4.238796,-47.76,10.78,23.87,67.87442,-74.75012,136.3791
4.241021,-47.76,10.78,23.87,67.87442,-74.75012,136.3791
4.243226,-48.72,10.78,23.87,66.6125,-75.87682,136.3791
4.245606,-48.72,10.78,23.87,66.6125,-75.87682,136.3791
4.247923,-48.72,10.78,23.87,66.6125,-75.87682,136.3791
4.250084,-48.72,10.78,23.87,66.6125,-75.87682,136.3791
4.252235,-48.72,10.78,23.87,66.6125,-75.87682,136.3791
4.254325,-48.72,10.78,23.87,66.6125,-75.87682,136.3791
4.256462,-48.72,10.78,23.87,66.6125,-75.87682,136.3791
4.258697,-50.16,10.78,23.63,64.83678,-77.70914,136.7242
4.260924,-50.16,10.78,23.63,64.83678,-77.70914,136.7242
4.263211,-50.16,10.78,23.63,64.83678,-77.70914,136.7242
4.265463,-50.16,10.78,23.63,64.83678,-77.70914,136.7242
4.26758,-50.16,10.78,23.63,64.83678,-77.70914,136.7242
4.269765,-50.16,10.78,23.63,64.83678,-77.70914,136.7242
4.271946,-50.16,10.78,23.63,64.83678,-77.70914,136.7242
4.274043,-50.16,10.78,23.63,64.83678,-77.70914,136.7242
4.276502,-50.16,10.78,23.63,63.19515,-79.04994,136.7242
4.278897,-51.36,10.78,23.63,63.19515,-79.04994,136.7242
4.281194,-51.36,10.78,23.63,63.19515,-79.04994,136.7242
4.283624,-51.36,10.78,23.63,63.19515,-79.04994,136.7242
4.28606,-51.36,10.78,23.63,63.19515,-79.04994,136.7242
4.288377,-51.36,10.78,23.63,63.19515,-79.04994,136.7242
4.290831,-52.56,10.78,23.63,61.52579,-80.35606,136.7242
4.293227,-52.56,10.78,23.63,61.52579,-80.35606,136.7242
4.295643,-52.56,10.78,23.63,61.52579,-80.35606,136.7242
4.298082,-52.56,10.78,23.63,61.52579,-80.35606,136.7242
4.300513,-52.56,10.78,23.63,61.52579,-80.35606,136.7242
4.302738,-52.56,10.78,23.63,61.52579,-80.35606,136.7242
4.305164,-52.56,10.78,23.63,61.52579,-80.35606,136.7242
4.307664,-54,10.78,23.63,59.48701,-81.87683,136.7242
