0.048404,-0.48,1.18,0.83,101.9942,-0.854485,191.4714
0.096633,-0.48,1.18,0.83,101.9942,-0.854485,191.4714
0.102578,-0.48,1.18,0.83,101.9942,-0.854485,191.4714
0.106478,-0.48,1.18,0.83,101.9942,-0.854485,191.4714
0.110333,-0.48,1.18,0.83,101.9942,-0.854485,191.4714
0.119325,-0.48,1.18,0.83,101.9942,-0.854485,191.4714
0.121874,-0.48,1.18,0.83,101.9942,-0.854485,191.4714
0.124282,-0.48,1.18,0.83,101.9942,-0.854485,191.4714
0.126711,-0.48,1.18,0.83,101.9942,-0.854485,191.4714
0.129021,-0.48,1.18,0.83,101.9942,-0.854485,191.4714
0.131628,-0.48,1.18,0.83,101.9942,-0.854485,191.4714
0.1342,-0.48,1.18,0.83,101.9942,-0.854485,191.4714
0.136729,-0.48,1.18,0.83,101.9942,-0.854485,191.4714
0.139009,-0.48,1.18,0.83,101.9942,-0.854485,191.4714
0.14123,-0.48,1.18,0.83,101.9942,-0.854485,191.4714
0.143519,-0.48,1.18,0.83,101.9942,-0.854485,191.4714
0.145672,-0.48,1.18,0.83,101.9942,-0.854485,191.4714
0.148407,-0.48,1.18,1.07,101.9787,-0.8543546,191.0528
0.151091,-0.48,1.18,1.07,101.9787,-0.8543546,191.0528
0.153672,-0.48,1.18,1.07,101.9787,-0.8543546,191.0528
0.156194,-0.48,1.18,1.07,101.9787,-0.8543546,191.0528
0.158692,-0.48,1.18,1.07,101.9787,-0.8543546,191.0528
0.161083,-0.48,1.18,1.07,101.9787,-0.8543546,191.0528
0.163511,-0.48,1.18,0.83,101.9942,-0.854485,191.4714
0.165939,-0.48,1.18,0.83,101.9942,-0.854485,191.4714
0.168468,-0.48,1.18,0.83,101.9942,-0.854485,191.4714
0.170895,-0.48,1.18,0.83,101.9942,-0.854485,191.4714
0.173056,-0.48,1.18,0.83,101.9942,-0.854485,191.4714
0.175277,-0.48,1.18,0.83,101.9942,-0.854485,191.4714
0.177415,-0.48,1.18,0.83,101.9942,-0.854485,191.4714
0.179708,-0.72,1.18,0.83,101.9898,-1.281709,191.4714
0.182247,-0.72,1.18,0.83,101.9898,-1.281709,191.4714
0.184795,-0.72,1.18,0.83,101.9898,-1.281709,191.4714
0.187016,-0.72,1.18,0.83,101.9898,-1.281709,191.4714
0.189138,-0.72,1.18,0.83,101.9898,-1.281709,191.4714
0.191365,-0.72,1.18,0.83,101.9898,-1.281709,191.4714
0.193479,-0.72,1.18,0.83,101.9898,-1.281709,191.4714
0.195708,-0.48,1.18,1.07,101.9787,-0.8543546,191.0528
0.198245,-0.48,1.18,1.07,101.9787,-0.8543546,191.0528
0.200524,-0.48,1.18,1.07,101.9787,-0.8543546,191.0528
0.202719,-0.48,1.18,1.07,101.9787,-0.8543546,191.0528
0.204839,-0.48,1.18,1.07,101.9787,-0.8543546,191.0528
0.206987,-0.48,1.18,1.07,101.9787,-0.8543546,191.0528
0.209188,-0.48,1.18,1.07,101.9787,-0.8543546,191.0528
0.211419,-0.48,1.18,1.07,101.9787,-0.8543546,191.0528
0.213614,-0.48,1.18,1.07,101.9787,-0.8543546,191.0528
0.216028,-0.48,1.18,1.07,101.9787,-0.8543546,191.0528
0.218224,-0.48,1.18,1.07,101.9787,-0.8543546,191.0528
0.22035,-0.48,1.18,1.07,101.9787,-0.8543546,191.0528
0.222508,-0.48,1.18,1.07,101.9787,-0.8543546,191.0528
0.22463,-0.48,1.18,1.07,101.9787,-0.8543546,191.0528
0.226921,-0.48,1.18,1.07,101.9787,-0.8543546,191.0528
0.229106,-0.48,1.18,1.07,101.9787,-0.8543546,191.0528
0.231422,-0.48,1.18,1.07,101.9787,-0.8543546,191.0528
0.233641,-0.48,1.18,1.07,101.9787,-0.8543546,191.0528
0.235859,-0.48,1.18,1.07,101.9787,-0.8543546,191.0528
0.237964,-0.48,1.18,1.07,101.9787,-0.8543546,191.0528
0.240157,-0.48,1.18,1.07,101.9787,-0.8543546,191.0528
0.242475,-0.48,1.18,1.07,102.3801,-0.8577176,190.6248
0.24473,-0.48,1.42,1.07,102.3801,-0.8577176,190.6248
0.247003,-0.48,1.42,1.07,102.3801,-0.8577176,190.6248
0.249216,-0.48,1.42,1.07,102.3801,-0.8577176,190.6248
0.251415,-0.48,1.42,1.07,102.3801,-0.8577176,190.6248
0.253581,-0.48,1.42,1.07,102.3801,-0.8577176,190.6248
0.255809,-0.48,1.42,1.07,102.3801,-0.8577176,190.6248
0.257993,-0.48,1.42,1.07,101.9942,-0.854485,191.4714
0.260325,-0.48,1.18,0.83,101.9942,-0.854485,191.4714
0.262636,-0.48,1.18,0.83,101.9942,-0.854485,191.4714
0.264867,-0.48,1.18,0.83,101.9942,-0.854485,191.4714
0.267094,-0.48,1.18,0.83,101.9942,-0.854485,191.4714
0.269214,-0.48,1.18,0.83,101.9942,-0.854485,191.4714
0.27145,-0.48,1.18,0.83,101.9942,-0.854485,191.4714
0.273603,-0.48,1.18,0.83,101.9942,-0.854485,191.4714
0.275971,-0.72,1.42,0.83,102.3929,-1.286775,191.0433
0.278239,-0.72,1.42,0.83,102.3929,-1.286775,191.0433
0.280521,-0.72,1.42,0.83,102.3929,-1.286775,191.0433
0.282753,-0.72,1.42,0.83,102.3929,-1.286775,191.0433
0.284867,-0.72,1.42,0.83,102.3929,-1.286775,191.0433
0.287061,-0.72,1.42,0.83,102.3929,-1.286775,191.0433
0.289206,-0.72,1.42,0.83,102.3929,-1.286775,191.0433
0.29148,-0.48,1.18,1.07,101.9787,-0.8543546,191.0528
0.293672,-0.48,1.18,1.07,101.9787,-0.8543546,191.0528
0.296081,-0.48,1.18,1.07,101.9787,-0.8543546,191.0528
0.298281,-0.48,1.18,1.07,101.9787,-0.8543546,191.0528
0.300603,-0.48,1.18,1.07,101.9787,-0.8543546,191.0528
0.302816,-0.48,1.18,1.07,101.9787,-0.8543546,191.0528
0.304976,-0.48,1.18,1.07,101.9787,-0.8543546,191.0528
0.307273,-0.48,1.42,0.83,102.3974,-0.8578627,191.0433
0.309469,-0.48,1.42,0.83,102.3974,-0.8578627,191.0433
0.311907,-0.48,1.42,0.83,102.3974,-0.8578627,191.0433
0.314016,-0.48,1.42,0.83,102.3974,-0.8578627,191.0433
0.316233,-0.48,1.42,0.83,102.3974,-0.8578627,191.0433
0.318473,-0.48,1.42,0.83,102.3974,-0.8578627,191.0433
0.320659,-0.48,1.42,0.83,102.3974,-0.8578627,191.0433
0.322978,-0.48,1.42,0.83,102.3801,-0.8577176,190.6248
0.325167,-0.48,1.42,1.07,102.3801,-0.8577176,190.6248
0.327504,-0.48,1.42,1.07,102.3801,-0.8577176,190.6248
0.329693,-0.48,1.42,1.07,102.3801,-0.8577176,190.6248
0.331885,-0.48,1.42,1.07,102.3801,-0.8577176,190.6248
0.33403,-0.48,1.42,1.07,102.3801,-0.8577176,190.6248
0.336248,-0.48,1.42,1.07,102.3801,-0.8577176,190.6248
0.338504,-0.48,1.42,1.07,102.3974,-0.8578627,191.0433
0.340716,-0.48,1.42,0.83,102.3974,-0.8578627,191.0433
0.342976,-0.48,1.42,0.83,102.3974,-0.8578627,191.0433
0.345217,-0.48,1.42,0.83,102.3974,-0.8578627,191.0433
0.347358,-0.48,1.42,0.83,102.3974,-0.8578627,191.0433
0.349506,-0.48,1.42,0.83,102.3974,-0.8578627,191.0433
0.351677,-0.48,1.42,0.83,102.3974,-0.8578627,191.0433
0.353827,-0.48,1.42,0.83,103.1984,-0.8645732,190.1821
0.356127,-0.48,1.9,0.83,103.1984,-0.8645732,190.1821
0.358408,-0.48,1.9,0.83,103.1984,-0.8645732,190.1821
0.360616,-0.48,1.9,0.83,103.1984,-0.8645732,190.1821
0.362817,-0.48,1.9,0.83,103.1984,-0.8645732,190.1821
0.364917,-0.48,1.9,0.83,103.1984,-0.8645732,190.1821
0.367102,-0.48,1.9,0.83,103.1984,-0.8645732,190.1821
0.369221,-0.48,1.9,0.83,103.1984,-0.8645732,190.1821
0.372131,-0.48,2.62,0.83,104.3863,-0.874525,188.8777
0.374925,-0.48,2.62,0.83,104.3863,-0.874525,188.8777
0.377304,-0.48,2.62,0.83,104.3863,-0.874525,188.8777
0.379628,-0.48,2.62,0.83,104.3863,-0.874525,188.8777
0.381898,-0.48,2.62,0.83,104.3863,-0.874525,188.8777
0.384231,-0.48,2.62,0.83,104.3863,-0.874525,188.8777
0.386648,-0.48,2.62,0.83,104.7507,-0.8775784,188.0217
0.38899,-0.48,2.86,1.07,104.7507,-0.8775784,188.0217
0.392629,-0.48,2.86,1.07,104.7507,-0.8775784,188.0217
0.395581,-0.48,2.86,1.07,104.7507,-0.8775784,188.0217
0.397778,-0.48,2.86,1.07,104.7507,-0.8775784,188.0217
0.400338,-0.48,2.86,1.07,104.7507,-0.8775784,188.0217
0.402712,-0.48,2.86,1.07,105.5577,-0.8843385,187.5585
0.404951,-0.48,3.34,0.83,105.5577,-0.8843385,187.5585
0.407415,-0.48,3.34,0.83,105.5577,-0.8843385,187.5585
0.409707,-0.48,3.34,0.83,105.5577,-0.8843385,187.5585
0.411924,-0.48,3.34,0.83,105.5577,-0.8843385,187.5585
0.41412,-0.48,3.34,0.83,105.5577,-0.8843385,187.5585
0.416433,-0.48,3.34,0.83,105.5577,-0.8843385,187.5585
0.419454,-0.72,3.82,0.83,106.3247,-1.336186,186.671
0.421746,-0.72,3.82,0.83,106.3247,-1.336186,186.671
0.424269,-0.72,3.82,0.83,106.3247,-1.336186,186.671
0.426617,-0.72,3.82,0.83,106.3247,-1.336186,186.671
0.42895,-0.72,3.82,0.83,106.3247,-1.336186,186.671
0.431305,-0.72,3.82,0.83,106.3247,-1.336186,186.671
0.433606,-0.72,3.82,0.83,106.3247,-1.336186,186.671
0.43611,-0.48,4.06,0.83,106.7124,-0.8940124,186.2248
0.438531,-0.48,4.06,0.83,106.7124,-0.8940124,186.2248
0.441014,-0.48,4.06,0.83,106.7124,-0.8940124,186.2248
0.443422,-0.48,4.06,0.83,106.7124,-0.8940124,186.2248
0.445644,-0.48,4.06,0.83,106.7124,-0.8940124,186.2248
0.447868,-0.48,4.06,0.83,106.7124,-0.8940124,186.2248
0.450102,-0.48,4.06,0.83,106.7124,-0.8940124,186.2248
0.452468,-0.48,4.06,0.83,106.7124,-0.8940124,186.2248
0.454895,-0.48,4.06,0.83,106.7124,-0.8940124,186.2248
0.457191,-0.48,4.06,0.83,106.7124,-0.8940124,186.2248
0.459416,-0.48,4.06,0.83,106.7124,-0.8940124,186.2248
0.461552,-0.48,4.06,0.83,106.7124,-0.8940124,186.2248
0.463784,-0.48,4.06,0.83,106.7124,-0.8940124,186.2248
0.465988,-0.48,4.06,0.83,107.0936,-0.8972059,185.7769
0.468305,-0.48,4.3,0.83,107.0936,-0.8972059,185.7769
0.470794,-0.48,4.3,0.83,107.0936,-0.8972059,185.7769
0.473446,-0.48,4.3,0.83,107.0936,-0.8972059,185.7769
0.475832,-0.48,4.3,0.83,107.0936,-0.8972059,185.7769
0.478088,-0.48,4.3,0.83,107.0936,-0.8972059,185.7769
0.480477,-0.48,4.3,0.83,107.0936,-0.8972059,185.7769
0.482929,-0.48,4.3,0.83,107.4328,-0.9000478,184.9106
0.48542,-0.48,4.54,1.07,107.4328,-0.9000478,184.9106
0.487861,-0.48,4.54,1.07,107.4328,-0.9000478,184.9106
0.490384,-0.48,4.54,1.07,107.4328,-0.9000478,184.9106
0.492639,-0.48,4.54,1.07,107.4328,-0.9000478,184.9106
0.495113,-0.48,4.54,1.07,107.4328,-0.9000478,184.9106
0.497451,-0.48,4.54,1.07,107.4328,-0.9000478,184.9106
0.50016,-0.48,4.54,1.07,107.4328,-0.9000478,184.9106
0.503534,-0.48,4.54,1.07,108.2258,-0.9066913,184.424
0.506212,-0.48,5.02,0.83,108.2258,-0.9066913,184.424
0.50854,-0.48,5.02,0.83,108.2258,-0.9066913,184.424
0.511145,-0.48,5.02,0.83,108.2258,-0.9066913,184.424
0.513432,-0.48,5.02,0.83,108.2258,-0.9066913,184.424
0.51611,-0.48,5.02,0.83,108.2258,-0.9066913,184.424
0.518666,-0.48,5.02,0.83,108.9711,-0.9129354,183.5141
0.521098,-0.48,5.5,0.83,108.9711,-0.9129354,183.5141
0.523567,-0.48,5.5,0.83,108.9711,-0.9129354,183.5141
0.525929,-0.48,5.5,0.83,108.9711,-0.9129354,183.5141
0.528404,-0.48,5.5,0.83,108.9711,-0.9129354,183.5141
0.530974,-0.48,5.5,0.83,108.9711,-0.9129354,183.5141
0.53347,-0.48,5.5,0.83,108.9711,-0.9129354,183.5141
0.535957,-0.48,5.74,0.83,109.3409,-0.9160336,183.0569
0.538426,-0.48,5.74,0.83,109.3409,-0.9160336,183.0569
0.540822,-0.48,5.74,0.83,109.3409,-0.9160336,183.0569
0.543288,-0.48,5.74,0.83,109.3409,-0.9160336,183.0569
0.545698,-0.48,5.74,0.83,109.3409,-0.9160336,183.0569
0.548321,-0.48,5.74,0.83,109.3409,-0.9160336,183.0569
0.550897,-0.48,5.74,0.83,109.7088,-0.9191157,182.5981
0.553284,-0.48,5.98,0.83,109.7088,-0.9191157,182.5981
0.555649,-0.48,5.98,0.83,109.7088,-0.9191157,182.5981
0.557907,-0.48,5.98,0.83,109.7088,-0.9191157,182.5981
0.560268,-0.48,5.98,0.83,109.7088,-0.9191157,182.5981
0.562781,-0.48,5.98,0.83,109.7088,-0.9191157,182.5981
0.565158,-0.48,5.98,0.83,109.7088,-0.9191157,182.5981
0.567599,-0.48,5.98,1.07,109.6582,-0.9186923,182.1823
0.569947,-0.48,5.98,1.07,109.6582,-0.9186923,182.1823
0.572252,-0.48,5.98,1.07,109.6582,-0.9186923,182.1823
0.574472,-0.48,5.98,1.07,109.6582,-0.9186923,182.1823
0.576596,-0.48,5.98,1.07,109.6582,-0.9186923,182.1823
0.578937,-0.48,5.98,1.07,109.6582,-0.9186923,182.1823
0.581252,-0.48,5.98,1.07,109.6582,-0.9186923,182.1823
0.583617,-0.72,6.22,0.83,110.0699,-1.383252,182.1378
0.585862,-0.72,6.22,0.83,110.0699,-1.383252,182.1378
0.588071,-0.72,6.22,0.83,110.0699,-1.383252,182.1378
0.590347,-0.72,6.22,0.83,110.0699,-1.383252,182.1378
0.592485,-0.72,6.22,0.83,110.0699,-1.383252,182.1378
0.594808,-0.72,6.22,0.83,110.0699,-1.383252,182.1378
0.597096,-0.72,6.22,0.83,110.0699,-1.383252,182.1378
0.599443,-0.72,6.46,0.83,110.4339,-1.387826,181.6759
0.601677,-0.72,6.46,0.83,110.4339,-1.387826,181.6759
0.603887,-0.72,6.46,0.83,110.4339,-1.387826,181.6759
0.605999,-0.72,6.46,0.83,110.4339,-1.387826,181.6759
0.608236,-0.72,6.46,0.83,110.4339,-1.387826,181.6759
0.610553,-0.72,6.46,0.83,110.4339,-1.387826,181.6759
0.612823,-0.72,6.46,0.83,110.4339,-1.387826,181.6759
0.615196,-0.48,6.7,0.83,110.8008,-0.9282646,181.2125
0.617468,-0.48,6.7,0.83,110.8008,-0.9282646,181.2125
0.619644,-0.48,6.7,0.83,110.8008,-0.9282646,181.2125
0.621781,-0.48,6.7,0.83,110.8008,-0.9282646,181.2125
0.62401,-0.48,6.7,0.83,110.8008,-0.9282646,181.2125
0.626387,-0.48,6.7,0.83,110.8008,-0.9282646,181.2125
0.628668,-0.48,6.7,0.83,110.8008,-0.9282646,181.2125
0.630984,-0.48,6.7,0.83,111.8144,-0.9367562,179.399
0.633245,-0.48,7.42,1.07,111.8144,-0.9367562,179.399
0.635476,-0.48,7.42,1.07,111.8144,-0.9367562,179.399
0.63757,-0.48,7.42,1.07,111.8144,-0.9367562,179.399
0.639773,-0.48,7.42,1.07,111.8144,-0.9367562,179.399
0.642019,-0.48,7.42,1.07,111.8144,-0.9367562,179.399
0.644445,-0.48,7.42,1.07,111.8144,-0.9367562,179.399
0.64675,-0.48,7.42,1.07,111.8144,-0.9367562,179.399
0.648964,-0.48,7.42,1.07,111.8144,-0.9367562,179.399
0.651142,-0.48,7.42,1.07,111.8144,-0.9367562,179.399
0.653313,-0.48,7.42,1.07,111.8144,-0.9367562,179.399
0.655504,-0.48,7.42,1.07,111.8144,-0.9367562,179.399
0.657613,-0.48,7.42,1.07,111.8144,-0.9367562,179.399
0.660075,-0.48,7.42,1.07,111.8144,-0.9367562,179.399
0.662436,-0.48,7.42,1.07,112.167,-0.9397097,178.9298
0.664681,-0.48,7.66,1.07,112.167,-0.9397097,178.9298
0.666861,-0.48,7.66,1.07,112.167,-0.9397097,178.9298
0.66897,-0.48,7.66,1.07,112.167,-0.9397097,178.9298
0.671181,-0.48,7.66,1.07,112.167,-0.9397097,178.9298
0.673316,-0.48,7.66,1.07,112.167,-0.9397097,178.9298
0.675674,-0.48,7.66,1.07,112.167,-0.9397097,178.9298
0.677999,-0.48,7.66,1.07,112.582,-0.9431866,178.8731
0.680342,-0.48,7.9,0.83,112.582,-0.9431866,178.8731
0.682579,-0.48,7.9,0.83,112.582,-0.9431866,178.8731
0.684732,-0.48,7.9,0.83,112.582,-0.9431866,178.8731
0.686911,-0.48,7.9,0.83,112.582,-0.9431866,178.8731
0.689181,-0.48,7.9,0.83,112.582,-0.9431866,178.8731
0.691834,-0.48,7.9,0.83,112.582,-0.9431866,178.8731
0.694364,-0.48,7.9,0.83,112.582,-0.9431866,178.8731
0.696795,-0.48,7.9,0.83,112.582,-0.9431866,178.8731
0.699279,-0.48,7.9,0.83,112.582,-0.9431866,178.8731
0.701731,-0.48,7.9,0.83,112.582,-0.9431866,178.8731
0.704324,-0.48,7.9,0.83,112.582,-0.9431866,178.8731
0.706793,-0.48,7.9,0.83,113.2806,-0.9490398,177.927
0.709285,-0.48,8.38,0.83,113.2806,-0.9490398,177.927
0.711993,-0.48,8.38,0.83,113.2806,-0.9490398,177.927
0.714545,-0.48,8.38,0.83,113.2806,-0.9490398,177.927
0.716959,-0.48,8.38,0.83,113.2806,-0.9490398,177.927
0.719467,-0.48,8.38,0.83,113.2806,-0.9490398,177.927
0.722028,-0.48,8.38,0.83,113.5574,-0.9513582,177.0387
0.72462,-0.48,8.62,1.07,113.5574,-0.9513582,177.0387
0.727104,-0.48,8.62,1.07,113.5574,-0.9513582,177.0387
0.729369,-0.48,8.62,1.07,113.5574,-0.9513582,177.0387
0.731593,-0.48,8.62,1.07,113.5574,-0.9513582,177.0387
0.733736,-0.48,8.62,1.07,113.5574,-0.9513582,177.0387
0.735961,-0.48,8.62,1.07,113.5574,-0.9513582,177.0387
0.73833,-0.48,8.62,1.07,114.2356,-1.435603,176.0844
0.740619,-0.72,9.1,1.07,114.2356,-1.435603,176.0844
0.742979,-0.72,9.1,1.07,114.2356,-1.435603,176.0844
0.745235,-0.72,9.1,1.07,114.2356,-1.435603,176.0844
0.747437,-0.72,9.1,1.07,114.2356,-1.435603,176.0844
0.749568,-0.72,9.1,1.07,114.2356,-1.435603,176.0844
0.751789,-0.72,9.1,1.07,114.2356,-1.435603,176.0844
0.753992,-0.72,9.1,1.07,114.6541,-0.9605461,176.0173
0.756322,-0.48,9.34,0.83,114.6541,-0.9605461,176.0173
0.758678,-0.48,9.34,0.83,114.6541,-0.9605461,176.0173
0.760932,-0.48,9.34,0.83,114.6541,-0.9605461,176.0173
0.763132,-0.48,9.34,0.83,114.6541,-0.9605461,176.0173
0.76524,-0.48,9.34,0.83,114.6541,-0.9605461,176.0173
0.767448,-0.48,9.34,0.83,114.6541,-0.9605461,176.0173
0.769555,-0.48,9.34,0.83,114.6541,-0.9605461,176.0173
0.771969,-0.48,9.58,0.83,114.9924,-0.9633808,175.5363
0.774272,-0.48,9.58,0.83,114.9924,-0.9633808,175.5363
0.776575,-0.48,9.58,0.83,114.9924,-0.9633808,175.5363
0.779057,-0.48,9.58,0.83,114.9924,-0.9633808,175.5363
0.781297,-0.48,9.58,0.83,114.9924,-0.9633808,175.5363
0.78367,-0.48,9.58,0.83,114.9924,-0.9633808,175.5363
0.786041,-0.48,9.58,0.83,114.9924,-0.9633808,175.5363
0.788498,-0.48,9.58,0.83,114.9924,-0.9633808,175.5363
0.790932,-0.48,9.58,0.83,114.9924,-0.9633808,175.5363
0.793222,-0.48,9.58,0.83,114.9924,-0.9633808,175.5363
0.795691,-0.48,9.58,0.83,114.9924,-0.9633808,175.5363
0.797842,-0.48,9.58,0.83,114.9924,-0.9633808,175.5363
0.80008,-0.48,9.58,0.83,114.9924,-0.9633808,175.5363
0.802585,-0.48,9.58,0.83,114.9159,-0.9627395,175.1245
0.804825,-0.48,9.58,1.07,114.9159,-0.9627395,175.1245
0.807231,-0.48,9.58,1.07,114.9159,-0.9627395,175.1245
0.809462,-0.48,9.58,1.07,114.9159,-0.9627395,175.1245
0.811697,-0.48,9.58,1.07,114.9159,-0.9627395,175.1245
0.813946,-0.48,9.58,1.07,114.9159,-0.9627395,175.1245
0.816155,-0.48,9.58,1.07,114.9159,-0.9627395,175.1245
0.818469,-0.48,9.58,1.07,115.3287,-0.9661985,175.0539
0.820707,-0.48,9.82,0.83,115.3287,-0.9661985,175.0539
0.823055,-0.48,9.82,0.83,115.3287,-0.9661985,175.0539
0.825319,-0.48,9.82,0.83,115.3287,-0.9661985,175.0539
0.827532,-0.48,9.82,0.83,115.3287,-0.9661985,175.0539
0.829641,-0.48,9.82,0.83,115.3287,-0.9661985,175.0539
0.831836,-0.48,9.82,0.83,115.3287,-0.9661985,175.0539
0.834088,-0.48,9.82,0.83,115.663,-0.9689993,174.5701
0.836366,-0.48,10.06,0.83,115.663,-0.9689993,174.5701
0.838652,-0.48,10.06,0.83,115.663,-0.9689993,174.5701
0.840896,-0.48,10.06,0.83,115.663,-0.9689993,174.5701
0.843216,-0.48,10.06,0.83,115.663,-0.9689993,174.5701
0.845333,-0.48,10.06,0.83,115.663,-0.9689993,174.5701
0.847566,-0.48,10.06,0.83,115.663,-0.9689993,174.5701
0.849705,-0.48,10.06,0.83,115.663,-0.9689993,174.5701
0.852058,-0.72,10.3,1.07,115.9085,-1.456626,173.6741
0.854367,-0.72,10.3,1.07,115.9085,-1.456626,173.6741
0.856622,-0.72,10.3,1.07,115.9085,-1.456626,173.6741
0.858834,-0.72,10.3,1.07,115.9085,-1.456626,173.6741
0.86096,-0.72,10.3,1.07,115.9085,-1.456626,173.6741
0.863232,-0.72,10.3,1.07,115.9085,-1.456626,173.6741
0.865337,-0.72,10.3,1.07,115.9085,-1.456626,173.6741
0.867618,-0.48,10.78,1.07,116.5686,-0.9765859,172.7003
0.869867,-0.48,10.78,1.07,116.5686,-0.9765859,172.7003
0.872707,-0.48,10.78,1.07,116.5686,-0.9765859,172.7003
0.875417,-0.48,10.78,1.07,116.5686,-0.9765859,172.7003
0.877689,-0.48,10.78,1.07,116.5686,-0.9765859,172.7003
0.880098,-0.48,10.78,1.07,116.5686,-0.9765859,172.7003
0.882507,-0.48,10.78,1.07,116.6538,-0.9772993,173.1104
0.884814,-0.48,10.78,0.83,116.6538,-0.9772993,173.1104
0.887249,-0.48,10.78,0.83,116.6538,-0.9772993,173.1104
0.8897,-0.48,10.78,0.83,116.6538,-0.9772993,173.1104
0.892584,-0.48,10.78,0.83,116.6538,-0.9772993,173.1104
0.895473,-0.48,10.78,0.83,116.6538,-0.9772993,173.1104
0.897634,-0.48,10.78,0.83,116.6538,-0.9772993,173.1104
0.900264,-0.48,11.02,1.07,116.8931,-0.979304,172.2113
0.90266,-0.48,11.02,1.07,116.8931,-0.979304,172.2113
0.904938,-0.48,11.02,1.07,116.8931,-0.979304,172.2113
0.907291,-0.48,11.02,1.07,116.8931,-0.979304,172.2113
0.909494,-0.48,11.02,1.07,116.8931,-0.979304,172.2113
0.9117,-0.48,11.02,1.07,116.8931,-0.979304,172.2113
0.913838,-0.48,11.02,1.07,117.5358,-0.9846884,171.2292
0.916314,-0.48,11.5,1.07,117.5358,-0.9846884,171.2292
0.918603,-0.48,11.5,1.07,117.5358,-0.9846884,171.2292
0.92101,-0.48,11.5,1.07,117.5358,-0.9846884,171.2292
0.923224,-0.48,11.5,1.07,117.5358,-0.9846884,171.2292
0.92539,-0.48,11.5,1.07,117.5358,-0.9846884,171.2292
0.927602,-0.48,11.5,1.07,117.5358,-0.9846884,171.2292
0.930071,-0.48,11.5,1.07,117.854,-0.9873546,170.7363
0.932926,-0.48,11.74,1.07,117.854,-0.9873546,170.7363
0.935266,-0.48,11.74,1.07,117.854,-0.9873546,170.7363
0.937447,-0.48,11.74,1.07,117.854,-0.9873546,170.7363
0.939669,-0.48,11.74,1.07,117.854,-0.9873546,170.7363
0.941803,-0.48,11.74,1.07,117.854,-0.9873546,170.7363
0.944071,-0.48,11.74,1.07,117.854,-0.9873546,170.7363
0.946228,-0.48,11.74,1.07,117.854,-0.9873546,170.7363
0.948451,-0.48,11.74,1.07,118.2639,-0.9907889,170.6501
0.950717,-0.48,11.98,0.83,118.2639,-0.9907889,170.6501
0.952894,-0.48,11.98,0.83,118.2639,-0.9907889,170.6501
0.955208,-0.48,11.98,0.83,118.2639,-0.9907889,170.6501
0.957329,-0.48,11.98,0.83,118.2639,-0.9907889,170.6501
0.959548,-0.48,11.98,0.83,118.2639,-0.9907889,170.6501
0.961679,-0.48,11.98,0.83,118.2639,-0.9907889,170.6501
0.963926,-0.48,11.98,0.83,118.4843,-0.9926354,169.7462
0.966124,-0.48,12.22,1.07,118.4843,-0.9926354,169.7462
0.968422,-0.48,12.22,1.07,118.4843,-0.9926354,169.7462
0.970734,-0.48,12.22,1.07,118.4843,-0.9926354,169.7462
0.972822,-0.48,12.22,1.07,118.4843,-0.9926354,169.7462
0.975025,-0.48,12.22,1.07,118.4843,-0.9926354,169.7462
0.977124,-0.48,12.22,1.07,118.4843,-0.9926354,169.7462
0.979406,-0.48,12.22,0.83,118.5798,-0.9934349,170.1541
0.981589,-0.48,12.22,0.83,118.5798,-0.9934349,170.1541
0.983993,-0.48,12.22,0.83,118.5798,-0.9934349,170.1541
0.986135,-0.48,12.22,0.83,118.5798,-0.9934349,170.1541
0.988374,-0.48,12.22,0.83,118.5798,-0.9934349,170.1541
0.990631,-0.48,12.22,0.83,118.5798,-0.9934349,170.1541
0.992782,-0.48,12.22,0.83,118.5798,-0.9934349,170.1541
0.99494,-0.48,12.22,0.83,118.5798,-0.9934349,170.1541
0.997139,-0.48,12.46,1.07,118.7964,-0.9952497,169.2492
0.99937,-0.48,12.46,1.07,118.7964,-0.9952497,169.2492
1.001617,-0.48,12.46,1.07,118.7964,-0.9952497,169.2492
1.003981,-0.48,12.46,1.07,118.7964,-0.9952497,169.2492
1.006089,-0.48,12.46,1.07,118.7964,-0.9952497,169.2492
1.008286,-0.48,12.46,1.07,118.7964,-0.9952497,169.2492
1.010531,-0.48,12.46,1.07,118.7964,-0.9952497,169.2492
1.012715,-0.48,12.46,1.07,118.7964,-0.9952497,169.2492
1.01501,-0.48,12.46,1.07,118.7964,-0.9952497,169.2492
1.017232,-0.48,12.46,1.07,118.7964,-0.9952497,169.2492
1.019614,-0.48,12.46,1.07,118.7964,-0.9952497,169.2492
1.021733,-0.48,12.46,1.07,118.7964,-0.9952497,169.2492
1.023964,-0.48,12.46,1.07,118.7964,-0.9952497,169.2492
1.026102,-0.48,12.46,1.07,118.7964,-0.9952497,169.2492
1.02858,-0.48,12.46,1.07,119.5148,-1.001268,168.658
1.030994,-0.48,12.94,0.83,119.5148,-1.001268,168.658
1.033372,-0.48,12.94,0.83,119.5148,-1.001268,168.658
1.035688,-0.48,12.94,0.83,119.5148,-1.001268,168.658
1.037807,-0.48,12.94,0.83,119.5148,-1.001268,168.658
1.040029,-0.48,12.94,0.83,119.5148,-1.001268,168.658
1.042255,-0.48,12.94,0.83,119.5148,-1.001268,168.658
1.044521,-0.48,12.94,0.83,119.72,-1.002987,167.7505
1.046859,-0.48,13.18,1.07,119.72,-1.002987,167.7505
1.050807,-0.48,13.18,1.07,119.72,-1.002987,167.7505
1.053733,-0.48,13.18,1.07,119.72,-1.002987,167.7505
1.056249,-0.48,13.18,1.07,119.72,-1.002987,167.7505
1.058788,-0.48,13.18,1.07,119.72,-1.002987,167.7505
1.061847,-0.72,13.18,0.83,119.817,-1.505744,168.1567
1.065033,-0.72,13.18,0.83,119.817,-1.505744,168.1567
1.06735,-0.72,13.18,0.83,119.817,-1.505744,168.1567
1.069495,-0.72,13.18,0.83,119.817,-1.505744,168.1567
1.072055,-0.72,13.18,0.83,119.817,-1.505744,168.1567
1.074689,-0.72,13.18,0.83,119.817,-1.505744,168.1567
1.077043,-0.72,13.18,0.83,119.817,-1.505744,168.1567
1.079481,-0.72,13.18,0.83,119.817,-1.505744,168.1567
1.081906,-0.72,13.66,0.83,120.4256,-1.513392,167.1503
1.084258,-0.72,13.66,0.83,120.4256,-1.513392,167.1503
1.086663,-0.72,13.66,0.83,120.4256,-1.513392,167.1503
1.08892,-0.72,13.66,0.83,120.4256,-1.513392,167.1503
1.091445,-0.72,13.66,0.83,120.4256,-1.513392,167.1503
1.093859,-0.72,13.66,0.83,120.4256,-1.513392,167.1503
1.096595,-0.72,13.66,0.83,120.6247,-1.010567,166.2403
1.0992,-0.48,13.9,1.07,120.6247,-1.010567,166.2403
1.101859,-0.48,13.9,1.07,120.6247,-1.010567,166.2403
1.104442,-0.48,13.9,1.07,120.6247,-1.010567,166.2403
1.106978,-0.48,13.9,1.07,120.6247,-1.010567,166.2403
1.109365,-0.48,13.9,1.07,120.6247,-1.010567,166.2403
1.111839,-0.48,13.9,1.07,120.6247,-1.010567,166.2403
1.1142,-0.48,14.38,1.07,121.2173,-1.015531,165.2273
1.116433,-0.48,14.38,1.07,121.2173,-1.015531,165.2273
1.118737,-0.48,14.38,1.07,121.2173,-1.015531,165.2273
1.120855,-0.48,14.38,1.07,121.2173,-1.015531,165.2273
1.123046,-0.48,14.38,1.07,121.2173,-1.015531,165.2273
1.12546,-0.48,14.38,1.07,121.2173,-1.015531,165.2273
1.127772,-0.48,14.38,1.07,121.2173,-1.015531,165.2273
1.130403,-0.48,14.38,1.07,121.2173,-1.015531,165.2273
1.132527,-0.48,14.38,1.07,121.2173,-1.015531,165.2273
1.134752,-0.48,14.38,1.07,121.2173,-1.015531,165.2273
1.13685,-0.48,14.38,1.07,121.2173,-1.015531,165.2273
1.139093,-0.48,14.38,1.07,121.2173,-1.015531,165.2273
1.141382,-0.48,14.38,1.07,121.2173,-1.015531,165.2273
1.143712,-0.48,14.38,1.07,121.2173,-1.015531,165.2273
1.146028,-0.72,14.38,0.83,121.3227,-1.524666,165.6312
1.148233,-0.72,14.38,0.83,121.3227,-1.524666,165.6312
1.15044,-0.72,14.38,0.83,121.3227,-1.524666,165.6312
1.152531,-0.72,14.38,0.83,121.3227,-1.524666,165.6312
1.154727,-0.72,14.38,0.83,121.3227,-1.524666,165.6312
1.156964,-0.72,14.38,0.83,121.3227,-1.524666,165.6312
1.15928,-0.72,14.38,0.83,121.3227,-1.524666,165.6312
1.161495,-0.48,14.38,0.83,121.328,-1.016459,165.6312
1.163882,-0.48,14.38,0.83,121.328,-1.016459,165.6312
1.165995,-0.48,14.38,0.83,121.328,-1.016459,165.6312
1.168182,-0.48,14.38,0.83,121.328,-1.016459,165.6312
1.17037,-0.48,14.38,0.83,121.328,-1.016459,165.6312
1.172558,-0.48,14.38,0.83,121.328,-1.016459,165.6312
1.174898,-0.48,14.38,0.83,121.328,-1.016459,165.6312
1.177106,-0.48,14.38,0.59,121.437,-1.017372,166.0357
1.179403,-0.48,14.38,0.59,121.437,-1.017372,166.0357
1.181503,-0.48,14.38,0.59,121.437,-1.017372,166.0357
1.18369,-0.48,14.38,0.59,121.437,-1.017372,166.0357
1.185813,-0.48,14.38,0.59,121.437,-1.017372,166.0357
1.188054,-0.48,14.38,0.59,121.437,-1.017372,166.0357
1.190348,-0.48,14.38,0.59,121.437,-1.017372,166.0357
1.192593,-0.48,14.38,0.59,121.437,-1.017372,166.0357
1.194828,-0.48,14.38,0.59,121.437,-1.017372,166.0357
1.196919,-0.48,14.38,0.59,121.437,-1.017372,166.0357
1.199087,-0.48,14.38,0.59,121.437,-1.017372,166.0357
1.201179,-0.48,14.38,0.59,121.437,-1.017372,166.0357
1.203324,-0.48,14.38,0.59,121.437,-1.017372,166.0357
1.205555,-0.48,14.38,0.59,121.437,-1.017372,166.0357
1.20781,-0.48,14.38,0.59,121.437,-1.017372,166.0357
1.210061,-0.48,14.62,0.35,121.8426,-1.02077,165.9308
1.212325,-0.48,14.62,0.35,121.8426,-1.02077,165.9308
1.214536,-0.48,14.62,0.35,121.8426,-1.02077,165.9308
1.21662,-0.48,14.62,0.35,121.8426,-1.02077,165.9308
1.218749,-0.48,14.62,0.35,121.8426,-1.02077,165.9308
1.220975,-0.48,14.62,0.35,121.8426,-1.02077,165.9308
1.223256,-0.48,14.62,0.35,121.8426,-1.02077,165.9308
1.225457,-0.72,15.1,0.11,122.5378,-1.539937,165.3115
1.227736,-0.72,15.1,0.11,122.5378,-1.539937,165.3115
1.229846,-0.72,15.1,0.11,122.5378,-1.539937,165.3115
1.232004,-0.72,15.1,0.11,122.5378,-1.539937,165.3115
1.234088,-0.72,15.1,0.11,122.5378,-1.539937,165.3115
1.236412,-0.72,15.1,0.11,122.5378,-1.539937,165.3115
1.238765,-0.72,15.1,0.11,122.5378,-1.539937,165.3115
1.240968,-0.72,15.58,-0.37,123.3457,-1.550089,165.0899
1.243311,-0.72,15.58,-0.37,123.3457,-1.550089,165.0899
1.245401,-0.72,15.58,-0.37,123.3457,-1.550089,165.0899
1.247593,-0.72,15.58,-0.37,123.3457,-1.550089,165.0899
1.249684,-0.72,15.58,-0.37,123.3457,-1.550089,165.0899
1.251943,-0.72,15.58,-0.37,123.3457,-1.550089,165.0899
1.254305,-0.72,15.58,-0.37,123.3457,-1.550089,165.0899
1.256543,-0.72,15.58,-0.37,124.2661,-1.041074,165.2659
1.258849,-0.48,16.06,-1.09,124.2661,-1.041074,165.2659
1.260946,-0.48,16.06,-1.09,124.2661,-1.041074,165.2659
1.263144,-0.48,16.06,-1.09,124.2661,-1.041074,165.2659
1.265502,-0.48,16.06,-1.09,124.2661,-1.041074,165.2659
1.267921,-0.48,16.06,-1.09,124.2661,-1.041074,165.2659
1.270436,-0.48,16.06,-1.09,124.2661,-1.041074,165.2659
1.27297,-0.48,16.06,-1.09,125.0647,-1.571692,165.0308
1.275576,-0.72,16.54,-1.57,125.0647,-1.571692,165.0308
1.277958,-0.72,16.54,-1.57,125.0647,-1.571692,165.0308
1.28039,-0.72,16.54,-1.57,125.0647,-1.571692,165.0308
1.2828,-0.72,16.54,-1.57,125.0647,-1.571692,165.0308
1.285238,-0.72,16.54,-1.57,125.0647,-1.571692,165.0308
1.287772,-0.72,16.54,-1.57,125.0647,-1.571692,165.0308
1.290243,-0.48,17.26,-2.29,126.2725,-1.057883,164.6655
1.292614,-0.48,17.26,-2.29,126.2725,-1.057883,164.6655
1.295064,-0.48,17.26,-2.29,126.2725,-1.057883,164.6655
1.297428,-0.48,17.26,-2.29,126.2725,-1.057883,164.6655
1.29989,-0.48,17.26,-2.29,126.2725,-1.057883,164.6655
1.302396,-0.48,17.26,-2.29,126.2725,-1.057883,164.6655
1.3049,-0.48,17.26,-2.29,126.2859,-1.587039,166.4111
1.307403,-0.72,17.02,-3.01,126.2859,-1.587039,166.4111
1.309826,-0.72,17.02,-3.01,126.2859,-1.587039,166.4111
1.312205,-0.72,17.02,-3.01,126.2859,-1.587039,166.4111
1.314422,-0.72,17.02,-3.01,126.2859,-1.587039,166.4111
1.316691,-0.72,17.02,-3.01,126.2859,-1.587039,166.4111
1.319035,-0.72,17.02,-3.01,126.2859,-1.587039,166.4111
1.321309,-0.72,18.22,-3.97,128.1796,-1.610838,165.371
1.323645,-0.72,18.22,-3.97,128.1796,-1.610838,165.371
1.325786,-0.72,18.22,-3.97,128.1796,-1.610838,165.371
1.32797,-0.72,18.22,-3.97,128.1796,-1.610838,165.371
1.330066,-0.72,18.22,-3.97,128.1796,-1.610838,165.371
1.332321,-0.72,18.22,-3.97,128.1796,-1.610838,165.371
1.334652,-0.72,18.22,-3.97,128.1796,-1.610838,165.371
1.336908,-0.72,18.22,-3.97,129.0821,-1.081421,165.5119
1.339223,-0.48,18.7,-4.69,129.0821,-1.081421,165.5119
1.341328,-0.48,18.7,-4.69,129.0821,-1.081421,165.5119
1.343518,-0.48,18.7,-4.69,129.0821,-1.081421,165.5119
1.345619,-0.48,18.7,-4.69,129.0821,-1.081421,165.5119
1.347908,-0.48,18.7,-4.69,129.0821,-1.081421,165.5119
1.350325,-0.48,18.7,-4.69,129.0821,-1.081421,165.5119
1.352569,-0.48,18.7,-4.69,130.1676,-1.090515,164.6953
1.354866,-0.48,19.42,-5.17,130.1676,-1.090515,164.6953
1.356971,-0.48,19.42,-5.17,130.1676,-1.090515,164.6953
1.359147,-0.48,19.42,-5.17,130.1676,-1.090515,164.6953
1.361267,-0.48,19.42,-5.17,130.1676,-1.090515,164.6953
1.363446,-0.48,19.42,-5.17,130.1676,-1.090515,164.6953
1.365692,-0.48,19.42,-5.17,130.1676,-1.090515,164.6953
1.368116,-0.48,19.42,-5.17,131.547,-1.653156,165.0829
1.370458,-0.72,20.14,-6.37,131.547,-1.653156,165.0829
1.373164,-0.72,20.14,-6.37,131.547,-1.653156,165.0829
1.375832,-0.72,20.14,-6.37,131.547,-1.653156,165.0829
1.378109,-0.72,20.14,-6.37,131.547,-1.653156,165.0829
1.38061,-0.72,20.14,-6.37,131.547,-1.653156,165.0829
1.383071,-0.72,20.14,-6.37,131.547,-1.653156,165.0829
1.385439,-0.48,20.62,-7.09,132.437,-1.109527,165.1982
1.387845,-0.48,20.62,-7.09,132.437,-1.109527,165.1982
1.390487,-0.48,20.62,-7.09,132.437,-1.109527,165.1982
1.392938,-0.48,20.62,-7.09,132.437,-1.109527,165.1982
1.395555,-0.48,20.62,-7.09,132.437,-1.109527,165.1982
1.398056,-0.48,20.62,-7.09,132.437,-1.109527,165.1982
1.400696,-0.48,20.62,-7.09,132.437,-1.109527,165.1982
1.403182,-0.48,21.1,-7.57,133.2198,-1.116086,164.8999
1.405512,-0.48,21.1,-7.57,133.2198,-1.116086,164.8999
1.407796,-0.48,21.1,-7.57,133.2198,-1.116086,164.8999
1.409978,-0.48,21.1,-7.57,133.2198,-1.116086,164.8999
1.412247,-0.48,21.1,-7.57,133.2198,-1.116086,164.8999
1.41459,-0.48,21.1,-7.57,133.2198,-1.116086,164.8999
1.41682,-0.48,21.1,-7.57,134.0913,-1.68513,165.0025
1.419275,-0.72,21.58,-8.29,134.0913,-1.68513,165.0025
1.421389,-0.72,21.58,-8.29,134.0913,-1.68513,165.0025
1.423592,-0.72,21.58,-8.29,134.0913,-1.68513,165.0025
1.425691,-0.72,21.58,-8.29,134.0913,-1.68513,165.0025
1.427933,-0.72,21.58,-8.29,134.0913,-1.68513,165.0025
1.430504,-0.72,21.58,-8.29,134.0913,-1.68513,165.0025
1.432949,-0.72,21.58,-8.29,135.8346,-1.707037,163.3973
1.435357,-0.72,22.78,-9.01,135.8346,-1.707037,163.3973
1.437524,-0.72,22.78,-9.01,135.8346,-1.707037,163.3973
1.439737,-0.72,22.78,-9.01,135.8346,-1.707037,163.3973
1.441829,-0.72,22.78,-9.01,135.8346,-1.707037,163.3973
1.444683,-0.72,22.78,-9.01,135.8346,-1.707037,163.3973
1.447175,-0.72,22.78,-9.01,135.8346,-1.707037,163.3973
1.449451,-0.48,22.78,-9.73,136.1319,-1.140483,164.6197
1.451817,-0.48,22.78,-9.73,136.1319,-1.140483,164.6197
1.454047,-0.48,22.78,-9.73,136.1319,-1.140483,164.6197
1.456362,-0.48,22.78,-9.73,136.1319,-1.140483,164.6197
1.458679,-0.48,22.78,-9.73,136.1319,-1.140483,164.6197
1.460852,-0.48,22.78,-9.73,136.1319,-1.140483,164.6197
1.463156,-0.48,22.78,-9.73,136.1319,-1.140483,164.6197
1.465325,-0.72,22.78,-10.21,136.3117,-1.713034,165.4366
1.467596,-0.72,22.78,-10.21,136.3117,-1.713034,165.4366
1.469682,-0.72,22.78,-10.21,136.3117,-1.713034,165.4366
1.471856,-0.72,22.78,-10.21,136.3117,-1.713034,165.4366
1.473944,-0.72,22.78,-10.21,136.3117,-1.713034,165.4366
1.476159,-0.72,22.78,-10.21,136.3117,-1.713034,165.4366
1.478394,-0.72,22.78,-10.21,136.3117,-1.713034,165.4366
1.480562,-0.72,22.78,-10.21,137.4671,-1.727554,164.9428
1.482764,-0.72,23.5,-10.93,137.4671,-1.727554,164.9428
1.48488,-0.72,23.5,-10.93,137.4671,-1.727554,164.9428
1.487044,-0.72,23.5,-10.93,137.4671,-1.727554,164.9428
1.489135,-0.72,23.5,-10.93,137.4671,-1.727554,164.9428
1.491269,-0.72,23.5,-10.93,137.4671,-1.727554,164.9428
1.49352,-0.72,23.5,-10.93,137.4671,-1.727554,164.9428
1.495803,-0.72,23.5,-10.93,137.4671,-1.727554,164.9428
1.498045,-0.48,23.5,-11.17,137.5635,-1.152476,165.3518
1.50025,-0.48,23.5,-11.17,137.5635,-1.152476,165.3518
1.502522,-0.48,23.5,-11.17,137.5635,-1.152476,165.3518
1.504704,-0.48,23.5,-11.17,137.5635,-1.152476,165.3518
1.506995,-0.48,23.5,-11.17,137.5635,-1.152476,165.3518
1.509218,-0.48,23.5,-11.17,137.5635,-1.152476,165.3518
1.511515,-0.48,23.5,-11.17,137.5635,-1.152476,165.3518
1.513686,-0.48,24.22,-11.89,138.7127,-1.162104,164.8435
1.515956,-0.48,24.22,-11.89,138.7127,-1.162104,164.8435
1.518066,-0.48,24.22,-11.89,138.7127,-1.162104,164.8435
1.520258,-0.48,24.22,-11.89,138.7127,-1.162104,164.8435
1.522451,-0.48,24.22,-11.89,138.7127,-1.162104,164.8435
1.524629,-0.48,24.22,-11.89,138.7127,-1.162104,164.8435
1.527007,-0.48,24.22,-11.89,138.7127,-1.162104,164.8435
1.529208,-0.48,24.7,-12.37,139.4752,-1.168492,164.4966
1.531493,-0.48,24.7,-12.37,139.4752,-1.168492,164.4966
1.533592,-0.48,24.7,-12.37,139.4752,-1.168492,164.4966
1.535834,-0.48,24.7,-12.37,139.4752,-1.168492,164.4966
1.537959,-0.48,24.7,-12.37,139.4752,-1.168492,164.4966
1.54023,-0.48,24.7,-12.37,139.4752,-1.168492,164.4966
1.542616,-0.48,24.7,-12.37,139.4752,-1.168492,164.4966
1.5448,-0.48,24.7,-12.37,140.1384,-1.761124,163.7343
1.547072,-0.72,25.18,-12.61,140.1384,-1.761124,163.7343
1.549187,-0.72,25.18,-12.61,140.1384,-1.761124,163.7343
1.551331,-0.72,25.18,-12.61,140.1384,-1.761124,163.7343
1.553622,-0.72,25.18,-12.61,140.1384,-1.761124,163.7343
1.556071,-0.72,25.18,-12.61,140.1384,-1.761124,163.7343
1.558384,-0.72,25.18,-12.61,140.1384,-1.761124,163.7343
1.560561,-0.72,25.18,-12.61,140.7889,-1.179498,164.7835
1.562774,-0.48,25.42,-13.57,140.7889,-1.179498,164.7835
1.564877,-0.48,25.42,-13.57,140.7889,-1.179498,164.7835
1.567038,-0.48,25.42,-13.57,140.7889,-1.179498,164.7835
1.56914,-0.48,25.42,-13.57,140.7889,-1.179498,164.7835
1.571286,-0.48,25.42,-13.57,140.7889,-1.179498,164.7835
1.573506,-0.48,25.42,-13.57,140.7889,-1.179498,164.7835
1.57579,-0.48,25.42,-13.57,140.7889,-1.179498,164.7835
1.578021,-0.72,26.38,-13.81,142.0241,-1.784822,162.8235
1.58021,-0.72,26.38,-13.81,142.0241,-1.784822,162.8235
1.582394,-0.72,26.38,-13.81,142.0241,-1.784822,162.8235
1.584516,-0.72,26.38,-13.81,142.0241,-1.784822,162.8235
1.586691,-0.72,26.38,-13.81,142.0241,-1.784822,162.8235
1.588868,-0.72,26.38,-13.81,142.0241,-1.784822,162.8235
1.591189,-0.72,26.38,-13.81,142.0241,-1.784822,162.8235
1.593387,-0.48,26.86,-14.77,142.9582,-1.197672,163.2665
1.595642,-0.48,26.86,-14.77,142.9582,-1.197672,163.2665
1.597748,-0.48,26.86,-14.77,142.9582,-1.197672,163.2665
1.59993,-0.48,26.86,-14.77,142.9582,-1.197672,163.2665
1.602054,-0.48,26.86,-14.77,142.9582,-1.197672,163.2665
1.604565,-0.48,26.86,-14.77,142.9582,-1.197672,163.2665
1.606911,-0.48,26.86,-14.77,142.9582,-1.197672,163.2665
1.6091,-0.72,27.34,-15.25,143.6976,-1.805853,162.8849
1.611397,-0.72,27.34,-15.25,143.6976,-1.805853,162.8849
1.613503,-0.72,27.34,-15.25,143.6976,-1.805853,162.8849
1.615686,-0.72,27.34,-15.25,143.6976,-1.805853,162.8849
1.617785,-0.72,27.34,-15.25,143.6976,-1.805853,162.8849
1.620085,-0.72,27.34,-15.25,143.6976,-1.805853,162.8849
1.622401,-0.72,27.34,-15.25,143.6976,-1.805853,162.8849
1.624578,-0.72,27.34,-15.25,144.4064,-1.81476,164.3329
1.626861,-0.72,27.58,-16.45,144.4064,-1.81476,164.3329
1.629028,-0.72,27.58,-16.45,144.4064,-1.81476,164.3329
1.631222,-0.72,27.58,-16.45,144.4064,-1.81476,164.3329
1.633326,-0.72,27.58,-16.45,144.4064,-1.81476,164.3329
1.635517,-0.72,27.58,-16.45,144.4064,-1.81476,164.3329
1.637782,-0.72,27.58,-16.45,144.4064,-1.81476,164.3329
1.64008,-0.72,27.58,-16.45,144.7773,-1.819421,164.1382
1.642357,-0.72,27.82,-16.69,144.7773,-1.819421,164.1382
1.644514,-0.72,27.82,-16.69,144.7773,-1.819421,164.1382
1.646711,-0.72,27.82,-16.69,144.7773,-1.819421,164.1382
1.648799,-0.72,27.82,-16.69,144.7773,-1.819421,164.1382
1.650928,-0.72,27.82,-16.69,144.7773,-1.819421,164.1382
1.653165,-0.72,27.82,-16.69,144.7773,-1.819421,164.1382
1.655436,-0.72,27.82,-16.69,144.7773,-1.819421,164.1382
1.657635,-0.48,28.78,-17.65,146.2588,-1.225324,163.3439
1.659894,-0.48,28.78,-17.65,146.2588,-1.225324,163.3439
1.661981,-0.48,28.78,-17.65,146.2588,-1.225324,163.3439
1.664172,-0.48,28.78,-17.65,146.2588,-1.225324,163.3439
1.666364,-0.48,28.78,-17.65,146.2588,-1.225324,163.3439
1.668531,-0.48,28.78,-17.65,146.2588,-1.225324,163.3439
1.670832,-0.48,28.78,-17.65,146.2588,-1.225324,163.3439
1.673419,-0.48,29.26,-18.13,146.9914,-1.231461,162.9375
1.676049,-0.48,29.26,-18.13,146.9914,-1.231461,162.9375
1.678396,-0.48,29.26,-18.13,146.9914,-1.231461,162.9375
1.680627,-0.48,29.26,-18.13,146.9914,-1.231461,162.9375
1.68829,-0.48,29.26,-18.13,146.9914,-1.231461,162.9375
1.69077,-0.48,29.26,-18.13,148.1637,-1.241283,162.7276
1.693102,-0.48,29.98,-19.09,148.1637,-1.241283,162.7276
1.695581,-0.48,29.98,-19.09,148.1637,-1.241283,162.7276
1.698159,-0.48,29.98,-19.09,148.1637,-1.241283,162.7276
1.700751,-0.48,29.98,-19.09,148.1637,-1.241283,162.7276
1.703191,-0.48,29.98,-19.09,148.1637,-1.241283,162.7276
1.705894,-0.48,30.46,-19.81,148.9659,-1.248003,162.7174
1.708343,-0.48,30.46,-19.81,148.9659,-1.248003,162.7174
1.710715,-0.48,30.46,-19.81,148.9659,-1.248003,162.7174
1.712949,-0.48,30.46,-19.81,148.9659,-1.248003,162.7174
1.715323,-0.48,30.46,-19.81,148.9659,-1.248003,162.7174
1.717647,-0.48,30.46,-19.81,148.9659,-1.248003,162.7174
1.720178,-0.48,30.46,-19.81,149.6862,-1.254038,162.2897
1.722537,-0.48,30.94,-20.29,149.6862,-1.254038,162.2897
1.724654,-0.48,30.94,-20.29,149.6862,-1.254038,162.2897
1.726839,-0.48,30.94,-20.29,149.6862,-1.254038,162.2897
1.729247,-0.48,30.94,-20.29,149.6862,-1.254038,162.2897
1.73146,-0.48,30.94,-20.29,149.6862,-1.254038,162.2897
1.733724,-0.48,30.94,-20.29,149.6862,-1.254038,162.2897
1.7361,-0.48,30.94,-20.29,150.7599,-1.263033,161.6369
1.738455,-0.48,31.66,-21.01,150.7599,-1.263033,161.6369
1.740562,-0.48,31.66,-21.01,150.7599,-1.263033,161.6369
1.742794,-0.48,31.66,-21.01,150.7599,-1.263033,161.6369
1.744971,-0.48,31.66,-21.01,150.7599,-1.263033,161.6369
1.747188,-0.48,31.66,-21.01,150.7599,-1.263033,161.6369
1.749458,-0.48,31.66,-21.01,150.7599,-1.263033,161.6369
1.751822,-0.48,31.66,-21.01,150.7599,-1.263033,161.6369
1.754105,-0.72,31.9,-21.73,151.2607,-1.900898,162.2402
1.75636,-0.72,31.9,-21.73,151.2607,-1.900898,162.2402
1.758581,-0.72,31.9,-21.73,151.2607,-1.900898,162.2402
1.760692,-0.72,31.9,-21.73,151.2607,-1.900898,162.2402
1.762931,-0.72,31.9,-21.73,151.2607,-1.900898,162.2402
1.76519,-0.72,31.9,-21.73,151.2607,-1.900898,162.2402
1.767525,-0.72,31.9,-21.73,151.2607,-1.900898,162.2402
1.769725,-0.48,32.38,-22.45,152.0498,-1.273839,162.207
1.772015,-0.48,32.38,-22.45,152.0498,-1.273839,162.207
1.774135,-0.48,32.38,-22.45,152.0498,-1.273839,162.207
1.776366,-0.48,32.38,-22.45,152.0498,-1.273839,162.207
1.778559,-0.48,32.38,-22.45,152.0498,-1.273839,162.207
1.78076,-0.48,32.38,-22.45,152.0498,-1.273839,162.207
1.783116,-0.48,32.38,-22.45,152.0498,-1.273839,162.207
1.785324,-0.72,32.62,-22.93,152.4677,-1.916067,162.3947
1.787661,-0.72,32.62,-22.93,152.4677,-1.916067,162.3947
1.789773,-0.72,32.62,-22.93,152.4677,-1.916067,162.3947
1.792052,-0.72,32.62,-22.93,152.4677,-1.916067,162.3947
1.794224,-0.72,32.62,-22.93,152.4677,-1.916067,162.3947
1.796459,-0.72,32.62,-22.93,152.4677,-1.916067,162.3947
1.798769,-0.72,32.62,-22.93,152.4677,-1.916067,162.3947
1.800993,-0.48,32.86,-23.41,152.8964,-1.280932,162.5812
1.803333,-0.48,32.86,-23.41,152.8964,-1.280932,162.5812
1.805638,-0.48,32.86,-23.41,152.8964,-1.280932,162.5812
1.807849,-0.48,32.86,-23.41,152.8964,-1.280932,162.5812
1.809962,-0.48,32.86,-23.41,152.8964,-1.280932,162.5812
1.812312,-0.48,32.86,-23.41,152.8964,-1.280932,162.5812
1.814661,-0.48,32.86,-23.41,152.8964,-1.280932,162.5812
1.816884,-0.48,32.86,-23.41,154.1551,-1.291477,160.8345
1.819217,-0.48,33.82,-23.89,154.1551,-1.291477,160.8345
1.821339,-0.48,33.82,-23.89,154.1551,-1.291477,160.8345
1.823514,-0.48,33.82,-23.89,154.1551,-1.291477,160.8345
1.825614,-0.48,33.82,-23.89,154.1551,-1.291477,160.8345
1.827759,-0.48,33.82,-23.89,154.1551,-1.291477,160.8345
1.830105,-0.48,33.82,-23.89,154.1551,-1.291477,160.8345
1.832419,-0.48,33.82,-23.89,154.5672,-1.942451,161.0134
1.834686,-0.72,34.06,-24.37,154.5672,-1.942451,161.0134
1.836822,-0.72,34.06,-24.37,154.5672,-1.942451,161.0134
1.839026,-0.72,34.06,-24.37,154.5672,-1.942451,161.0134
1.841128,-0.72,34.06,-24.37,154.5672,-1.942451,161.0134
1.843362,-0.72,34.06,-24.37,154.5672,-1.942451,161.0134
1.845606,-0.72,34.06,-24.37,154.5672,-1.942451,161.0134
1.848032,-0.72,34.06,-24.37,155.3967,-1.952875,161.3677
1.850391,-0.72,34.54,-25.33,155.3967,-1.952875,161.3677
1.852487,-0.72,34.54,-25.33,155.3967,-1.952875,161.3677
1.854719,-0.72,34.54,-25.33,155.3967,-1.952875,161.3677
1.856869,-0.72,34.54,-25.33,155.3967,-1.952875,161.3677
1.859069,-0.72,34.54,-25.33,155.3967,-1.952875,161.3677
1.861313,-0.72,34.54,-25.33,155.3967,-1.952875,161.3677
1.863605,-0.72,34.54,-25.33,155.3967,-1.952875,161.3677
1.865879,-0.48,35.26,-25.57,156.2966,-1.309418,159.8224
1.868103,-0.48,35.26,-25.57,156.2966,-1.309418,159.8224
1.870272,-0.48,35.26,-25.57,156.2966,-1.309418,159.8224
1.872951,-0.48,35.26,-25.57,156.2966,-1.309418,159.8224
1.875472,-0.48,35.26,-25.57,156.2966,-1.309418,159.8224
1.877862,-0.48,35.26,-25.57,156.2966,-1.309418,159.8224
1.880301,-0.48,35.26,-25.57,157.0413,-1.973543,159.7489
1.882728,-0.72,35.74,-26.29,157.0413,-1.973543,159.7489
1.885005,-0.72,35.74,-26.29,157.0413,-1.973543,159.7489
1.887383,-0.72,35.74,-26.29,157.0413,-1.973543,159.7489
1.889819,-0.72,35.74,-26.29,157.0413,-1.973543,159.7489
1.892636,-0.72,35.74,-26.29,157.0413,-1.973543,159.7489
1.895154,-0.72,35.74,-26.29,157.0413,-1.973543,159.7489
1.897438,-0.72,36.22,-27.25,157.8533,-1.983747,160.0837
1.899742,-0.72,36.22,-27.25,157.8533,-1.983747,160.0837
1.901891,-0.72,36.22,-27.25,157.8533,-1.983747,160.0837
1.90412,-0.72,36.22,-27.25,157.8533,-1.983747,160.0837
1.906363,-0.72,36.22,-27.25,157.8533,-1.983747,160.0837
1.908546,-0.72,36.22,-27.25,157.8533,-1.983747,160.0837
1.910852,-0.72,36.22,-27.25,157.8533,-1.983747,160.0837
1.913051,-0.48,36.7,-28.21,158.6611,-1.329227,160.4139
1.91533,-0.48,36.7,-28.21,158.6611,-1.329227,160.4139
1.91744,-0.48,36.7,-28.21,158.6611,-1.329227,160.4139
1.919642,-0.48,36.7,-28.21,158.6611,-1.329227,160.4139
1.921744,-0.48,36.7,-28.21,158.6611,-1.329227,160.4139
1.924023,-0.48,36.7,-28.21,158.6611,-1.329227,160.4139
1.926342,-0.48,36.7,-28.21,158.6611,-1.329227,160.4139
1.928692,-0.48,36.7,-28.21,158.9964,-1.332036,160.1629
1.930955,-0.48,36.94,-28.45,158.9964,-1.332036,160.1629
1.933084,-0.48,36.94,-28.45,158.9964,-1.332036,160.1629
1.935261,-0.48,36.94,-28.45,158.9964,-1.332036,160.1629
1.937397,-0.48,36.94,-28.45,158.9964,-1.332036,160.1629
1.939571,-0.48,36.94,-28.45,158.9964,-1.332036,160.1629
1.941811,-0.48,36.94,-28.45,158.9964,-1.332036,160.1629
1.944157,-0.48,36.94,-28.45,160.2643,-1.342659,158.7306
1.94658,-0.48,37.9,-29.17,160.2643,-1.342659,158.7306
1.948715,-0.48,37.9,-29.17,160.2643,-1.342659,158.7306
1.950944,-0.48,37.9,-29.17,160.2643,-1.342659,158.7306
1.953036,-0.48,37.9,-29.17,160.2643,-1.342659,158.7306
1.955226,-0.48,37.9,-29.17,160.2643,-1.342659,158.7306
1.958214,-0.48,37.9,-29.17,160.2643,-1.342659,158.7306
1.960519,-0.48,37.9,-29.17,160.8588,-1.347639,157.7993
1.962822,-0.48,38.38,-29.41,160.8588,-1.347639,157.7993
1.964921,-0.48,38.38,-29.41,160.8588,-1.347639,157.7993
1.96727,-0.48,38.38,-29.41,160.8588,-1.347639,157.7993
1.969793,-0.48,38.38,-29.41,160.8588,-1.347639,157.7993
1.97217,-0.48,38.38,-29.41,160.8588,-1.347639,157.7993
1.974495,-0.48,38.38,-29.41,160.8588,-1.347639,157.7993
1.976898,-0.48,38.38,-29.41,161.3676,-2.027912,158.781
1.979422,-0.72,38.62,-30.37,161.3676,-2.027912,158.781
1.981883,-0.72,38.62,-30.37,161.3676,-2.027912,158.781
1.984356,-0.72,38.62,-30.37,161.3676,-2.027912,158.781
1.986677,-0.72,38.62,-30.37,161.3676,-2.027912,158.781
1.988996,-0.72,38.62,-30.37,161.3676,-2.027912,158.781
1.991392,-0.72,38.62,-30.37,161.3676,-2.027912,158.781
1.993675,-0.48,39.1,-31.09,162.0863,-1.357923,158.6701
1.995962,-0.48,39.1,-31.09,162.0863,-1.357923,158.6701
1.998088,-0.48,39.1,-31.09,162.0863,-1.357923,158.6701
2.000273,-0.48,39.1,-31.09,162.0863,-1.357923,158.6701
2.002473,-0.48,39.1,-31.09,162.0863,-1.357923,158.6701
2.004778,-0.48,39.1,-31.09,162.0863,-1.357923,158.6701
2.007103,-0.48,39.1,-31.09,162.0863,-1.357923,158.6701
2.009287,-0.72,39.58,-31.33,162.6678,-2.044251,157.7243
2.011531,-0.72,39.58,-31.33,162.6678,-2.044251,157.7243
2.013629,-0.72,39.58,-31.33,162.6678,-2.044251,157.7243
2.015827,-0.72,39.58,-31.33,162.6678,-2.044251,157.7243
2.017918,-0.72,39.58,-31.33,162.6678,-2.044251,157.7243
2.020179,-0.72,39.58,-31.33,162.6678,-2.044251,157.7243
2.022528,-0.72,39.58,-31.33,162.6678,-2.044251,157.7243
2.024724,-0.72,39.58,-31.33,163.4351,-1.369223,158.0174
2.027028,-0.48,40.06,-32.29,163.4351,-1.369223,158.0174
2.029118,-0.48,40.06,-32.29,163.4351,-1.369223,158.0174
2.031329,-0.48,40.06,-32.29,163.4351,-1.369223,158.0174
2.033422,-0.48,40.06,-32.29,163.4351,-1.369223,158.0174
2.035656,-0.48,40.06,-32.29,163.4351,-1.369223,158.0174
2.037955,-0.48,40.06,-32.29,163.4351,-1.369223,158.0174
2.040253,-0.48,40.06,-32.29,164.3342,-1.376755,156.7877
2.042529,-0.48,40.78,-32.77,164.3342,-1.376755,156.7877
2.044734,-0.48,40.78,-32.77,164.3342,-1.376755,156.7877
2.04693,-0.48,40.78,-32.77,164.3342,-1.376755,156.7877
2.049024,-0.48,40.78,-32.77,164.3342,-1.376755,156.7877
2.051248,-0.48,40.78,-32.77,164.3342,-1.376755,156.7877
2.05364,-0.48,40.78,-32.77,164.3342,-1.376755,156.7877
2.056255,-0.48,40.78,-32.77,164.4403,-2.066526,157.6178
2.058577,-0.72,40.78,-33.25,164.4403,-2.066526,157.6178
2.060707,-0.72,40.78,-33.25,164.4403,-2.066526,157.6178
2.062951,-0.72,40.78,-33.25,164.4403,-2.066526,157.6178
2.06505,-0.72,40.78,-33.25,164.4403,-2.066526,157.6178
2.067276,-0.72,40.78,-33.25,164.4403,-2.066526,157.6178
2.069497,-0.72,40.78,-33.25,164.4403,-2.066526,157.6178
2.071856,-0.72,40.78,-33.25,165.3308,-2.077718,156.3759
2.074058,-0.72,41.5,-33.73,165.3308,-2.077718,156.3759
2.076254,-0.72,41.5,-33.73,165.3308,-2.077718,156.3759
2.078447,-0.72,41.5,-33.73,165.3308,-2.077718,156.3759
2.080572,-0.72,41.5,-33.73,165.3308,-2.077718,156.3759
2.082723,-0.72,41.5,-33.73,165.3308,-2.077718,156.3759
2.084826,-0.72,41.5,-33.73,165.3308,-2.077718,156.3759
2.087113,-0.72,41.5,-33.73,165.3308,-2.077718,156.3759
2.089347,-0.72,41.5,-33.73,165.3308,-2.077718,156.3759
2.091587,-0.48,41.98,-34.69,166.0729,-1.391322,156.6487
2.093754,-0.48,41.98,-34.69,166.0729,-1.391322,156.6487
2.095966,-0.48,41.98,-34.69,166.0729,-1.391322,156.6487
2.09807,-0.48,41.98,-34.69,166.0729,-1.391322,156.6487
2.100242,-0.48,41.98,-34.69,166.0729,-1.391322,156.6487
2.102486,-0.48,41.98,-34.69,166.0729,-1.391322,156.6487
2.104694,-0.48,41.98,-34.69,166.0729,-1.391322,156.6487
2.107022,-0.48,41.98,-34.69,166.686,-2.094749,156.0857
2.109194,-0.72,42.46,-35.17,166.686,-2.094749,156.0857
2.111392,-0.72,42.46,-35.17,166.686,-2.094749,156.0857
2.113489,-0.72,42.46,-35.17,166.686,-2.094749,156.0857
2.115703,-0.72,42.46,-35.17,166.686,-2.094749,156.0857
2.11784,-0.72,42.46,-35.17,166.686,-2.094749,156.0857
2.120172,-0.72,42.46,-35.17,166.686,-2.094749,156.0857
2.122455,-0.72,42.46,-35.17,167.3613,-1.402115,155.9332
2.124647,-0.48,42.94,-35.89,167.3613,-1.402115,155.9332
2.126846,-0.48,42.94,-35.89,167.3613,-1.402115,155.9332
2.128953,-0.48,42.94,-35.89,167.3613,-1.402115,155.9332
2.131146,-0.48,42.94,-35.89,167.3613,-1.402115,155.9332
2.133268,-0.48,42.94,-35.89,167.3613,-1.402115,155.9332
2.135572,-0.48,42.94,-35.89,167.3613,-1.402115,155.9332
2.137801,-0.48,42.94,-35.89,167.3613,-1.402115,155.9332
2.140115,-0.48,43.42,-36.61,168.0227,-1.407657,155.7758
2.143677,-0.48,43.42,-36.61,168.0227,-1.407657,155.7758
2.146112,-0.48,43.42,-36.61,168.0227,-1.407657,155.7758
2.148519,-0.48,43.42,-36.61,168.0227,-1.407657,155.7758
2.151064,-0.48,43.42,-36.61,168.0227,-1.407657,155.7758
2.153965,-0.48,43.42,-36.61,168.0227,-1.407657,155.7758
2.157081,-0.48,43.42,-36.61,168.0227,-1.407657,155.7758
2.159246,-0.48,43.42,-36.61,168.0227,-1.407657,155.7758
2.161366,-0.48,43.42,-36.61,168.0227,-1.407657,155.7758
2.163545,-0.48,43.42,-36.61,168.0227,-1.407657,155.7758
2.165658,-0.48,43.42,-36.61,168.0227,-1.407657,155.7758
2.167999,-0.48,43.66,-37.81,168.511,-1.411748,157.1525
2.170231,-0.48,43.66,-37.81,168.511,-1.411748,157.1525
2.17249,-0.48,43.66,-37.81,168.511,-1.411748,157.1525
2.174632,-0.48,43.66,-37.81,168.511,-1.411748,157.1525
2.176736,-0.48,43.66,-37.81,168.511,-1.411748,157.1525
2.178877,-0.48,43.66,-37.81,168.511,-1.411748,157.1525
2.180994,-0.48,43.66,-37.81,168.511,-1.411748,157.1525
2.183255,-0.48,43.9,-38.05,168.8135,-1.414282,156.8627
2.185433,-0.48,43.9,-38.05,168.8135,-1.414282,156.8627
2.187778,-0.48,43.9,-38.05,168.8135,-1.414282,156.8627
2.189931,-0.48,43.9,-38.05,168.8135,-1.414282,156.8627
2.192153,-0.48,43.9,-38.05,168.8135,-1.414282,156.8627
2.194282,-0.48,43.9,-38.05,168.8135,-1.414282,156.8627
2.196384,-0.48,43.9,-38.05,168.8135,-1.414282,156.8627
2.19883,-0.48,43.9,-38.05,169.1491,-2.125702,156.9884
2.201027,-0.72,44.14,-38.53,169.1491,-2.125702,156.9884
2.203317,-0.72,44.14,-38.53,169.1491,-2.125702,156.9884
2.205486,-0.72,44.14,-38.53,169.1491,-2.125702,156.9884
2.207672,-0.72,44.14,-38.53,169.1491,-2.125702,156.9884
2.209794,-0.72,44.14,-38.53,169.1491,-2.125702,156.9884
2.21193,-0.72,44.14,-38.53,169.1491,-2.125702,156.9884
2.214104,-0.72,44.14,-38.53,169.4147,-1.419318,156.2793
2.216317,-0.48,44.38,-38.53,169.4147,-1.419318,156.2793
2.218581,-0.48,44.38,-38.53,169.4147,-1.419318,156.2793
2.22079,-0.48,44.38,-38.53,169.4147,-1.419318,156.2793
2.22298,-0.48,44.38,-38.53,169.4147,-1.419318,156.2793
2.225079,-0.48,44.38,-38.53,169.4147,-1.419318,156.2793
2.227277,-0.48,44.38,-38.53,169.4147,-1.419318,156.2793
2.229381,-0.48,44.38,-38.53,169.4147,-1.419318,156.2793
2.231625,-0.48,44.38,-38.53,169.4147,-1.419318,156.2793
2.23381,-0.48,44.38,-38.53,169.4147,-1.419318,156.2793
2.236182,-0.48,44.38,-38.53,169.4147,-1.419318,156.2793
2.238425,-0.48,44.38,-38.53,169.4147,-1.419318,156.2793
2.240529,-0.48,44.38,-38.53,169.4147,-1.419318,156.2793
2.242717,-0.48,44.38,-38.53,169.4147,-1.419318,156.2793
2.244924,-0.48,44.38,-38.53,169.4147,-1.419318,156.2793
2.247191,-0.72,44.38,-38.53,169.4072,-2.128946,156.2793
2.249375,-0.72,44.38,-38.53,169.4072,-2.128946,156.2793
2.251669,-0.72,44.38,-38.53,169.4072,-2.128946,156.2793
2.253908,-0.72,44.38,-38.53,169.4072,-2.128946,156.2793
2.25617,-0.72,44.38,-38.53,169.4072,-2.128946,156.2793
2.258425,-0.72,44.38,-38.53,169.4072,-2.128946,156.2793
2.260539,-0.72,44.38,-38.53,169.4072,-2.128946,156.2793
2.262843,-0.72,44.38,-38.53,169.6245,-1.421077,155.1526
2.265019,-0.48,44.62,-38.29,169.6245,-1.421077,155.1526
2.26733,-0.48,44.62,-38.29,169.6245,-1.421077,155.1526
2.269508,-0.48,44.62,-38.29,169.6245,-1.421077,155.1526
2.271988,-0.48,44.62,-38.29,169.6245,-1.421077,155.1526
2.274617,-0.48,44.62,-38.29,169.6245,-1.421077,155.1526
2.277041,-0.48,44.62,-38.29,169.6245,-1.421077,155.1526
2.279491,-0.48,44.62,-38.05,169.5775,-1.420682,154.7364
2.281874,-0.48,44.62,-38.05,169.5775,-1.420682,154.7364
2.284352,-0.48,44.62,-38.05,169.5775,-1.420682,154.7364
2.286706,-0.48,44.62,-38.05,169.5775,-1.420682,154.7364
2.288997,-0.48,44.62,-38.05,169.5775,-1.420682,154.7364
2.29158,-0.48,44.62,-38.05,169.5775,-1.420682,154.7364
2.294625,-0.48,44.62,-38.05,169.4707,-2.129744,153.9045
2.297318,-0.72,44.62,-37.57,169.4707,-2.129744,153.9045
2.299773,-0.72,44.62,-37.57,169.4707,-2.129744,153.9045
2.302098,-0.72,44.62,-37.57,169.4707,-2.129744,153.9045
2.304451,-0.72,44.62,-37.57,169.4707,-2.129744,153.9045
2.306915,-0.72,44.62,-37.57,169.4707,-2.129744,153.9045
2.309131,-0.72,44.62,-37.57,169.4707,-2.129744,153.9045
2.311419,-0.72,44.62,-36.85,169.3087,-2.127707,152.6584
2.313625,-0.72,44.62,-36.85,169.3087,-2.127707,152.6584
2.316073,-0.72,44.62,-36.85,169.3087,-2.127707,152.6584
2.318249,-0.72,44.62,-36.85,169.3087,-2.127707,152.6584
2.320388,-0.72,44.62,-36.85,169.3087,-2.127707,152.6584
2.322646,-0.72,44.62,-36.85,169.3087,-2.127707,152.6584
2.324755,-0.72,44.62,-36.85,169.3087,-2.127707,152.6584
2.327038,-0.48,44.62,-35.89,169.0757,-1.416478,151.0002
2.329375,-0.48,44.62,-35.89,169.0757,-1.416478,151.0002
2.331732,-0.48,44.62,-35.89,169.0757,-1.416478,151.0002
2.333951,-0.48,44.62,-35.89,169.0757,-1.416478,151.0002
2.336161,-0.48,44.62,-35.89,169.0757,-1.416478,151.0002
2.338386,-0.48,44.62,-35.89,169.0757,-1.416478,151.0002
2.340516,-0.48,44.62,-35.89,169.0757,-1.416478,151.0002
2.34279,-0.48,44.62,-35.89,169.0337,-1.416126,148.6388
2.344997,-0.48,44.86,-34.93,169.0337,-1.416126,148.6388
2.347298,-0.48,44.86,-34.93,169.0337,-1.416126,148.6388
2.349492,-0.48,44.86,-34.93,169.0337,-1.416126,148.6388
2.351745,-0.48,44.86,-34.93,169.0337,-1.416126,148.6388
2.353844,-0.48,44.86,-34.93,169.0337,-1.416126,148.6388
2.356061,-0.48,44.86,-34.93,169.0337,-1.416126,148.6388
2.358378,-0.48,44.86,-34.93,168.4334,-1.411098,147.2857
2.36055,-0.48,44.62,-33.73,168.4334,-1.411098,147.2857
2.362859,-0.48,44.62,-33.73,168.4334,-1.411098,147.2857
2.3651,-0.48,44.62,-33.73,168.4334,-1.411098,147.2857
2.367315,-0.48,44.62,-33.73,168.4334,-1.411098,147.2857
2.36941,-0.48,44.62,-33.73,168.4334,-1.411098,147.2857
2.371944,-0.48,44.62,-33.73,168.4334,-1.411098,147.2857
2.374729,-0.48,44.62,-33.73,168.4858,-1.411536,145.7584
2.377097,-0.48,44.86,-33.25,168.4858,-1.411536,145.7584
2.379538,-0.48,44.86,-33.25,168.4858,-1.411536,145.7584
2.38184,-0.48,44.86,-33.25,168.4858,-1.411536,145.7584
2.384172,-0.48,44.86,-33.25,168.4858,-1.411536,145.7584
2.386523,-0.48,44.86,-33.25,168.4858,-1.411536,145.7584
2.388809,-0.48,44.86,-33.25,168.4858,-1.411536,145.7584
2.391711,-0.48,44.86,-33.25,168.0162,-1.407603,145.2333
2.394621,-0.48,44.62,-32.53,168.0162,-1.407603,145.2333
2.397077,-0.48,44.62,-32.53,168.0162,-1.407603,145.2333
2.399437,-0.48,44.62,-32.53,168.0162,-1.407603,145.2333
2.401606,-0.48,44.62,-32.53,168.0162,-1.407603,145.2333
2.403809,-0.48,44.62,-32.53,168.0162,-1.407603,145.2333
2.406021,-0.48,44.62,-32.53,167.3602,-1.402106,142.3756
2.408318,-0.48,44.62,-30.85,167.3602,-1.402106,142.3756
2.410591,-0.48,44.62,-30.85,167.3602,-1.402106,142.3756
2.412843,-0.48,44.62,-30.85,167.3602,-1.402106,142.3756
2.415045,-0.48,44.62,-30.85,167.3602,-1.402106,142.3756
2.417176,-0.48,44.62,-30.85,167.3602,-1.402106,142.3756
2.419373,-0.48,44.62,-30.85,167.3602,-1.402106,142.3756
2.421477,-0.48,44.62,-30.85,167.3602,-1.402106,142.3756
2.424135,-0.72,44.86,-29.65,167.0216,-2.098966,139.6475
2.426649,-0.72,44.86,-29.65,167.0216,-2.098966,139.6475
2.4292,-0.72,44.86,-29.65,167.0216,-2.098966,139.6475
2.431647,-0.72,44.86,-29.65,167.0216,-2.098966,139.6475
2.433991,-0.72,44.86,-29.65,167.0216,-2.098966,139.6475
2.436482,-0.72,44.86,-29.65,167.0216,-2.098966,139.6475
2.43899,-0.72,44.86,-29.65,166.5685,-2.093272,138.0344
2.441457,-0.72,44.86,-28.69,166.5685,-2.093272,138.0344
2.444098,-0.72,44.86,-28.69,166.5685,-2.093272,138.0344
2.44659,-0.72,44.86,-28.69,166.5685,-2.093272,138.0344
2.448904,-0.72,44.86,-28.69,166.5685,-2.093272,138.0344
2.451307,-0.72,44.86,-28.69,166.5685,-2.093272,138.0344
2.453742,-0.72,44.86,-28.69,166.5685,-2.093272,138.0344
2.456286,-0.72,44.86,-27.25,165.8384,-2.084096,135.6296
2.458827,-0.72,44.86,-27.25,165.8384,-2.084096,135.6296
2.461331,-0.72,44.86,-27.25,165.8384,-2.084096,135.6296
2.463782,-0.72,44.86,-27.25,165.8384,-2.084096,135.6296
2.466222,-0.72,44.86,-27.25,165.8384,-2.084096,135.6296
2.468615,-0.72,44.86,-27.25,165.8384,-2.084096,135.6296
2.471273,-0.48,45.1,-25.57,165.0748,-1.38296,132.1571
2.473626,-0.48,45.1,-25.57,165.0748,-1.38296,132.1571
2.476128,-0.48,45.1,-25.57,165.0748,-1.38296,132.1571
2.478317,-0.48,45.1,-25.57,165.0748,-1.38296,132.1571
2.480428,-0.48,45.1,-25.57,165.0748,-1.38296,132.1571
2.482614,-0.48,45.1,-25.57,165.0748,-1.38296,132.1571
2.484738,-0.48,45.1,-25.57,165.0748,-1.38296,132.1571
2.487019,-0.48,45.1,-25.57,164.3469,-2.065353,130.1907
2.489265,-0.72,45.1,-24.37,164.3469,-2.065353,130.1907
2.491603,-0.72,45.1,-24.37,164.3469,-2.065353,130.1907
2.493839,-0.72,45.1,-24.37,164.3469,-2.065353,130.1907
2.496044,-0.72,45.1,-24.37,164.3469,-2.065353,130.1907
2.49814,-0.72,45.1,-24.37,164.3469,-2.065353,130.1907
2.500309,-0.72,45.1,-24.37,164.3469,-2.065353,130.1907
2.502616,-0.72,45.1,-24.37,163.7045,-1.37148,126.4812
2.504828,-0.48,45.58,-22.93,163.7045,-1.37148,126.4812
2.507192,-0.48,45.58,-22.93,163.7045,-1.37148,126.4812
2.509402,-0.48,45.58,-22.93,163.7045,-1.37148,126.4812
2.511599,-0.48,45.58,-22.93,163.7045,-1.37148,126.4812
2.513688,-0.48,45.58,-22.93,163.7045,-1.37148,126.4812
2.515879,-0.48,45.58,-22.93,163.7045,-1.37148,126.4812
2.518073,-0.48,45.58,-22.93,162.8707,-2.046801,124.5569
2.520381,-0.72,45.58,-21.73,162.8707,-2.046801,124.5569
2.522669,-0.72,45.58,-21.73,162.8707,-2.046801,124.5569
2.524907,-0.72,45.58,-21.73,162.8707,-2.046801,124.5569
2.527081,-0.72,45.58,-21.73,162.8707,-2.046801,124.5569
2.529197,-0.72,45.58,-21.73,162.8707,-2.046801,124.5569
2.53141,-0.72,45.58,-21.73,162.8707,-2.046801,124.5569
2.533491,-0.72,45.58,-21.73,162.8707,-2.046801,124.5569
2.535779,-0.48,45.82,-20.05,161.7644,-1.355226,121.2155
2.538085,-0.48,45.82,-20.05,161.7644,-1.355226,121.2155
2.540453,-0.48,45.82,-20.05,161.7644,-1.355226,121.2155
2.542632,-0.48,45.82,-20.05,161.7644,-1.355226,121.2155
2.544773,-0.48,45.82,-20.05,161.7644,-1.355226,121.2155
2.546959,-0.48,45.82,-20.05,161.7644,-1.355226,121.2155
2.549078,-0.48,45.82,-20.05,161.7644,-1.355226,121.2155
2.551381,-0.48,45.58,-18.37,160.3509,-1.343384,119.266
2.553595,-0.48,45.58,-18.37,160.3509,-1.343384,119.266
2.556028,-0.48,45.58,-18.37,160.3509,-1.343384,119.266
2.558477,-0.48,45.58,-18.37,160.3509,-1.343384,119.266
2.560584,-0.48,45.58,-18.37,160.3509,-1.343384,119.266
2.56276,-0.48,45.58,-18.37,160.3509,-1.343384,119.266
2.564863,-0.48,45.58,-18.37,160.3509,-1.343384,119.266
2.567149,-0.48,45.82,-17.17,159.4663,-1.335973,116.7457
2.569375,-0.48,45.82,-17.17,159.4663,-1.335973,116.7457
2.571734,-0.48,45.82,-17.17,159.4663,-1.335973,116.7457
2.573947,-0.48,45.82,-17.17,159.4663,-1.335973,116.7457
2.576166,-0.48,45.82,-17.17,159.4663,-1.335973,116.7457
2.578347,-0.48,45.82,-17.17,159.4663,-1.335973,116.7457
2.580457,-0.48,45.82,-17.17,159.4663,-1.335973,116.7457
2.582821,-0.48,45.82,-17.17,158.016,-1.985793,114.1935
2.585071,-0.72,45.82,-15.49,158.016,-1.985793,114.1935
2.587418,-0.72,45.82,-15.49,158.016,-1.985793,114.1935
2.589663,-0.72,45.82,-15.49,158.016,-1.985793,114.1935
2.591853,-0.72,45.82,-15.49,158.016,-1.985793,114.1935
2.593972,-0.72,45.82,-15.49,158.016,-1.985793,114.1935
2.596107,-0.72,45.82,-15.49,158.016,-1.985793,114.1935
2.598394,-0.72,45.82,-15.49,156.9465,-1.314863,112.397
2.600599,-0.48,45.82,-14.29,156.9465,-1.314863,112.397
2.603014,-0.48,45.82,-14.29,156.9465,-1.314863,112.397
2.60523,-0.48,45.82,-14.29,156.9465,-1.314863,112.397
2.607415,-0.48,45.82,-14.29,156.9465,-1.314863,112.397
2.609502,-0.48,45.82,-14.29,156.9465,-1.314863,112.397
2.611692,-0.48,45.82,-14.29,156.9465,-1.314863,112.397
2.613786,-0.48,45.82,-14.29,156.9465,-1.314863,112.397
2.616176,-0.48,45.82,-12.61,155.3768,-1.301712,109.9206
2.618479,-0.48,45.82,-12.61,155.3768,-1.301712,109.9206
2.620757,-0.48,45.82,-12.61,155.3768,-1.301712,109.9206
2.622945,-0.48,45.82,-12.61,155.3768,-1.301712,109.9206
2.62503,-0.48,45.82,-12.61,155.3768,-1.301712,109.9206
2.62722,-0.48,45.82,-12.61,155.3768,-1.301712,109.9206
2.629336,-0.48,45.82,-12.61,155.3768,-1.301712,109.9206
2.631594,-0.48,45.82,-11.41,154.2115,-1.291949,108.1804
2.633858,-0.48,45.82,-11.41,154.2115,-1.291949,108.1804
2.636278,-0.48,45.82,-11.41,154.2115,-1.291949,108.1804
2.638482,-0.48,45.82,-11.41,154.2115,-1.291949,108.1804
2.64062,-0.48,45.82,-11.41,154.2115,-1.291949,108.1804
2.642796,-0.48,45.82,-11.41,154.2115,-1.291949,108.1804
2.644977,-0.48,45.82,-11.41,154.2115,-1.291949,108.1804
2.647289,-0.72,45.82,-10.21,153.0032,-1.922796,106.465
2.649505,-0.72,45.82,-10.21,153.0032,-1.922796,106.465
2.651881,-0.72,45.82,-10.21,153.0032,-1.922796,106.465
2.65406,-0.72,45.82,-10.21,153.0032,-1.922796,106.465
2.656266,-0.72,45.82,-10.21,153.0032,-1.922796,106.465
2.658482,-0.72,45.82,-10.21,153.0032,-1.922796,106.465
2.660588,-0.72,45.82,-10.21,153.0032,-1.922796,106.465
2.662881,-0.72,45.82,-10.21,151.3048,-1.267598,103.4728
2.665114,-0.48,46.06,-8.53,151.3048,-1.267598,103.4728
2.667476,-0.48,46.06,-8.53,151.3048,-1.267598,103.4728
2.669693,-0.48,46.06,-8.53,151.3048,-1.267598,103.4728
2.671875,-0.48,46.06,-8.53,151.3048,-1.267598,103.4728
2.673966,-0.48,46.06,-8.53,151.3048,-1.267598,103.4728
2.67612,-0.48,46.06,-8.53,151.3048,-1.267598,103.4728
2.6784,-0.48,46.06,-8.53,150.039,-1.256993,101.1969
2.680618,-0.48,46.3,-7.33,150.039,-1.256993,101.1969
2.68293,-0.48,46.3,-7.33,150.039,-1.256993,101.1969
2.685184,-0.48,46.3,-7.33,150.039,-1.256993,101.1969
2.687692,-0.48,46.3,-7.33,150.039,-1.256993,101.1969
2.689821,-0.48,46.3,-7.33,150.039,-1.256993,101.1969
2.691958,-0.48,46.3,-7.33,150.039,-1.256993,101.1969
2.694236,-0.48,46.3,-7.33,148.434,-1.243547,99.26297
2.696462,-0.48,46.3,-5.89,148.434,-1.243547,99.26297
2.698756,-0.48,46.3,-5.89,148.434,-1.243547,99.26297
2.701011,-0.48,46.3,-5.89,148.434,-1.243547,99.26297
2.703225,-0.48,46.3,-5.89,148.434,-1.243547,99.26297
2.705359,-0.48,46.3,-5.89,148.434,-1.243547,99.26297
2.707576,-0.48,46.3,-5.89,148.434,-1.243547,99.26297
2.70969,-0.48,46.3,-5.89,148.434,-1.243547,99.26297
2.712121,-0.48,46.3,-4.45,146.781,-1.229698,97.36996
2.714421,-0.48,46.3,-4.45,146.781,-1.229698,97.36996
2.716672,-0.48,46.3,-4.45,146.781,-1.229698,97.36996
2.71885,-0.48,46.3,-4.45,146.781,-1.229698,97.36996
2.720976,-0.48,46.3,-4.45,146.781,-1.229698,97.36996
2.723114,-0.48,46.3,-4.45,146.781,-1.229698,97.36996
2.725213,-0.48,46.3,-4.45,146.781,-1.229698,97.36996
2.727452,-0.72,46.3,-3.25,145.3611,-1.826757,95.8246
2.729671,-0.72,46.3,-3.25,145.3611,-1.826757,95.8246
2.732115,-0.72,46.3,-3.25,145.3611,-1.826757,95.8246
2.734311,-0.72,46.3,-3.25,145.3611,-1.826757,95.8246
2.736411,-0.72,46.3,-3.25,145.3611,-1.826757,95.8246
2.738609,-0.72,46.3,-3.25,145.3611,-1.826757,95.8246
2.740739,-0.72,46.3,-3.25,145.3611,-1.826757,95.8246
2.742988,-0.72,46.3,-3.25,143.9177,-1.20571,93.70633
2.745243,-0.48,46.54,-2.05,143.9177,-1.20571,93.70633
2.74758,-0.48,46.54,-2.05,143.9177,-1.20571,93.70633
2.749774,-0.48,46.54,-2.05,143.9177,-1.20571,93.70633
2.75195,-0.48,46.54,-2.05,143.9177,-1.20571,93.70633
2.754043,-0.48,46.54,-2.05,143.9177,-1.20571,93.70633
2.756194,-0.48,46.54,-2.05,143.9177,-1.20571,93.70633
2.758488,-0.48,46.54,-2.05,142.4216,-1.193177,91.63108
2.760692,-0.48,46.78,-0.85,142.4216,-1.193177,91.63108
2.762989,-0.48,46.78,-0.85,142.4216,-1.193177,91.63108
2.765257,-0.48,46.78,-0.85,142.4216,-1.193177,91.63108
2.767444,-0.48,46.78,-0.85,142.4216,-1.193177,91.63108
2.769787,-0.48,46.78,-0.85,142.4216,-1.193177,91.63108
2.771962,-0.48,46.78,-0.85,142.4216,-1.193177,91.63108
2.774273,-0.48,46.78,-0.85,140.9017,-1.180443,90.19022
2.77649,-0.48,46.78,0.35,140.9017,-1.180443,90.19022
2.778829,-0.48,46.78,0.35,140.9017,-1.180443,90.19022
2.781085,-0.48,46.78,0.35,140.9017,-1.180443,90.19022
2.783337,-0.48,46.78,0.35,140.9017,-1.180443,90.19022
2.785447,-0.48,46.78,0.35,140.9017,-1.180443,90.19022
2.78764,-0.48,46.78,0.35,140.9017,-1.180443,90.19022
2.789784,-0.48,46.78,0.35,140.9017,-1.180443,90.19022
2.7922,-0.48,46.78,1.79,139.0385,-1.164834,88.50368
2.794477,-0.48,46.78,1.79,139.0385,-1.164834,88.50368
2.796721,-0.48,46.78,1.79,139.0385,-1.164834,88.50368
2.798896,-0.48,46.78,1.79,139.0385,-1.164834,88.50368
2.80099,-0.48,46.78,1.79,139.0385,-1.164834,88.50368
2.803184,-0.48,46.78,1.79,139.0385,-1.164834,88.50368
2.805293,-0.48,46.78,1.79,139.0385,-1.164834,88.50368
2.807729,-0.48,46.78,2.99,137.4539,-1.151558,87.13436
2.810107,-0.48,46.78,2.99,137.4539,-1.151558,87.13436
2.812498,-0.48,46.78,2.99,137.4539,-1.151558,87.13436
2.81472,-0.48,46.78,2.99,137.4539,-1.151558,87.13436
2.816817,-0.48,46.78,2.99,137.4539,-1.151558,87.13436
2.818988,-0.48,46.78,2.99,137.4539,-1.151558,87.13436
2.821101,-0.48,46.78,2.99,137.4539,-1.151558,87.13436
2.823392,-0.48,46.78,3.95,136.1657,-1.140766,86.06297
2.825599,-0.48,46.78,3.95,136.1657,-1.140766,86.06297
2.828073,-0.48,46.78,3.95,136.1657,-1.140766,86.06297
2.830243,-0.48,46.78,3.95,136.1657,-1.140766,86.06297
2.832359,-0.48,46.78,3.95,136.1657,-1.140766,86.06297
2.834522,-0.48,46.78,3.95,136.1657,-1.140766,86.06297
2.836604,-0.48,46.78,3.95,136.1657,-1.140766,86.06297
2.838895,-0.48,46.78,3.95,134.1552,-1.123922,83.93469
2.841121,-0.48,47.02,5.39,134.1552,-1.123922,83.93469
2.843518,-0.48,47.02,5.39,134.1552,-1.123922,83.93469
2.845727,-0.48,47.02,5.39,134.1552,-1.123922,83.93469
2.847942,-0.48,47.02,5.39,134.1552,-1.123922,83.93469
2.850046,-0.48,47.02,5.39,134.1552,-1.123922,83.93469
2.852251,-0.48,47.02,5.39,134.1552,-1.123922,83.93469
2.854572,-0.48,47.02,5.39,132.819,-1.112728,82.92379
2.856807,-0.48,47.02,6.35,132.819,-1.112728,82.92379
2.859214,-0.48,47.02,6.35,132.819,-1.112728,82.92379
2.861404,-0.48,47.02,6.35,132.819,-1.112728,82.92379
2.863611,-0.48,47.02,6.35,132.819,-1.112728,82.92379
2.865723,-0.48,47.02,6.35,132.819,-1.112728,82.92379
2.867901,-0.48,47.02,6.35,132.819,-1.112728,82.92379
2.870173,-0.48,47.02,6.35,131.1254,-1.098539,81.69186
2.872977,-0.48,47.02,7.55,131.1254,-1.098539,81.69186
2.875635,-0.48,47.02,7.55,131.1254,-1.098539,81.69186
2.877999,-0.48,47.02,7.55,131.1254,-1.098539,81.69186
2.880305,-0.48,47.02,7.55,131.1254,-1.098539,81.69186
2.882655,-0.48,47.02,7.55,131.1254,-1.098539,81.69186
2.884906,-0.48,47.02,7.55,131.1254,-1.098539,81.69186
2.887317,-0.48,47.26,8.51,129.6912,-1.086524,80.18865
2.889837,-0.48,47.26,8.51,129.6912,-1.086524,80.18865
2.892777,-0.48,47.26,8.51,129.6912,-1.086524,80.18865
2.895797,-0.48,47.26,8.51,129.6912,-1.086524,80.18865
2.898419,-0.48,47.26,8.51,129.6912,-1.086524,80.18865
2.900671,-0.48,47.26,8.51,129.6912,-1.086524,80.18865
2.903105,-0.48,47.26,8.51,127.8794,-1.071345,78.4929
2.905485,-0.48,47.5,9.71,127.8794,-1.071345,78.4929
2.908049,-0.48,47.5,9.71,127.8794,-1.071345,78.4929
2.910389,-0.48,47.5,9.71,127.8794,-1.071345,78.4929
2.912621,-0.48,47.5,9.71,127.8794,-1.071345,78.4929
2.915229,-0.48,47.5,9.71,127.8794,-1.071345,78.4929
2.917691,-0.48,47.5,9.71,127.8794,-1.071345,78.4929
2.920425,-0.48,47.5,10.91,126.107,-1.056496,77.37717
2.922828,-0.48,47.5,10.91,126.107,-1.056496,77.37717
2.92512,-0.48,47.5,10.91,126.107,-1.056496,77.37717
2.927495,-0.48,47.5,10.91,126.107,-1.056496,77.37717
2.929869,-0.48,47.5,10.91,126.107,-1.056496,77.37717
2.932208,-0.48,47.5,10.91,126.107,-1.056496,77.37717
2.934488,-0.48,47.5,10.91,123.9499,-1.038425,76.08768
2.936702,-0.48,47.5,12.35,123.9499,-1.038425,76.08768
2.938994,-0.48,47.5,12.35,123.9499,-1.038425,76.08768
2.941243,-0.48,47.5,12.35,123.9499,-1.038425,76.08768
2.943453,-0.48,47.5,12.35,123.9499,-1.038425,76.08768
2.945608,-0.48,47.5,12.35,123.9499,-1.038425,76.08768
2.947829,-0.48,47.5,12.35,123.9499,-1.038425,76.08768
2.950072,-0.48,47.5,12.35,122.4942,-1.026229,75.2583
2.952356,-0.48,47.5,13.31,122.4942,-1.026229,75.2583
2.954648,-0.48,47.5,13.31,122.4942,-1.026229,75.2583
2.956859,-0.48,47.5,13.31,122.4942,-1.026229,75.2583
2.959065,-0.48,47.5,13.31,122.4942,-1.026229,75.2583
2.961167,-0.48,47.5,13.31,122.4942,-1.026229,75.2583
2.963617,-0.48,47.5,13.31,122.4942,-1.026229,75.2583
2.965713,-0.48,47.5,13.31,122.4942,-1.026229,75.2583
2.968099,-0.72,47.74,14.75,120.1909,-1.510443,73.55659
2.970473,-0.72,47.74,14.75,120.1909,-1.510443,73.55659
2.973136,-0.72,47.74,14.75,120.1909,-1.510443,73.55659
2.97534,-0.72,47.74,14.75,120.1909,-1.510443,73.55659
2.977441,-0.72,47.74,14.75,120.1909,-1.510443,73.55659
2.979675,-0.72,47.74,14.75,120.1909,-1.510443,73.55659
2.981971,-0.72,47.74,14.75,117.9476,-1.482252,72.42382
2.984315,-0.72,47.74,16.19,117.9476,-1.482252,72.42382
2.986597,-0.72,47.74,16.19,117.9476,-1.482252,72.42382
2.988821,-0.72,47.74,16.19,117.9476,-1.482252,72.42382
2.991149,-0.72,47.74,16.19,117.9476,-1.482252,72.42382
2.993245,-0.72,47.74,16.19,117.9476,-1.482252,72.42382
2.995497,-0.72,47.74,16.19,117.9476,-1.482252,72.42382
2.997595,-0.72,47.74,16.19,117.9476,-1.482252,72.42382
2.999971,-0.48,47.98,17.39,115.9627,-0.9715099,71.03719
3.002202,-0.48,47.98,17.39,115.9627,-0.9715099,71.03719
3.004472,-0.48,47.98,17.39,115.9627,-0.9715099,71.03719
3.006635,-0.48,47.98,17.39,115.9627,-0.9715099,71.03719
3.008747,-0.48,47.98,17.39,115.9627,-0.9715099,71.03719
3.010959,-0.48,47.98,17.39,115.9627,-0.9715099,71.03719
3.013079,-0.48,47.98,17.39,115.9627,-0.9715099,71.03719
3.015373,-0.48,47.98,18.59,114.05,-0.9554852,70.18434
3.017554,-0.48,47.98,18.59,114.05,-0.9554852,70.18434
3.019937,-0.48,47.98,18.59,114.05,-0.9554852,70.18434
3.022035,-0.48,47.98,18.59,114.05,-0.9554852,70.18434
3.024204,-0.48,47.98,18.59,114.05,-0.9554852,70.18434
3.026388,-0.48,47.98,18.59,114.05,-0.9554852,70.18434
3.028537,-0.48,47.98,18.59,114.05,-0.9554852,70.18434
3.030692,-0.48,47.98,18.59,114.05,-0.9554852,70.18434
3.032857,-0.48,47.98,18.59,112.0065,-1.407589,68.90229
3.035106,-0.72,48.22,19.79,112.0065,-1.407589,68.90229
3.040711,-0.72,48.22,19.79,112.0065,-1.407589,68.90229
3.051195,-0.72,48.22,21.23,109.6647,-1.37816,67.9906
3.053721,-0.72,48.22,21.23,109.6647,-1.37816,67.9906
3.056162,-0.72,48.22,21.23,109.6647,-1.37816,67.9906
3.059058,-0.72,48.22,21.23,109.6647,-1.37816,67.9906
3.062415,-0.72,48.22,21.23,109.6647,-1.37816,67.9906
3.064605,-0.72,48.22,21.23,109.6647,-1.37816,67.9906
3.066896,-0.72,48.22,21.23,107.3007,-1.348451,67.13805
3.069086,-0.72,48.22,22.67,107.3007,-1.348451,67.13805
3.071267,-0.72,48.22,22.67,107.3007,-1.348451,67.13805
3.073372,-0.72,48.22,22.67,107.3007,-1.348451,67.13805
3.075616,-0.72,48.22,22.67,107.3007,-1.348451,67.13805
3.07779,-0.72,48.22,22.67,107.3007,-1.348451,67.13805
3.080384,-0.72,48.22,22.67,107.3007,-1.348451,67.13805
3.082759,-0.72,48.22,22.67,105.199,-0.8813339,66.03223
3.084942,-0.48,48.46,23.87,105.199,-0.8813339,66.03223
3.087162,-0.48,48.46,23.87,105.199,-0.8813339,66.03223
3.089283,-0.48,48.46,23.87,105.199,-0.8813339,66.03223
3.091513,-0.48,48.46,23.87,105.199,-0.8813339,66.03223
3.09362,-0.48,48.46,23.87,105.199,-0.8813339,66.03223
3.096019,-0.48,48.46,23.87,105.199,-0.8813339,66.03223
3.098289,-0.48,48.46,23.87,103.32,-0.8655919,65.84998
3.100481,-0.48,48.22,25.07,103.32,-0.8655919,65.84998
3.102723,-0.48,48.22,25.07,103.32,-0.8655919,65.84998
3.10485,-0.48,48.22,25.07,103.32,-0.8655919,65.84998
3.107071,-0.48,48.22,25.07,103.32,-0.8655919,65.84998
3.109175,-0.48,48.22,25.07,103.32,-0.8655919,65.84998
3.11138,-0.48,48.22,25.07,103.32,-0.8655919,65.84998
3.113614,-0.48,48.22,25.07,103.32,-0.8655919,65.84998
3.115899,-0.48,48.22,25.07,100.7782,-0.8442974,64.73526
3.118094,-0.48,48.46,26.51,100.7782,-0.8442974,64.73526
3.12028,-0.48,48.46,26.51,100.7782,-0.8442974,64.73526
3.122492,-0.48,48.46,26.51,100.7782,-0.8442974,64.73526
3.12458,-0.48,48.46,26.51,100.7782,-0.8442974,64.73526
3.126741,-0.48,48.46,26.51,100.7782,-0.8442974,64.73526
3.128904,-0.48,48.46,26.51,100.7782,-0.8442974,64.73526
3.131209,-0.48,48.46,26.51,100.7782,-0.8442974,64.73526
3.133383,-0.72,48.46,27.71,98.74568,-1.24094,64.21335
3.135623,-0.72,48.46,27.71,98.74568,-1.24094,64.21335
3.137708,-0.72,48.46,27.71,98.74568,-1.24094,64.21335
3.139883,-0.72,48.46,27.71,98.74568,-1.24094,64.21335
3.142004,-0.72,48.46,27.71,98.74568,-1.24094,64.21335
3.144224,-0.72,48.46,27.71,98.74568,-1.24094,64.21335
3.146512,-0.72,48.46,27.71,98.74568,-1.24094,64.21335
3.148696,-0.72,48.46,27.71,97.11985,-0.8136485,63.82648
3.150904,-0.48,48.46,28.67,97.11985,-0.8136485,63.82648
3.153,-0.48,48.46,28.67,97.11985,-0.8136485,63.82648
3.155131,-0.48,48.46,28.67,97.11985,-0.8136485,63.82648
3.157247,-0.48,48.46,28.67,97.11985,-0.8136485,63.82648
3.159593,-0.48,48.46,28.67,97.11985,-0.8136485,63.82648
3.161817,-0.48,48.46,28.67,97.11985,-0.8136485,63.82648
3.164122,-0.48,48.46,28.67,96.3024,-0.8068,63.6433
3.166392,-0.48,48.46,29.15,96.3024,-0.8068,63.6433
3.168489,-0.48,48.46,29.15,96.3024,-0.8068,63.6433
3.170625,-0.48,48.46,29.15,96.3024,-0.8068,63.6433
3.172727,-0.48,48.46,29.15,96.3024,-0.8068,63.6433
3.17491,-0.48,48.46,29.15,96.3024,-0.8068,63.6433
3.177111,-0.48,48.46,29.15,96.3024,-0.8068,63.6433
3.180106,-0.48,48.46,29.15,95.07339,-0.7965037,63.38139
3.182488,-0.48,48.46,29.87,95.07339,-0.7965037,63.38139
3.184724,-0.48,48.46,29.87,95.07339,-0.7965037,63.38139
3.187008,-0.48,48.46,29.87,95.07339,-0.7965037,63.38139
3.189213,-0.48,48.46,29.87,95.07339,-0.7965037,63.38139
3.191471,-0.48,48.46,29.87,95.07339,-0.7965037,63.38139
3.193674,-0.48,48.46,29.87,95.07339,-0.7965037,63.38139
3.196055,-0.48,48.46,29.87,94.66303,-0.7930658,63.29752
3.198343,-0.48,48.46,30.11,94.66303,-0.7930658,63.29752
3.200446,-0.48,48.46,30.11,94.66303,-0.7930658,63.29752
3.202661,-0.48,48.46,30.11,94.66303,-0.7930658,63.29752
3.204788,-0.48,48.46,30.11,94.66303,-0.7930658,63.29752
3.207026,-0.48,48.46,30.11,94.66303,-0.7930658,63.29752
3.209247,-0.48,48.46,30.11,94.66303,-0.7930658,63.29752
3.211546,-0.48,48.46,30.11,94.66303,-0.7930658,63.29752
3.213741,-0.72,48.46,30.11,94.65888,-1.189581,63.29752
3.216033,-0.72,48.46,30.11,94.65888,-1.189581,63.29752
3.218139,-0.72,48.46,30.11,94.65888,-1.189581,63.29752
3.220354,-0.72,48.46,30.11,94.65888,-1.189581,63.29752
3.222595,-0.72,48.46,30.11,94.65888,-1.189581,63.29752
3.224781,-0.72,48.46,30.11,94.65888,-1.189581,63.29752
3.227103,-0.72,48.46,30.11,94.65888,-1.189581,63.29752
3.229285,-0.48,48.46,30.11,94.66303,-0.7930658,63.29752
3.231586,-0.48,48.46,30.11,94.66303,-0.7930658,63.29752
3.233726,-0.48,48.46,30.11,94.66303,-0.7930658,63.29752
3.235933,-0.48,48.46,30.11,94.66303,-0.7930658,63.29752
3.238034,-0.48,48.46,30.11,94.66303,-0.7930658,63.29752
3.240323,-0.48,48.46,30.11,94.66303,-0.7930658,63.29752
3.24265,-0.48,48.46,30.11,94.66303,-0.7930658,63.29752
3.244921,-0.48,48.46,30.11,95.07339,-0.7965037,63.38139
3.247182,-0.48,48.46,29.87,95.07339,-0.7965037,63.38139
3.249301,-0.48,48.46,29.87,95.07339,-0.7965037,63.38139
3.251446,-0.48,48.46,29.87,95.07339,-0.7965037,63.38139
3.253575,-0.48,48.46,29.87,95.07339,-0.7965037,63.38139
3.25577,-0.48,48.46,29.87,95.07339,-0.7965037,63.38139
3.258096,-0.48,48.46,29.87,95.07339,-0.7965037,63.38139
3.260358,-0.48,48.46,29.87,94.795,-0.7941713,63.69433
3.262606,-0.48,48.22,30.11,94.795,-0.7941713,63.69433
3.264693,-0.48,48.22,30.11,94.795,-0.7941713,63.69433
3.266894,-0.48,48.22,30.11,94.795,-0.7941713,63.69433
3.268979,-0.48,48.22,30.11,94.795,-0.7941713,63.69433
3.271143,-0.48,48.22,30.11,94.795,-0.7941713,63.69433
3.273358,-0.48,48.22,30.11,94.795,-0.7941713,63.69433
3.275621,-0.48,48.22,30.11,94.795,-0.7941713,63.69433
3.277854,-0.72,48.22,29.87,95.20082,-1.196392,63.77992
3.280183,-0.72,48.22,29.87,95.20082,-1.196392,63.77992
3.282347,-0.72,48.22,29.87,95.20082,-1.196392,63.77992
3.284457,-0.72,48.22,29.87,95.20082,-1.196392,63.77992
3.286653,-0.72,48.22,29.87,95.20082,-1.196392,63.77992
3.288812,-0.72,48.22,29.87,95.20082,-1.196392,63.77992
3.291165,-0.72,48.22,29.87,95.20082,-1.196392,63.77992
3.293359,-0.48,47.5,29.63,95.99834,-0.8042526,65.07123
3.295569,-0.48,47.5,29.63,95.99834,-0.8042526,65.07123
3.29765,-0.48,47.5,29.63,95.99834,-0.8042526,65.07123
3.299804,-0.48,47.5,29.63,95.99834,-0.8042526,65.07123
3.301907,-0.48,47.5,29.63,95.99834,-0.8042526,65.07123
3.304148,-0.48,47.5,29.63,95.99834,-0.8042526,65.07123
3.306425,-0.48,47.5,29.63,95.99834,-0.8042526,65.07123
3.308603,-0.48,47.5,29.63,96.77376,-0.810749,66.37923
3.311136,-0.48,46.78,29.39,96.77376,-0.810749,66.37923
3.313229,-0.48,46.78,29.39,96.77376,-0.810749,66.37923
3.315413,-0.48,46.78,29.39,96.77376,-0.810749,66.37923
3.317496,-0.48,46.78,29.39,96.77376,-0.810749,66.37923
3.319692,-0.48,46.78,29.39,96.77376,-0.810749,66.37923
3.321977,-0.48,46.78,29.39,96.77376,-0.810749,66.37923
3.324244,-0.48,46.78,29.39,98.04444,-1.232128,68.22194
3.326526,-0.72,45.82,28.91,98.04444,-1.232128,68.22194
3.32862,-0.72,45.82,28.91,98.04444,-1.232128,68.22194
3.330813,-0.72,45.82,28.91,98.04444,-1.232128,68.22194
3.3329,-0.72,45.82,28.91,98.04444,-1.232128,68.22194
3.335067,-0.72,45.82,28.91,98.04444,-1.232128,68.22194
3.337267,-0.72,45.82,28.91,98.04444,-1.232128,68.22194
3.339536,-0.72,45.82,28.91,98.04444,-1.232128,68.22194
3.341736,-0.72,45.58,28.19,99.36436,-1.248715,68.97652
3.34396,-0.72,45.58,28.19,99.36436,-1.248715,68.97652
3.346068,-0.72,45.58,28.19,99.36436,-1.248715,68.97652
3.34826,-0.72,45.58,28.19,99.36436,-1.248715,68.97652
3.350422,-0.72,45.58,28.19,99.36436,-1.248715,68.97652
3.352572,-0.72,45.58,28.19,99.36436,-1.248715,68.97652
3.354935,-0.72,45.58,28.19,99.36436,-1.248715,68.97652
3.357112,-0.48,44.86,27.95,100.0883,-0.8385177,70.35026
3.359376,-0.48,44.86,27.95,100.0883,-0.8385177,70.35026
3.361466,-0.48,44.86,27.95,100.0883,-0.8385177,70.35026
3.363667,-0.48,44.86,27.95,100.0883,-0.8385177,70.35026
3.365787,-0.48,44.86,27.95,100.0883,-0.8385177,70.35026
3.368048,-0.48,44.86,27.95,100.0883,-0.8385177,70.35026
3.370501,-0.48,44.86,27.95,100.0883,-0.8385177,70.35026
3.373265,-0.48,43.9,27.71,100.885,-0.8451918,72.162
3.380753,-0.48,43.9,27.71,100.885,-0.8451918,72.162
3.383203,-0.48,43.9,27.71,100.885,-0.8451918,72.162
3.385638,-0.48,43.9,27.71,100.885,-0.8451918,72.162
3.388151,-0.48,43.9,27.71,102.6536,-0.8600087,73.56316
3.390644,-0.48,43.42,26.75,102.6536,-0.8600087,73.56316
3.392949,-0.48,43.42,26.75,102.6536,-0.8600087,73.56316
3.396084,-0.48,43.42,26.75,102.6536,-0.8600087,73.56316
3.398709,-0.48,43.42,26.75,102.6536,-0.8600087,73.56316
3.401095,-0.48,43.42,26.75,102.6536,-0.8600087,73.56316
3.403756,-0.48,43.42,26.75,102.6536,-0.8600087,73.56316
3.406218,-0.48,42.7,26.51,103.3067,-0.8654806,75.0027
3.408559,-0.48,42.7,26.51,103.3067,-0.8654806,75.0027
3.410968,-0.48,42.7,26.51,103.3067,-0.8654806,75.0027
3.413225,-0.48,42.7,26.51,103.3067,-0.8654806,75.0027
3.415562,-0.48,42.7,26.51,103.3067,-0.8654806,75.0027
3.417914,-0.48,42.7,26.51,103.3067,-0.8654806,75.0027
3.420268,-0.48,42.7,26.51,104.716,-0.8772873,76.77058
3.422565,-0.48,41.98,25.79,104.716,-0.8772873,76.77058
3.424704,-0.48,41.98,25.79,104.716,-0.8772873,76.77058
3.427104,-0.48,41.98,25.79,104.716,-0.8772873,76.77058
3.429433,-0.48,41.98,25.79,104.716,-0.8772873,76.77058
3.431683,-0.48,41.98,25.79,104.716,-0.8772873,76.77058
3.434002,-0.48,41.98,25.79,104.716,-0.8772873,76.77058
3.436304,-0.48,41.98,25.79,105.7068,-0.8855883,78.41782
3.438598,-0.48,41.26,25.31,105.7068,-0.8855883,78.41782
3.440743,-0.48,41.26,25.31,105.7068,-0.8855883,78.41782
3.443031,-0.48,41.26,25.31,105.7068,-0.8855883,78.41782
3.445238,-0.48,41.26,25.31,105.7068,-0.8855883,78.41782
3.447455,-0.48,41.26,25.31,105.7068,-0.8855883,78.41782
3.449718,-0.48,41.26,25.31,105.7068,-0.8855883,78.41782
3.452233,-0.48,41.26,25.31,106.6064,-0.8931249,79.64674
3.454548,-0.48,40.78,24.83,106.6064,-0.8931249,79.64674
3.456672,-0.48,40.78,24.83,106.6064,-0.8931249,79.64674
3.458948,-0.48,40.78,24.83,106.6064,-0.8931249,79.64674
3.461073,-0.48,40.78,24.83,106.6064,-0.8931249,79.64674
3.463327,-0.48,40.78,24.83,106.6064,-0.8931249,79.64674
3.465558,-0.48,40.78,24.83,106.6064,-0.8931249,79.64674
3.467933,-0.48,40.78,24.83,107.868,-0.9036942,81.07603
3.470143,-0.48,40.3,24.11,107.868,-0.9036942,81.07603
3.472349,-0.48,40.3,24.11,107.868,-0.9036942,81.07603
3.474876,-0.48,40.3,24.11,107.868,-0.9036942,81.07603
3.477586,-0.48,40.3,24.11,107.868,-0.9036942,81.07603
3.480212,-0.48,40.3,24.11,107.868,-0.9036942,81.07603
3.482639,-0.48,40.3,24.11,107.868,-0.9036942,81.07603
3.485345,-0.48,40.3,24.11,107.868,-0.9036942,81.07603
3.48788,-0.48,40.3,24.11,107.868,-0.9036942,81.07603
3.490364,-0.48,40.3,24.11,107.868,-0.9036942,81.07603
3.492795,-0.48,40.3,24.11,107.868,-0.9036942,81.07603
3.495829,-0.48,40.3,24.11,107.868,-0.9036942,81.07603
3.498743,-0.48,39.34,23.15,109.5786,-0.9180249,83.64676
3.501111,-0.48,39.34,23.15,109.5786,-0.9180249,83.64676
3.50366,-0.48,39.34,23.15,109.5786,-0.9180249,83.64676
3.505993,-0.48,39.34,23.15,109.5786,-0.9180249,83.64676
3.508504,-0.48,39.34,23.15,109.5786,-0.9180249,83.64676
3.510943,-0.48,39.34,23.15,109.5786,-0.9180249,83.64676
3.513303,-0.72,38.62,22.43,110.8111,-1.392567,85.62603
3.515742,-0.72,38.62,22.43,110.8111,-1.392567,85.62603
3.518317,-0.72,38.62,22.43,110.8111,-1.392567,85.62603
3.520606,-0.72,38.62,22.43,110.8111,-1.392567,85.62603
3.522986,-0.72,38.62,22.43,110.8111,-1.392567,85.62603
3.525303,-0.72,38.62,22.43,110.8111,-1.392567,85.62603
3.527732,-0.72,38.62,22.43,110.8111,-1.392567,85.62603
3.53032,-0.48,38.38,21.71,111.9474,-0.9378702,86.71004
3.532687,-0.48,38.38,21.71,111.9474,-0.9378702,86.71004
3.535172,-0.48,38.38,21.71,111.9474,-0.9378702,86.71004
3.537484,-0.48,38.38,21.71,111.9474,-0.9378702,86.71004
3.539869,-0.48,38.38,21.71,111.9474,-0.9378702,86.71004
3.542251,-0.48,38.38,21.71,111.9474,-0.9378702,86.71004
3.544644,-0.48,38.38,21.71,112.7338,-0.9444584,88.07504
3.54718,-0.48,37.9,21.23,112.7338,-0.9444584,88.07504
3.549586,-0.48,37.9,21.23,112.7338,-0.9444584,88.07504
3.552063,-0.48,37.9,21.23,112.7338,-0.9444584,88.07504
3.554473,-0.48,37.9,21.23,112.7338,-0.9444584,88.07504
3.556758,-0.48,37.9,21.23,112.7338,-0.9444584,88.07504
3.559176,-0.48,37.9,21.23,112.7338,-0.9444584,88.07504
3.561692,-0.48,36.94,20.75,113.5438,-0.9512449,90.40968
3.56423,-0.48,36.94,20.75,113.5438,-0.9512449,90.40968
3.566746,-0.48,36.94,20.75,113.5438,-0.9512449,90.40968
3.56907,-0.48,36.94,20.75,113.5438,-0.9512449,90.40968
3.571487,-0.48,36.94,20.75,113.5438,-0.9512449,90.40968
3.573765,-0.48,36.94,20.75,113.5438,-0.9512449,90.40968
3.576244,-0.48,36.94,20.75,114.6367,-1.440643,92.52845
3.578748,-0.72,36.22,20.03,114.6367,-1.440643,92.52845
3.581137,-0.72,36.22,20.03,114.6367,-1.440643,92.52845
3.583615,-0.72,36.22,20.03,114.6367,-1.440643,92.52845
3.585879,-0.72,36.22,20.03,114.6367,-1.440643,92.52845
3.588363,-0.72,36.22,20.03,114.6367,-1.440643,92.52845
3.590721,-0.72,36.22,20.03,114.6367,-1.440643,92.52845
3.593094,-0.72,35.74,19.55,115.344,-1.449532,93.96312
3.595542,-0.72,35.74,19.55,115.344,-1.449532,93.96312
3.59804,-0.72,35.74,19.55,115.344,-1.449532,93.96312
3.600405,-0.72,35.74,19.55,115.344,-1.449532,93.96312
3.60281,-0.72,35.74,19.55,115.344,-1.449532,93.96312
3.605107,-0.72,35.74,19.55,115.344,-1.449532,93.96312
3.60755,-0.72,35.74,19.55,115.344,-1.449532,93.96312
3.609996,-0.48,35.26,18.83,116.3761,-0.9749727,95.66016
3.612445,-0.48,35.26,18.83,116.3761,-0.9749727,95.66016
3.614935,-0.48,35.26,18.83,116.3761,-0.9749727,95.66016
3.617261,-0.48,35.26,18.83,116.3761,-0.9749727,95.66016
3.619665,-0.48,35.26,18.83,116.3761,-0.9749727,95.66016
3.621946,-0.48,35.26,18.83,116.3761,-0.9749727,95.66016
3.624408,-0.48,35.26,18.83,116.7148,-0.9778106,95.90655
3.626868,-0.48,35.26,18.59,116.7148,-0.9778106,95.90655
3.629296,-0.48,35.26,18.59,116.7148,-0.9778106,95.90655
3.631782,-0.48,35.26,18.59,116.7148,-0.9778106,95.90655
3.634034,-0.48,35.26,18.59,116.7148,-0.9778106,95.90655
3.636263,-0.48,35.26,18.59,116.7148,-0.9778106,95.90655
3.638462,-0.48,35.26,18.59,116.7148,-0.9778106,95.90655
3.640661,-0.48,35.26,18.59,116.6832,-0.9775461,97.86196
3.642945,-0.48,34.3,18.59,116.6832,-0.9775461,97.86196
3.645261,-0.48,34.3,18.59,116.6832,-0.9775461,97.86196
3.647547,-0.48,34.3,18.59,116.6832,-0.9775461,97.86196
3.649666,-0.48,34.3,18.59,116.6832,-0.9775461,97.86196
3.651885,-0.48,34.3,18.59,116.6832,-0.9775461,97.86196
3.654057,-0.48,34.3,18.59,116.6832,-0.9775461,97.86196
3.656287,-0.48,34.3,18.59,117.6257,-0.9854417,100.105
3.658536,-0.48,33.58,17.87,117.6257,-0.9854417,100.105
3.66074,-0.48,33.58,17.87,117.6257,-0.9854417,100.105
3.663082,-0.48,33.58,17.87,117.6257,-0.9854417,100.105
3.665204,-0.48,33.58,17.87,117.6257,-0.9854417,100.105
3.66744,-0.48,33.58,17.87,117.6257,-0.9854417,100.105
3.669559,-0.48,33.58,17.87,117.6257,-0.9854417,100.105
3.671775,-0.48,33.58,17.87,117.6257,-0.9854417,100.105
3.674027,-0.72,32.86,17.39,118.1934,-1.48534,102.1157
3.676297,-0.72,32.86,17.39,118.1934,-1.48534,102.1157
3.678628,-0.72,32.86,17.39,118.1934,-1.48534,102.1157
3.680745,-0.72,32.86,17.39,118.1934,-1.48534,102.1157
3.682912,-0.72,32.86,17.39,118.1934,-1.48534,102.1157
3.685031,-0.72,32.86,17.39,118.1934,-1.48534,102.1157
3.687182,-0.72,32.86,17.39,118.1934,-1.48534,102.1157
3.689483,-0.72,32.62,16.67,119.1202,-1.496987,103.4244
3.691851,-0.72,32.62,16.67,119.1202,-1.496987,103.4244
3.694125,-0.72,32.62,16.67,119.1202,-1.496987,103.4244
3.696364,-0.72,32.62,16.67,119.1202,-1.496987,103.4244
3.698527,-0.72,32.62,16.67,119.1202,-1.496987,103.4244
3.700665,-0.72,32.62,16.67,119.1202,-1.496987,103.4244
3.7029,-0.72,32.62,16.67,119.1202,-1.496987,103.4244
3.705111,-0.72,32.38,16.19,119.7142,-1.504452,104.475
3.707481,-0.72,32.38,16.19,119.7142,-1.504452,104.475
3.709741,-0.72,32.38,16.19,119.7142,-1.504452,104.475
3.712015,-0.72,32.38,16.19,119.7142,-1.504452,104.475
3.714137,-0.72,32.38,16.19,119.7142,-1.504452,104.475
3.716333,-0.72,32.38,16.19,119.7142,-1.504452,104.475
3.71856,-0.72,32.38,16.19,119.7142,-1.504452,104.475
3.720767,-0.72,32.38,16.19,120.2097,-1.00709,106.5435
3.723062,-0.48,31.66,15.71,120.2097,-1.00709,106.5435
3.725302,-0.48,31.66,15.71,120.2097,-1.00709,106.5435
3.727606,-0.48,31.66,15.71,120.2097,-1.00709,106.5435
3.729738,-0.48,31.66,15.71,120.2097,-1.00709,106.5435
3.731902,-0.48,31.66,15.71,120.2097,-1.00709,106.5435
3.734027,-0.48,31.66,15.71,120.2097,-1.00709,106.5435
3.736346,-0.48,31.66,15.71,120.6037,-1.010391,109.1362
3.738661,-0.48,30.7,15.23,120.6037,-1.010391,109.1362
3.740859,-0.48,30.7,15.23,120.6037,-1.010391,109.1362
3.743166,-0.48,30.7,15.23,120.6037,-1.010391,109.1362
3.745348,-0.48,30.7,15.23,120.6037,-1.010391,109.1362
3.747539,-0.48,30.7,15.23,120.6037,-1.010391,109.1362
3.749646,-0.48,30.7,15.23,120.6037,-1.010391,109.1362
3.751812,-0.48,30.7,15.23,121.4371,-1.017373,110.5247
3.754089,-0.48,30.46,14.51,121.4371,-1.017373,110.5247
3.756313,-0.48,30.46,14.51,121.4371,-1.017373,110.5247
3.75862,-0.48,30.46,14.51,121.4371,-1.017373,110.5247
3.76074,-0.48,30.46,14.51,121.4371,-1.017373,110.5247
3.762914,-0.48,30.46,14.51,121.4371,-1.017373,110.5247
3.765032,-0.48,30.46,14.51,121.4371,-1.017373,110.5247
3.767197,-0.48,30.46,14.51,121.4371,-1.017373,110.5247
3.769392,-0.48,29.98,13.79,122.1777,-1.023578,112.4435
3.771693,-0.48,29.98,13.79,122.1777,-1.023578,112.4435
3.774002,-0.48,29.98,13.79,122.1777,-1.023578,112.4435
3.776205,-0.48,29.98,13.79,122.1777,-1.023578,112.4435
3.778414,-0.48,29.98,13.79,122.1777,-1.023578,112.4435
3.780547,-0.48,29.98,13.79,122.1777,-1.023578,112.4435
3.782745,-0.48,29.98,13.79,122.1777,-1.023578,112.4435
3.784927,-0.48,29.98,13.79,122.2288,-1.536054,114.2841
3.787187,-0.72,29.26,13.55,122.2288,-1.536054,114.2841
3.789434,-0.72,29.26,13.55,122.2288,-1.536054,114.2841
3.791813,-0.72,29.26,13.55,122.2288,-1.536054,114.2841
3.794268,-0.72,29.26,13.55,122.2288,-1.536054,114.2841
3.796448,-0.72,29.26,13.55,122.2288,-1.536054,114.2841
3.798663,-0.72,29.26,13.55,122.2288,-1.536054,114.2841
3.800884,-0.72,29.26,13.55,122.6299,-1.027366,115.9292
3.803123,-0.48,28.78,13.07,122.6299,-1.027366,115.9292
3.805366,-0.48,28.78,13.07,122.6299,-1.027366,115.9292
3.807663,-0.48,28.78,13.07,122.6299,-1.027366,115.9292
3.809817,-0.48,28.78,13.07,122.6299,-1.027366,115.9292
3.812157,-0.48,28.78,13.07,122.6299,-1.027366,115.9292
3.814545,-0.48,28.78,13.07,122.6299,-1.027366,115.9292
3.816758,-0.48,28.78,13.07,122.8024,-1.543261,118.6165
3.819071,-0.72,27.82,12.59,122.8024,-1.543261,118.6165
3.821305,-0.72,27.82,12.59,122.8024,-1.543261,118.6165
3.823588,-0.72,27.82,12.59,122.8024,-1.543261,118.6165
3.825694,-0.72,27.82,12.59,122.8024,-1.543261,118.6165
3.827896,-0.72,27.82,12.59,122.8024,-1.543261,118.6165
3.83001,-0.72,27.82,12.59,122.8024,-1.543261,118.6165
3.832357,-0.72,27.82,12.59,123.24,-1.548761,119.7732
3.834645,-0.72,27.58,12.11,123.24,-1.548761,119.7732
3.836908,-0.72,27.58,12.11,123.24,-1.548761,119.7732
3.839268,-0.72,27.58,12.11,123.24,-1.548761,119.7732
3.841393,-0.72,27.58,12.11,123.24,-1.548761,119.7732
3.843642,-0.72,27.58,12.11,123.24,-1.548761,119.7732
3.845836,-0.72,27.58,12.11,123.24,-1.548761,119.7732
3.848158,-0.72,27.58,12.11,123.9275,-1.557401,121.2646
3.850496,-0.72,27.34,11.39,123.9275,-1.557401,121.2646
3.85282,-0.72,27.34,11.39,123.9275,-1.557401,121.2646
3.855208,-0.72,27.34,11.39,123.9275,-1.557401,121.2646
3.857337,-0.72,27.34,11.39,123.9275,-1.557401,121.2646
3.859571,-0.72,27.34,11.39,123.9275,-1.557401,121.2646
3.861687,-0.72,27.34,11.39,123.9275,-1.557401,121.2646
3.864018,-0.72,27.34,11.39,124.3607,-1.041866,123.8148
3.86638,-0.48,26.62,10.67,124.3607,-1.041866,123.8148
3.868615,-0.48,26.62,10.67,124.3607,-1.041866,123.8148
3.871259,-0.48,26.62,10.67,124.3607,-1.041866,123.8148
3.873851,-0.48,26.62,10.67,124.3607,-1.041866,123.8148
3.876267,-0.48,26.62,10.67,124.3607,-1.041866,123.8148
3.878627,-0.48,26.62,10.67,124.3607,-1.041866,123.8148
3.880966,-0.48,26.62,10.67,124.1079,-1.039748,126.2324
3.883426,-0.48,25.66,10.43,124.1079,-1.039748,126.2324
3.885796,-0.48,25.66,10.43,124.1079,-1.039748,126.2324
3.888189,-0.48,25.66,10.43,124.1079,-1.039748,126.2324
3.890782,-0.48,25.66,10.43,124.1079,-1.039748,126.2324
3.893263,-0.48,25.66,10.43,124.1079,-1.039748,126.2324
3.896159,-0.48,25.66,10.43,124.3214,-1.562351,127.9542
3.898832,-0.72,25.18,9.95,124.3214,-1.562351,127.9542
3.901172,-0.72,25.18,9.95,124.3214,-1.562351,127.9542
3.903626,-0.72,25.18,9.95,124.3214,-1.562351,127.9542
3.905887,-0.72,25.18,9.95,124.3214,-1.562351,127.9542
3.908231,-0.72,25.18,9.95,124.3214,-1.562351,127.9542
3.910491,-0.72,25.18,9.95,124.3214,-1.562351,127.9542
3.912921,-0.72,25.18,9.95,124.9,-1.046384,129.5099
3.915384,-0.48,24.94,9.23,124.9,-1.046384,129.5099
3.917853,-0.48,24.94,9.23,124.9,-1.046384,129.5099
3.920309,-0.48,24.94,9.23,124.9,-1.046384,129.5099
3.92269,-0.48,24.94,9.23,124.9,-1.046384,129.5099
3.92499,-0.48,24.94,9.23,124.9,-1.046384,129.5099
3.927354,-0.48,24.94,9.23,124.9,-1.046384,129.5099
3.929955,-0.48,23.74,8.75,124.6028,-1.043895,132.8229
3.932446,-0.48,23.74,8.75,124.6028,-1.043895,132.8229
3.934968,-0.48,23.74,8.75,124.6028,-1.043895,132.8229
3.937105,-0.48,23.74,8.75,124.6028,-1.043895,132.8229
3.939337,-0.48,23.74,8.75,124.6028,-1.043895,132.8229
3.941474,-0.48,23.74,8.75,124.6028,-1.043895,132.8229
3.943782,-0.48,23.74,8.75,124.6028,-1.043895,132.8229
3.946124,-0.48,23.5,7.31,125.7575,-1.053569,135.4867
3.94848,-0.48,23.5,7.31,125.7575,-1.053569,135.4867
3.950829,-0.48,23.5,7.31,125.7575,-1.053569,135.4867
3.95308,-0.48,23.5,7.31,125.7575,-1.053569,135.4867
3.955301,-0.48,23.5,7.31,125.7575,-1.053569,135.4867
3.957427,-0.48,23.5,7.31,125.7575,-1.053569,135.4867
3.959671,-0.48,23.5,7.31,125.7575,-1.053569,135.4867
3.962073,-0.72,22.78,7.79,124.8104,-1.568496,136.3408
3.964427,-0.72,22.78,7.79,124.8104,-1.568496,136.3408
3.966791,-0.72,22.78,7.79,124.8104,-1.568496,136.3408
3.968909,-0.72,22.78,7.79,124.8104,-1.568496,136.3408
3.971144,-0.72,22.78,7.79,124.8104,-1.568496,136.3408
3.973256,-0.72,22.78,7.79,124.8104,-1.568496,136.3408
3.975454,-0.72,22.78,7.79,124.8104,-1.568496,136.3408
3.977678,-0.48,22.78,7.55,125.0281,-1.047458,136.7018
3.980127,-0.48,22.78,7.55,125.0281,-1.047458,136.7018
3.982492,-0.48,22.78,7.55,125.0281,-1.047458,136.7018
3.984737,-0.48,22.78,7.55,125.0281,-1.047458,136.7018
3.986986,-0.48,22.78,7.55,125.0281,-1.047458,136.7018
3.989136,-0.48,22.78,7.55,125.0281,-1.047458,136.7018
3.991444,-0.48,22.78,7.55,125.0281,-1.047458,136.7018
3.994652,-0.48,22.3,7.07,125.0883,-1.047962,138.4762
3.996954,-0.48,22.3,7.07,125.0883,-1.047962,138.4762
3.99934,-0.48,22.3,7.07,125.0883,-1.047962,138.4762
4.001467,-0.48,22.3,7.07,125.0883,-1.047962,138.4762
4.003742,-0.48,22.3,7.07,125.0883,-1.047962,138.4762
4.005866,-0.48,22.3,7.07,125.0883,-1.047962,138.4762
4.008244,-0.48,22.3,7.07,124.5428,-1.043392,141.8266
4.010563,-0.48,21.1,6.59,124.5428,-1.043392,141.8266
4.012805,-0.48,21.1,6.59,124.5428,-1.043392,141.8266
4.015157,-0.48,21.1,6.59,124.5428,-1.043392,141.8266
4.017303,-0.48,21.1,6.59,124.5428,-1.043392,141.8266
4.019514,-0.48,21.1,6.59,124.5428,-1.043392,141.8266
4.021634,-0.48,21.1,6.59,124.5428,-1.043392,141.8266
4.023881,-0.48,21.1,6.59,124.5428,-1.043392,141.8266
4.026275,-0.72,20.38,5.87,124.5019,-1.56462,144.5115
4.028529,-0.72,20.38,5.87,124.5019,-1.56462,144.5115
4.030917,-0.72,20.38,5.87,124.5019,-1.56462,144.5115
4.033042,-0.72,20.38,5.87,124.5019,-1.56462,144.5115
4.035274,-0.72,20.38,5.87,124.5019,-1.56462,144.5115
4.037398,-0.72,20.38,5.87,124.5019,-1.56462,144.5115
4.039632,-0.72,20.38,5.87,124.5019,-1.56462,144.5115
4.041749,-0.72,20.38,5.87,124.5019,-1.56462,144.5115
4.044261,-0.72,19.9,5.63,124.2641,-1.561631,145.9305
4.046671,-0.72,19.9,5.63,124.2641,-1.561631,145.9305
4.048947,-0.72,19.9,5.63,124.2641,-1.561631,145.9305
4.051154,-0.72,19.9,5.63,124.2641,-1.561631,145.9305
4.053322,-0.72,19.9,5.63,124.2641,-1.561631,145.9305
4.055544,-0.72,19.9,5.63,124.2641,-1.561631,145.9305
4.057807,-0.48,19.42,4.67,124.5352,-1.043328,148.4936
4.060234,-0.48,19.42,4.67,124.5352,-1.043328,148.4936
4.062844,-0.48,19.42,4.67,124.5352,-1.043328,148.4936
4.064986,-0.48,19.42,4.67,124.5352,-1.043328,148.4936
4.067192,-0.48,19.42,4.67,124.5352,-1.043328,148.4936
4.069321,-0.48,19.42,4.67,124.5352,-1.043328,148.4936
4.071548,-0.48,19.42,4.67,124.5352,-1.043328,148.4936
4.074008,-0.72,18.46,4.91,123.4507,-1.551409,150.1878
4.076542,-0.72,18.46,4.91,123.4507,-1.551409,150.1878
4.079119,-0.72,18.46,4.91,123.4507,-1.551409,150.1878
4.081404,-0.72,18.46,4.91,123.4507,-1.551409,150.1878
4.083834,-0.72,18.46,4.91,123.4507,-1.551409,150.1878
4.086095,-0.72,18.46,4.91,123.4507,-1.551409,150.1878
4.088467,-0.72,18.46,4.91,123.4507,-1.551409,150.1878
4.090892,-0.72,18.46,4.91,123.7784,-1.555528,153.158
4.093474,-0.72,17.98,3.71,123.7784,-1.555528,153.158
4.096419,-0.72,17.98,3.71,123.7784,-1.555528,153.158
4.098747,-0.72,17.98,3.71,123.7784,-1.555528,153.158
4.101,-0.72,17.98,3.71,123.7784,-1.555528,153.158
4.103364,-0.72,17.98,3.71,123.7784,-1.555528,153.158
4.105751,-0.72,17.5,3.23,123.5867,-1.553118,154.9752
4.108418,-0.72,17.5,3.23,123.5867,-1.553118,154.9752
4.110838,-0.72,17.5,3.23,123.5867,-1.553118,154.9752
4.113069,-0.72,17.5,3.23,123.5867,-1.553118,154.9752
4.115322,-0.72,17.5,3.23,123.5867,-1.553118,154.9752
4.117483,-0.72,17.5,3.23,123.5867,-1.553118,154.9752
4.119714,-0.72,17.5,3.23,123.5867,-1.553118,154.9752
4.122077,-0.48,17.26,2.99,123.4856,-1.034535,155.8851
4.124425,-0.48,17.26,2.99,123.4856,-1.034535,155.8851
4.126796,-0.48,17.26,2.99,123.4856,-1.034535,155.8851
4.129184,-0.48,17.26,2.99,123.4856,-1.034535,155.8851
4.131424,-0.48,17.26,2.99,123.4856,-1.034535,155.8851
4.133548,-0.48,17.26,2.99,123.4856,-1.034535,155.8851
4.13575,-0.48,17.26,2.99,123.4856,-1.034535,155.8851
4.13808,-0.48,17.02,2.03,123.7896,-1.037082,157.981
4.140425,-0.48,17.02,2.03,123.7896,-1.037082,157.981
4.142727,-0.48,17.02,2.03,123.7896,-1.037082,157.981
4.144865,-0.48,17.02,2.03,123.7896,-1.037082,157.981
4.147135,-0.48,17.02,2.03,123.7896,-1.037082,157.981
4.149266,-0.48,17.02,2.03,123.7896,-1.037082,157.981
4.151478,-0.48,17.02,2.03,123.7896,-1.037082,157.981
4.15369,-0.48,16.3,1.79,123.1193,-1.031466,159.9295
