0,-1.20000004768372,0.699999988079071,0.109999999403954
0.001379355,-1.20000004768372,0.699999988079071,0.109999999403954
0.002671412,-1.20000004768372,0.699999988079071,0.109999999403954
0.003904485,-1.20000004768372,0.699999988079071,0.109999999403954
0.005122469,-1.20000004768372,0.699999988079071,0.109999999403954
0.006220998,-1.20000004768372,0.699999988079071,0.109999999403954
0.007217399,-1.20000004768372,0.699999988079071,0.109999999403954
0.00818704,-1.20000004768372,0.699999988079071,0.109999999403954
0.009148017,-1.20000004768372,0.699999988079071,0.109999999403954
0.010106218,-1.20000004768372,0.699999988079071,0.109999999403954
0.011062696,-1.20000004768372,0.699999988079071,0.109999999403954
0.012007614,-1.20000004768372,0.699999988079071,0.109999999403954
0.012831139,-1.20000004768372,0.699999988079071,0.109999999403954
0.013635778,-1.20000004768372,0.699999988079071,0.109999999403954
0.014435575,-1.20000004768372,0.699999988079071,0.109999999403954
0.015234986,-1.20000004768372,0.699999988079071,0.109999999403954
0.016035058,-1.20000004768372,0.699999988079071,0.109999999403954
0.016845745,-1.20000004768372,0.699999988079071,0.109999999403954
0.017683989,-1.20000004768372,0.699999988079071,0.109999999403954
0.018371694,-1.20000004768372,1.41999995708466,0.349999994039536
0.019057492,-1.20000004768372,1.41999995708466,0.349999994039536
0.019745678,-1.20000004768372,1.41999995708466,0.349999994039536
0.020431737,-1.20000004768372,1.41999995708466,0.349999994039536
0.021136069,-1.20000004768372,1.41999995708466,0.349999994039536
0.021823622,-1.20000004768372,1.41999995708466,0.349999994039536
0.022511206,-1.20000004768372,1.41999995708466,0.349999994039536
0.023203862,-1.20000004768372,1.41999995708466,0.349999994039536
0.023918889,-1.20000004768372,1.41999995708466,0.349999994039536
0.024530182,-1.20000004768372,1.41999995708466,0.349999994039536
0.025131478,-1.20000004768372,1.41999995708466,0.349999994039536
0.025730119,-1.20000004768372,1.41999995708466,0.349999994039536
0.02634782,-1.20000004768372,1.41999995708466,0.349999994039536
0.026955154,-1.20000004768372,1.41999995708466,0.349999994039536
0.027554665,-1.20000004768372,1.41999995708466,0.349999994039536
0.028165562,-1.20000004768372,1.41999995708466,0.349999994039536
0.028765209,-1.20000004768372,1.41999995708466,0.349999994039536
0.029362049,-1.20000004768372,1.41999995708466,0.349999994039536
0.029951325,-1.20000004768372,1.41999995708466,0.349999994039536
0.030481912,-1.20000004768372,1.41999995708466,0.349999994039536
0.031016021,-1.20000004768372,1.41999995708466,0.349999994039536
0.031548294,-1.20000004768372,1.41999995708466,0.349999994039536
0.032077971,-1.20000004768372,1.41999995708466,0.349999994039536
0.032607908,-1.20000004768372,1.41999995708466,0.349999994039536
0.033137405,-1.20000004768372,1.41999995708466,0.349999994039536
0.033711478,-1.20000004768372,1.41999995708466,0.349999994039536
0.034209026,-1.20000004768372,1.17999994754791,0.349999994039536
0.034710829,-1.20000004768372,1.17999994754791,0.349999994039536
0.035205153,-1.20000004768372,1.17999994754791,0.349999994039536
0.035708392,-1.20000004768372,1.17999994754791,0.349999994039536
0.036204209,-1.20000004768372,1.17999994754791,0.349999994039536
0.036712672,-1.20000004768372,1.17999994754791,0.349999994039536
0.037209613,-1.20000004768372,1.17999994754791,0.349999994039536
0.037729935,-1.20000004768372,1.17999994754791,0.349999994039536
0.038204929,-1.20000004768372,1.17999994754791,0.349999994039536
0.038670816,-1.20000004768372,1.17999994754791,0.349999994039536
0.039141489,-1.20000004768372,1.17999994754791,0.349999994039536
0.039665125,-1.20000004768372,1.17999994754791,0.349999994039536
0.040135221,-1.20000004768372,1.17999994754791,0.349999994039536
0.040569406,-1.20000004768372,1.17999994754791,0.349999994039536
0.041004606,-1.20000004768372,1.17999994754791,0.349999994039536
0.041441484,-1.20000004768372,1.17999994754791,0.349999994039536
0.041891169,-1.20000004768372,1.17999994754791,0.349999994039536
0.04229207,-1.20000004768372,1.17999994754791,0.349999994039536
0.042690735,-1.20000004768372,1.17999994754791,0.349999994039536
0.043087315,-1.20000004768372,1.17999994754791,0.349999994039536
0.043486782,-1.20000004768372,1.17999994754791,0.349999994039536
0.043892183,-1.20000004768372,1.17999994754791,0.349999994039536
0.044369552,-1.20000004768372,1.17999994754791,0.349999994039536
0.044767368,-1.20000004768372,1.17999994754791,0.349999994039536
0.045163934,-1.20000004768372,1.17999994754791,0.349999994039536
0.045561844,-1.20000004768372,1.17999994754791,0.349999994039536
0.045963804,-1.20000004768372,1.17999994754791,0.349999994039536
0.046364333,-1.20000004768372,1.17999994754791,0.349999994039536
0.046761342,-1.20000004768372,1.17999994754791,0.349999994039536
0.047215749,-1.20000004768372,1.17999994754791,0.349999994039536
0.04761237,-1.20000004768372,1.17999994754791,0.349999994039536
0.048016787,-1.20000004768372,1.17999994754791,0.349999994039536
0.048413583,-1.20000004768372,1.17999994754791,0.349999994039536
0.048809838,-1.20000004768372,1.17999994754791,0.349999994039536
0.049475377,-1.20000004768372,1.17999994754791,0.349999994039536
0.05017977,-1.20000004768372,0.699999988079071,0.109999999403954
0.050714207,-1.20000004768372,0.699999988079071,0.109999999403954
0.05132056,-1.20000004768372,0.699999988079071,0.109999999403954
0.052223137,-1.20000004768372,0.699999988079071,0.109999999403954
0.052994726,-1.20000004768372,0.699999988079071,0.109999999403954
0.053534126,-1.20000004768372,0.699999988079071,0.109999999403954
0.054223568,-1.20000004768372,0.699999988079071,0.109999999403954
0.05467356,-1.20000004768372,0.699999988079071,0.109999999403954
0.055084261,-1.20000004768372,0.699999988079071,0.109999999403954
0.055494299,-1.20000004768372,0.699999988079071,0.109999999403954
0.056071236,-1.20000004768372,0.699999988079071,0.109999999403954
0.05649663,-1.20000004768372,0.699999988079071,0.109999999403954
0.056901774,-1.20000004768372,0.699999988079071,0.109999999403954
0.057303763,-1.20000004768372,0.699999988079071,0.109999999403954
0.057709814,-1.20000004768372,0.699999988079071,0.109999999403954
0.058109541,-1.20000004768372,0.699999988079071,0.109999999403954
0.058523588,-1.20000004768372,0.699999988079071,0.109999999403954
0.058930196,-1.20000004768372,0.699999988079071,0.109999999403954
0.059417645,-1.20000004768372,0.699999988079071,0.109999999403954
0.059862752,-1.20000004768372,0.699999988079071,0.109999999403954
0.060276077,-1.20000004768372,0.699999988079071,0.109999999403954
0.060687518,-1.20000004768372,0.699999988079071,0.109999999403954
0.061099432,-1.20000004768372,0.699999988079071,0.109999999403954
0.061512199,-1.20000004768372,0.699999988079071,0.109999999403954
0.06194398,-1.20000004768372,0.699999988079071,0.109999999403954
0.06235487,-1.20000004768372,0.699999988079071,0.109999999403954
0.062768363,-1.20000004768372,0.699999988079071,0.109999999403954
0.063176641,-1.20000004768372,0.699999988079071,0.109999999403954
0.063598572,-1.20000004768372,0.699999988079071,0.109999999403954
0.064008147,-1.20000004768372,0.699999988079071,0.109999999403954
0.064412632,-1.20000004768372,0.699999988079071,0.109999999403954
0.064817121,-1.20000004768372,0.699999988079071,0.109999999403954
0.065220867,-1.20000004768372,0.699999988079071,0.109999999403954
0.065626478,-1.20000004768372,0.699999988079071,0.109999999403954
0.066035871,-0.959999978542328,0.699999988079071,0.349999994039536
0.066441689,-0.959999978542328,0.699999988079071,0.349999994039536
0.066846671,-0.959999978542328,0.699999988079071,0.349999994039536
0.067263499,-0.959999978542328,0.699999988079071,0.349999994039536
0.067670152,-0.959999978542328,0.699999988079071,0.349999994039536
0.068090287,-0.959999978542328,0.699999988079071,0.349999994039536
0.068496762,-0.959999978542328,0.699999988079071,0.349999994039536
0.068902937,-0.959999978542328,0.699999988079071,0.349999994039536
0.069307952,-0.959999978542328,0.699999988079071,0.349999994039536
0.069737552,-0.959999978542328,0.699999988079071,0.349999994039536
0.070151136,-0.959999978542328,0.699999988079071,0.349999994039536
0.070555682,-0.959999978542328,0.699999988079071,0.349999994039536
0.070961311,-0.959999978542328,0.699999988079071,0.349999994039536
0.07137932,-0.959999978542328,0.699999988079071,0.349999994039536
0.071786005,-0.959999978542328,0.699999988079071,0.349999994039536
0.072192261,-0.959999978542328,0.699999988079071,0.349999994039536
0.072615432,-0.959999978542328,0.699999988079071,0.349999994039536
0.073022478,-0.959999978542328,0.699999988079071,0.349999994039536
0.073428092,-0.959999978542328,0.699999988079071,0.349999994039536
0.073839011,-0.959999978542328,0.699999988079071,0.349999994039536
0.074244944,-0.959999978542328,0.699999988079071,0.349999994039536
0.074651637,-0.959999978542328,0.699999988079071,0.349999994039536
0.075058569,-0.959999978542328,0.699999988079071,0.349999994039536
0.075463247,-0.959999978542328,0.699999988079071,0.349999994039536
0.075867932,-0.959999978542328,0.699999988079071,0.349999994039536
0.076273272,-0.959999978542328,0.699999988079071,0.349999994039536
0.076684286,-0.959999978542328,0.699999988079071,0.349999994039536
0.077088064,-0.959999978542328,0.699999988079071,0.349999994039536
0.077492582,-0.959999978542328,0.699999988079071,0.349999994039536
0.077897155,-0.959999978542328,0.699999988079071,0.349999994039536
0.078298441,-0.959999978542328,0.699999988079071,0.349999994039536
0.078714279,-0.959999978542328,0.699999988079071,0.349999994039536
0.079117739,-0.959999978542328,0.699999988079071,0.349999994039536
0.079535257,-0.959999978542328,0.699999988079071,0.349999994039536
0.079944956,-0.959999978542328,0.699999988079071,0.349999994039536
0.080350011,-0.959999978542328,0.699999988079071,0.349999994039536
0.080776763,-0.959999978542328,0.699999988079071,0.349999994039536
0.081186899,-0.959999978542328,0.699999988079071,0.349999994039536
0.08160475,-0.959999978542328,0.699999988079071,0.349999994039536
0.082260154,0.720000028610229,0.699999988079071,0.109999999403954
0.082681598,0.720000028610229,0.699999988079071,0.109999999403954
0.08310432,0.720000028610229,0.699999988079071,0.109999999403954
0.083535279,0.720000028610229,0.699999988079071,0.109999999403954
0.08395881,0.720000028610229,0.699999988079071,0.109999999403954
0.08435692,0.720000028610229,0.699999988079071,0.109999999403954
0.084755636,0.720000028610229,0.699999988079071,0.109999999403954
0.085156793,0.720000028610229,0.699999988079071,0.109999999403954
0.08555381,0.720000028610229,0.699999988079071,0.109999999403954
0.086075829,0.720000028610229,0.699999988079071,0.109999999403954
0.086494387,0.720000028610229,0.699999988079071,0.109999999403954
0.086935868,0.720000028610229,0.699999988079071,0.109999999403954
0.087356175,0.720000028610229,0.699999988079071,0.109999999403954
0.087758227,0.720000028610229,0.699999988079071,0.109999999403954
0.088188476,0.720000028610229,0.699999988079071,0.109999999403954
0.088586421,0.720000028610229,0.699999988079071,0.109999999403954
0.088981589,0.720000028610229,0.699999988079071,0.109999999403954
0.089375907,0.720000028610229,0.699999988079071,0.109999999403954
0.089770755,0.720000028610229,0.699999988079071,0.109999999403954
0.090173392,0.720000028610229,0.699999988079071,0.109999999403954
0.090569577,0.720000028610229,0.699999988079071,0.109999999403954
0.090963783,0.720000028610229,0.699999988079071,0.109999999403954
0.091358914,0.720000028610229,0.699999988079071,0.109999999403954
0.091761142,0.720000028610229,0.699999988079071,0.109999999403954
0.092194595,0.720000028610229,0.699999988079071,0.109999999403954
0.092588882,0.720000028610229,0.699999988079071,0.109999999403954
0.09299884,0.720000028610229,0.699999988079071,0.109999999403954
0.093393774,0.720000028610229,0.699999988079071,0.109999999403954
0.093790918,0.720000028610229,0.699999988079071,0.109999999403954
0.094183597,0.720000028610229,0.699999988079071,0.109999999403954
0.094587418,0.720000028610229,0.699999988079071,0.109999999403954
0.09497961,0.720000028610229,0.699999988079071,0.109999999403954
0.095399521,0.720000028610229,0.699999988079071,0.109999999403954
0.095818105,0.720000028610229,0.699999988079071,0.109999999403954
0.096211419,0.720000028610229,0.699999988079071,0.109999999403954
0.09660582,0.720000028610229,0.699999988079071,0.109999999403954
0.09699839,0.720000028610229,0.699999988079071,0.109999999403954
0.097406906,0.720000028610229,0.699999988079071,0.109999999403954
0.097829832,2.88000011444092,0.939999997615814,0.109999999403954
0.098229753,2.88000011444092,0.939999997615814,0.109999999403954
0.098622314,2.88000011444092,0.939999997615814,0.109999999403954
0.099030551,2.88000011444092,0.939999997615814,0.109999999403954
0.099452266,2.88000011444092,0.939999997615814,0.109999999403954
0.099875669,2.88000011444092,0.939999997615814,0.109999999403954
0.100287018,2.88000011444092,0.939999997615814,0.109999999403954
0.100681642,2.88000011444092,0.939999997615814,0.109999999403954
0.101075581,2.88000011444092,0.939999997615814,0.109999999403954
0.101469589,2.88000011444092,0.939999997615814,0.109999999403954
0.1019563,2.88000011444092,0.939999997615814,0.109999999403954
0.102359309,2.88000011444092,0.939999997615814,0.109999999403954
0.102813735,2.88000011444092,0.939999997615814,0.109999999403954
0.103258754,2.88000011444092,0.939999997615814,0.109999999403954
0.103654158,2.88000011444092,0.939999997615814,0.109999999403954
0.104118195,2.88000011444092,0.939999997615814,0.109999999403954
0.104568095,2.88000011444092,0.939999997615814,0.109999999403954
0.105008501,2.88000011444092,0.939999997615814,0.109999999403954
0.105404907,2.88000011444092,0.939999997615814,0.109999999403954
0.105808149,2.88000011444092,0.939999997615814,0.109999999403954
0.10620252,2.88000011444092,0.939999997615814,0.109999999403954
0.106596311,2.88000011444092,0.939999997615814,0.109999999403954
0.106994631,2.88000011444092,0.939999997615814,0.109999999403954
0.107387781,2.88000011444092,0.939999997615814,0.109999999403954
0.107789311,2.88000011444092,0.939999997615814,0.109999999403954
0.10820092,2.88000011444092,0.939999997615814,0.109999999403954
0.108593652,2.88000011444092,0.939999997615814,0.109999999403954
0.10898875,2.88000011444092,0.939999997615814,0.109999999403954
0.109382523,2.88000011444092,0.939999997615814,0.109999999403954
0.109775509,2.88000011444092,0.939999997615814,0.109999999403954
0.110169203,2.88000011444092,0.939999997615814,0.109999999403954
0.110562124,2.88000011444092,0.939999997615814,0.109999999403954
0.11096111,2.88000011444092,0.939999997615814,0.109999999403954
0.111354395,2.88000011444092,0.939999997615814,0.109999999403954
0.11175272,2.88000011444092,0.939999997615814,0.109999999403954
0.11216455,2.88000011444092,0.939999997615814,0.109999999403954
0.112560662,2.88000011444092,0.939999997615814,0.109999999403954
0.11295405,2.88000011444092,0.939999997615814,0.109999999403954
0.113385316,2.88000011444092,0.939999997615814,0.109999999403954
0.113835372,2.88000011444092,0.939999997615814,0.109999999403954
0.114236406,5.51999998092651,1.41999995708466,0.109999999403954
0.114629347,5.51999998092651,1.41999995708466,0.109999999403954
0.115022842,5.51999998092651,1.41999995708466,0.109999999403954
0.115461546,5.51999998092651,1.41999995708466,0.109999999403954
0.115886739,5.51999998092651,1.41999995708466,0.109999999403954
0.116302243,5.51999998092651,1.41999995708466,0.109999999403954
0.116703984,5.51999998092651,1.41999995708466,0.109999999403954
0.117097507,5.51999998092651,1.41999995708466,0.109999999403954
0.117491645,5.51999998092651,1.41999995708466,0.109999999403954
0.117998917,5.51999998092651,1.41999995708466,0.109999999403954
0.118419772,5.51999998092651,1.41999995708466,0.109999999403954
0.118846827,5.51999998092651,1.41999995708466,0.109999999403954
0.119264662,5.51999998092651,1.41999995708466,0.109999999403954
0.119673628,5.51999998092651,1.41999995708466,0.109999999403954
0.120133208,5.51999998092651,1.41999995708466,0.109999999403954
0.120529747,5.51999998092651,1.41999995708466,0.109999999403954
0.12093742,5.51999998092651,1.41999995708466,0.109999999403954
0.121332865,5.51999998092651,1.41999995708466,0.109999999403954
0.121729945,5.51999998092651,1.41999995708466,0.109999999403954
0.122126709,5.51999998092651,1.41999995708466,0.109999999403954
0.122521609,5.51999998092651,1.41999995708466,0.109999999403954
0.122925381,5.51999998092651,1.41999995708466,0.109999999403954
0.123321942,5.51999998092651,1.41999995708466,0.109999999403954
0.123724106,5.51999998092651,1.41999995708466,0.109999999403954
0.124156676,5.51999998092651,1.41999995708466,0.109999999403954
0.124554329,5.51999998092651,1.41999995708466,0.109999999403954
0.124952025,5.51999998092651,1.41999995708466,0.109999999403954
0.125358994,5.51999998092651,1.41999995708466,0.109999999403954
0.125754221,5.51999998092651,1.41999995708466,0.109999999403954
0.126149994,5.51999998092651,1.41999995708466,0.109999999403954
0.12654407,5.51999998092651,1.41999995708466,0.109999999403954
0.126940793,5.51999998092651,1.41999995708466,0.109999999403954
0.127336189,5.51999998092651,1.41999995708466,0.109999999403954
0.127731688,5.51999998092651,1.41999995708466,0.109999999403954
0.128139139,5.51999998092651,1.41999995708466,0.109999999403954
0.128537416,5.51999998092651,1.41999995708466,0.109999999403954
0.128930432,5.51999998092651,1.41999995708466,0.109999999403954
0.129351969,5.51999998092651,1.41999995708466,0.109999999403954
0.129748736,5.51999998092651,1.41999995708466,0.109999999403954
0.130143131,5.51999998092651,1.41999995708466,0.109999999403954
0.13053612,5.51999998092651,1.41999995708466,0.109999999403954
0.130929773,5.51999998092651,1.41999995708466,0.109999999403954
0.131323227,5.51999998092651,1.41999995708466,0.109999999403954
0.131716457,5.51999998092651,1.41999995708466,0.109999999403954
0.132127664,7.92000007629395,0.939999997615814,-0.129999995231628
0.132523836,7.92000007629395,0.939999997615814,-0.129999995231628
0.1329182,7.92000007629395,0.939999997615814,-0.129999995231628
0.133363485,7.92000007629395,0.939999997615814,-0.129999995231628
0.133795964,7.92000007629395,0.939999997615814,-0.129999995231628
0.134202774,7.92000007629395,0.939999997615814,-0.129999995231628
0.134625669,7.92000007629395,0.939999997615814,-0.129999995231628
0.135093654,7.92000007629395,0.939999997615814,-0.129999995231628
0.135486523,7.92000007629395,0.939999997615814,-0.129999995231628
0.135906178,7.92000007629395,0.939999997615814,-0.129999995231628
0.136338273,7.92000007629395,0.939999997615814,-0.129999995231628
0.136731457,7.92000007629395,0.939999997615814,-0.129999995231628
0.137123251,7.92000007629395,0.939999997615814,-0.129999995231628
0.137546886,7.92000007629395,0.939999997615814,-0.129999995231628
0.138057119,7.92000007629395,0.939999997615814,-0.129999995231628
0.138463511,7.92000007629395,0.939999997615814,-0.129999995231628
0.138857452,7.92000007629395,0.939999997615814,-0.129999995231628
0.139250637,7.92000007629395,0.939999997615814,-0.129999995231628
0.139645064,7.92000007629395,0.939999997615814,-0.129999995231628
0.140062345,7.92000007629395,0.939999997615814,-0.129999995231628
0.140456237,7.92000007629395,0.939999997615814,-0.129999995231628
0.140852225,7.92000007629395,0.939999997615814,-0.129999995231628
0.141245117,7.92000007629395,0.939999997615814,-0.129999995231628
0.141636071,7.92000007629395,0.939999997615814,-0.129999995231628
0.142027219,7.92000007629395,0.939999997615814,-0.129999995231628
0.142422722,7.92000007629395,0.939999997615814,-0.129999995231628
0.142814673,7.92000007629395,0.939999997615814,-0.129999995231628
0.143206224,7.92000007629395,0.939999997615814,-0.129999995231628
0.143598926,7.92000007629395,0.939999997615814,-0.129999995231628
0.143992073,7.92000007629395,0.939999997615814,-0.129999995231628
0.144384215,7.92000007629395,0.939999997615814,-0.129999995231628
0.144774264,7.92000007629395,0.939999997615814,-0.129999995231628
0.145165449,7.92000007629395,0.939999997615814,-0.129999995231628
0.145574653,7.92000007629395,0.939999997615814,-0.129999995231628
0.146130406,10.8000001907349,0.939999997615814,0.109999999403954
0.146555332,10.8000001907349,0.939999997615814,0.109999999403954
0.147015273,10.8000001907349,0.939999997615814,0.109999999403954
0.147461902,10.8000001907349,0.939999997615814,0.109999999403954
0.147921352,10.8000001907349,0.939999997615814,0.109999999403954
0.14835297,10.8000001907349,0.939999997615814,0.109999999403954
0.148749904,10.8000001907349,0.939999997615814,0.109999999403954
0.149145995,10.8000001907349,0.939999997615814,0.109999999403954
0.149540479,10.8000001907349,0.939999997615814,0.109999999403954
0.149982851,10.8000001907349,0.939999997615814,0.109999999403954
0.150380608,10.8000001907349,0.939999997615814,0.109999999403954
0.150841301,10.8000001907349,0.939999997615814,0.109999999403954
0.151472474,10.8000001907349,0.939999997615814,0.109999999403954
0.151934533,10.8000001907349,0.939999997615814,0.109999999403954
0.152342928,10.8000001907349,0.939999997615814,0.109999999403954
0.152746414,10.8000001907349,0.939999997615814,0.109999999403954
0.153149952,10.8000001907349,0.939999997615814,0.109999999403954
0.153551748,10.8000001907349,0.939999997615814,0.109999999403954
0.153953315,10.8000001907349,0.939999997615814,0.109999999403954
0.154353488,10.8000001907349,0.939999997615814,0.109999999403954
0.154756488,10.8000001907349,0.939999997615814,0.109999999403954
0.155159168,10.8000001907349,0.939999997615814,0.109999999403954
0.155561353,10.8000001907349,0.939999997615814,0.109999999403954
0.15602712,10.8000001907349,0.939999997615814,0.109999999403954
0.156430935,10.8000001907349,0.939999997615814,0.109999999403954
0.156830964,10.8000001907349,0.939999997615814,0.109999999403954
0.157232309,10.8000001907349,0.939999997615814,0.109999999403954
0.157675361,10.8000001907349,0.939999997615814,0.109999999403954
0.158073801,10.8000001907349,0.939999997615814,0.109999999403954
0.158475253,10.8000001907349,0.939999997615814,0.109999999403954
0.158875607,10.8000001907349,0.939999997615814,0.109999999403954
0.159274814,10.8000001907349,0.939999997615814,0.109999999403954
0.159671469,10.8000001907349,0.939999997615814,0.109999999403954
0.16007009,10.8000001907349,0.939999997615814,0.109999999403954
0.160475129,10.8000001907349,0.939999997615814,0.109999999403954
0.160872275,10.8000001907349,0.939999997615814,0.109999999403954
0.161294138,10.8000001907349,0.939999997615814,0.109999999403954
0.161712474,10.8000001907349,0.939999997615814,0.109999999403954
0.162153075,14.1599998474121,0.939999997615814,0.349999994039536
0.162549597,14.1599998474121,0.939999997615814,0.349999994039536
0.162950316,14.1599998474121,0.939999997615814,0.349999994039536
0.163390103,14.1599998474121,0.939999997615814,0.349999994039536
0.163810077,14.1599998474121,0.939999997615814,0.349999994039536
0.164264069,14.1599998474121,0.939999997615814,0.349999994039536
0.164848989,14.1599998474121,0.939999997615814,0.349999994039536
0.165304648,14.1599998474121,0.939999997615814,0.349999994039536
0.165730949,14.1599998474121,0.939999997615814,0.349999994039536
0.166173439,14.1599998474121,0.939999997615814,0.349999994039536
0.166570712,14.1599998474121,0.939999997615814,0.349999994039536
0.167007624,14.1599998474121,0.939999997615814,0.349999994039536
0.167468169,14.1599998474121,0.939999997615814,0.349999994039536
0.167920969,14.1599998474121,0.939999997615814,0.349999994039536
0.16832252,14.1599998474121,0.939999997615814,0.349999994039536
0.168716738,14.1599998474121,0.939999997615814,0.349999994039536
0.169111442,14.1599998474121,0.939999997615814,0.349999994039536
0.169514866,14.1599998474121,0.939999997615814,0.349999994039536
0.16990986,14.1599998474121,0.939999997615814,0.349999994039536
0.17030518,14.1599998474121,0.939999997615814,0.349999994039536
0.170700159,14.1599998474121,0.939999997615814,0.349999994039536
0.171093535,14.1599998474121,0.939999997615814,0.349999994039536
0.171486582,14.1599998474121,0.939999997615814,0.349999994039536
0.171898406,14.1599998474121,0.939999997615814,0.349999994039536
0.172312767,14.1599998474121,0.939999997615814,0.349999994039536
0.172708852,14.1599998474121,0.939999997615814,0.349999994039536
0.17309979,14.1599998474121,0.939999997615814,0.349999994039536
0.173492451,14.1599998474121,0.939999997615814,0.349999994039536
0.173900554,14.1599998474121,0.939999997615814,0.349999994039536
0.174295741,14.1599998474121,0.939999997615814,0.349999994039536
0.174689148,14.1599998474121,0.939999997615814,0.349999994039536
0.175101214,14.1599998474121,0.939999997615814,0.349999994039536
0.175497656,14.1599998474121,0.939999997615814,0.349999994039536
0.175888207,14.1599998474121,0.939999997615814,0.349999994039536
0.176277392,14.1599998474121,0.939999997615814,0.349999994039536
0.176667909,14.1599998474121,0.939999997615814,0.349999994039536
0.177059142,14.1599998474121,0.939999997615814,0.349999994039536
0.177491453,14.1599998474121,0.939999997615814,0.349999994039536
0.177941289,17.2800006866455,0.939999997615814,0.349999994039536
0.178340823,17.2800006866455,0.939999997615814,0.349999994039536
0.178732266,17.2800006866455,0.939999997615814,0.349999994039536
0.179123998,17.2800006866455,0.939999997615814,0.349999994039536
0.179568833,17.2800006866455,0.939999997615814,0.349999994039536
0.180018276,17.2800006866455,0.939999997615814,0.349999994039536
0.180412655,17.2800006866455,0.939999997615814,0.349999994039536
0.180813716,17.2800006866455,0.939999997615814,0.349999994039536
0.181203243,17.2800006866455,0.939999997615814,0.349999994039536
0.181593235,17.2800006866455,0.939999997615814,0.349999994039536
0.182014727,17.2800006866455,0.939999997615814,0.349999994039536
0.182410236,17.2800006866455,0.939999997615814,0.349999994039536
0.182844683,17.2800006866455,0.939999997615814,0.349999994039536
0.183266031,17.2800006866455,0.939999997615814,0.349999994039536
0.183672111,17.2800006866455,0.939999997615814,0.349999994039536
0.184228486,17.2800006866455,0.939999997615814,0.349999994039536
0.184664886,17.2800006866455,0.939999997615814,0.349999994039536
0.185064715,17.2800006866455,0.939999997615814,0.349999994039536
0.185462454,17.2800006866455,0.939999997615814,0.349999994039536
0.185859079,17.2800006866455,0.939999997615814,0.349999994039536
0.186253407,17.2800006866455,0.939999997615814,0.349999994039536
0.186649202,17.2800006866455,0.939999997615814,0.349999994039536
0.187058014,17.2800006866455,0.939999997615814,0.349999994039536
0.187453329,17.2800006866455,0.939999997615814,0.349999994039536
0.187847849,17.2800006866455,0.939999997615814,0.349999994039536
0.188284103,17.2800006866455,0.939999997615814,0.349999994039536
0.188681963,17.2800006866455,0.939999997615814,0.349999994039536
0.18907936,17.2800006866455,0.939999997615814,0.349999994039536
0.189475491,17.2800006866455,0.939999997615814,0.349999994039536
0.189872442,17.2800006866455,0.939999997615814,0.349999994039536
0.190265851,17.2800006866455,0.939999997615814,0.349999994039536
0.19066185,17.2800006866455,0.939999997615814,0.349999994039536
0.191056128,17.2800006866455,0.939999997615814,0.349999994039536
0.191463274,17.2800006866455,0.939999997615814,0.349999994039536
0.191859096,17.2800006866455,0.939999997615814,0.349999994039536
0.192254744,17.2800006866455,0.939999997615814,0.349999994039536
0.192649836,17.2800006866455,0.939999997615814,0.349999994039536
0.193048639,17.2800006866455,0.939999997615814,0.349999994039536
0.193467684,17.2800006866455,0.939999997615814,0.349999994039536
0.193867045,17.2800006866455,0.939999997615814,0.349999994039536
0.194262702,17.2800006866455,0.939999997615814,0.349999994039536
0.194659505,17.2800006866455,0.939999997615814,0.349999994039536
0.195054233,17.2800006866455,0.939999997615814,0.349999994039536
0.195456573,17.2800006866455,0.939999997615814,0.349999994039536
0.195863112,20.3999996185303,0.939999997615814,0.109999999403954
0.19627998,20.3999996185303,0.939999997615814,0.109999999403954
0.196674479,20.3999996185303,0.939999997615814,0.109999999403954
0.197069427,20.3999996185303,0.939999997615814,0.109999999403954
0.197478489,20.3999996185303,0.939999997615814,0.109999999403954
0.197895669,20.3999996185303,0.939999997615814,0.109999999403954
0.198304694,20.3999996185303,0.939999997615814,0.109999999403954
0.198747608,20.3999996185303,0.939999997615814,0.109999999403954
0.199142307,20.3999996185303,0.939999997615814,0.109999999403954
0.199535959,20.3999996185303,0.939999997615814,0.109999999403954
0.199968113,20.3999996185303,0.939999997615814,0.109999999403954
0.200364709,20.3999996185303,0.939999997615814,0.109999999403954
0.2007579,20.3999996185303,0.939999997615814,0.109999999403954
0.201151506,20.3999996185303,0.939999997615814,0.109999999403954
0.201571987,20.3999996185303,0.939999997615814,0.109999999403954
0.20198765,20.3999996185303,0.939999997615814,0.109999999403954
0.202380847,20.3999996185303,0.939999997615814,0.109999999403954
0.202772893,20.3999996185303,0.939999997615814,0.109999999403954
0.203166713,20.3999996185303,0.939999997615814,0.109999999403954
0.203562491,20.3999996185303,0.939999997615814,0.109999999403954
0.20399504,20.3999996185303,0.939999997615814,0.109999999403954
0.204400978,20.3999996185303,0.939999997615814,0.109999999403954
0.204797396,20.3999996185303,0.939999997615814,0.109999999403954
0.205190749,20.3999996185303,0.939999997615814,0.109999999403954
0.205585626,20.3999996185303,0.939999997615814,0.109999999403954
0.205979524,20.3999996185303,0.939999997615814,0.109999999403954
0.206373792,20.3999996185303,0.939999997615814,0.109999999403954
0.206767036,20.3999996185303,0.939999997615814,0.109999999403954
0.207161801,20.3999996185303,0.939999997615814,0.109999999403954
0.20755598,20.3999996185303,0.939999997615814,0.109999999403954
0.207950832,20.3999996185303,0.939999997615814,0.109999999403954
0.208351154,20.3999996185303,0.939999997615814,0.109999999403954
0.208747798,20.3999996185303,0.939999997615814,0.109999999403954
0.209142182,20.3999996185303,0.939999997615814,0.109999999403954
0.209573268,20.3999996185303,0.939999997615814,0.109999999403954
0.209969313,20.3999996185303,0.939999997615814,0.109999999403954
0.210404258,20.3999996185303,0.939999997615814,0.109999999403954
0.21079885,20.3999996185303,0.939999997615814,0.109999999403954
0.211194725,20.3999996185303,0.939999997615814,0.109999999403954
0.211590387,20.3999996185303,0.939999997615814,0.109999999403954
0.212019285,23.5200004577637,0.939999997615814,0.349999994039536
0.212414922,23.5200004577637,0.939999997615814,0.349999994039536
0.212816604,23.5200004577637,0.939999997615814,0.349999994039536
0.213247182,23.5200004577637,0.939999997615814,0.349999994039536
0.213649392,23.5200004577637,0.939999997615814,0.349999994039536
0.214096267,23.5200004577637,0.939999997615814,0.349999994039536
0.21449182,23.5200004577637,0.939999997615814,0.349999994039536
0.21497313,23.5200004577637,0.939999997615814,0.349999994039536
0.215368693,23.5200004577637,0.939999997615814,0.349999994039536
0.215766119,23.5200004577637,0.939999997615814,0.349999994039536
0.216178069,23.5200004577637,0.939999997615814,0.349999994039536
0.216573669,23.5200004577637,0.939999997615814,0.349999994039536
0.216968133,23.5200004577637,0.939999997615814,0.349999994039536
0.217396068,23.5200004577637,0.939999997615814,0.349999994039536
0.217810436,23.5200004577637,0.939999997615814,0.349999994039536
0.21821507,23.5200004577637,0.939999997615814,0.349999994039536
0.218609024,23.5200004577637,0.939999997615814,0.349999994039536
0.21900436,23.5200004577637,0.939999997615814,0.349999994039536
0.219399021,23.5200004577637,0.939999997615814,0.349999994039536
0.219794565,23.5200004577637,0.939999997615814,0.349999994039536
0.220221954,23.5200004577637,0.939999997615814,0.349999994039536
0.220618237,23.5200004577637,0.939999997615814,0.349999994039536
0.221013452,23.5200004577637,0.939999997615814,0.349999994039536
0.221413666,23.5200004577637,0.939999997615814,0.349999994039536
0.221810864,23.5200004577637,0.939999997615814,0.349999994039536
0.222206811,23.5200004577637,0.939999997615814,0.349999994039536
0.222600298,23.5200004577637,0.939999997615814,0.349999994039536
0.222993581,23.5200004577637,0.939999997615814,0.349999994039536
0.223388964,23.5200004577637,0.939999997615814,0.349999994039536
0.223785428,23.5200004577637,0.939999997615814,0.349999994039536
0.224197766,23.5200004577637,0.939999997615814,0.349999994039536
0.224596228,23.5200004577637,0.939999997615814,0.349999994039536
0.224991306,23.5200004577637,0.939999997615814,0.349999994039536
0.225411757,23.5200004577637,0.939999997615814,0.349999994039536
0.225811965,23.5200004577637,0.939999997615814,0.349999994039536
0.226204945,23.5200004577637,0.939999997615814,0.349999994039536
0.226597665,23.5200004577637,0.939999997615814,0.349999994039536
0.226989964,23.5200004577637,0.939999997615814,0.349999994039536
0.227383197,23.5200004577637,0.939999997615814,0.349999994039536
0.22779307,26.6399993896484,0.939999997615814,0.589999973773956
0.2282253,26.6399993896484,0.939999997615814,0.589999973773956
0.228616779,26.6399993896484,0.939999997615814,0.589999973773956
0.229009162,26.6399993896484,0.939999997615814,0.589999973773956
0.229458429,26.6399993896484,0.939999997615814,0.589999973773956
0.229966793,26.6399993896484,0.939999997615814,0.589999973773956
0.230403117,26.6399993896484,0.939999997615814,0.589999973773956
0.230851237,26.6399993896484,0.939999997615814,0.589999973773956
0.23125372,26.6399993896484,0.939999997615814,0.589999973773956
0.231658842,26.6399993896484,0.939999997615814,0.589999973773956
0.232115817,26.6399993896484,0.939999997615814,0.589999973773956
0.232512541,26.6399993896484,0.939999997615814,0.589999973773956
0.23291382,26.6399993896484,0.939999997615814,0.589999973773956
0.233331659,26.6399993896484,0.939999997615814,0.589999973773956
0.233738277,26.6399993896484,0.939999997615814,0.589999973773956
0.23417658,26.6399993896484,0.939999997615814,0.589999973773956
0.234583415,26.6399993896484,0.939999997615814,0.589999973773956
0.234980867,26.6399993896484,0.939999997615814,0.589999973773956
0.235378956,26.6399993896484,0.939999997615814,0.589999973773956
0.23577661,26.6399993896484,0.939999997615814,0.589999973773956
0.236195391,26.6399993896484,0.939999997615814,0.589999973773956
0.236592744,26.6399993896484,0.939999997615814,0.589999973773956
0.236998684,26.6399993896484,0.939999997615814,0.589999973773956
0.237395953,26.6399993896484,0.939999997615814,0.589999973773956
0.237812465,26.6399993896484,0.939999997615814,0.589999973773956
0.238212476,26.6399993896484,0.939999997615814,0.589999973773956
0.238610187,26.6399993896484,0.939999997615814,0.589999973773956
0.239024814,26.6399993896484,0.939999997615814,0.589999973773956
0.239453471,26.6399993896484,0.939999997615814,0.589999973773956
0.239853079,26.6399993896484,0.939999997615814,0.589999973773956
0.240252349,26.6399993896484,0.939999997615814,0.589999973773956
0.240647958,26.6399993896484,0.939999997615814,0.589999973773956
0.24104632,26.6399993896484,0.939999997615814,0.589999973773956
0.241474014,26.6399993896484,0.939999997615814,0.589999973773956
0.241872289,26.6399993896484,0.939999997615814,0.589999973773956
0.242270574,26.6399993896484,0.939999997615814,0.589999973773956
0.242668252,26.6399993896484,0.939999997615814,0.589999973773956
0.243065387,26.6399993896484,0.939999997615814,0.589999973773956
0.243480033,26.6399993896484,0.939999997615814,0.589999973773956
0.243941444,30.2399997711182,1.41999995708466,0.109999999403954
0.244342476,30.2399997711182,1.41999995708466,0.109999999403954
0.244742957,30.2399997711182,1.41999995708466,0.109999999403954
0.24531655,30.2399997711182,1.41999995708466,0.109999999403954
0.245858443,30.2399997711182,1.41999995708466,0.109999999403954
0.246353351,30.2399997711182,1.41999995708466,0.109999999403954
0.247194419,30.2399997711182,1.41999995708466,0.109999999403954
0.248055976,30.2399997711182,1.41999995708466,0.109999999403954
0.249015613,30.2399997711182,1.41999995708466,0.109999999403954
0.249933272,30.2399997711182,1.41999995708466,0.109999999403954
0.250713476,30.2399997711182,1.41999995708466,0.109999999403954
0.251584997,30.2399997711182,1.41999995708466,0.109999999403954
0.252179465,30.2399997711182,1.41999995708466,0.109999999403954
0.25261484,30.2399997711182,1.41999995708466,0.109999999403954
0.253029153,30.2399997711182,1.41999995708466,0.109999999403954
0.253438706,30.2399997711182,1.41999995708466,0.109999999403954
0.253848885,30.2399997711182,1.41999995708466,0.109999999403954
0.254261837,30.2399997711182,1.41999995708466,0.109999999403954
0.254720083,30.2399997711182,1.41999995708466,0.109999999403954
0.255129452,30.2399997711182,1.41999995708466,0.109999999403954
0.255562887,30.2399997711182,1.41999995708466,0.109999999403954
0.255971226,30.2399997711182,1.41999995708466,0.109999999403954
0.256395539,30.2399997711182,1.41999995708466,0.109999999403954
0.256813594,30.2399997711182,1.41999995708466,0.109999999403954
0.257269487,30.2399997711182,1.41999995708466,0.109999999403954
0.257700938,30.2399997711182,1.41999995708466,0.109999999403954
0.258111647,30.2399997711182,1.41999995708466,0.109999999403954
0.258519303,30.2399997711182,1.41999995708466,0.109999999403954
0.258924219,30.2399997711182,1.41999995708466,0.109999999403954
0.259327909,30.2399997711182,1.41999995708466,0.109999999403954
0.259731624,30.2399997711182,1.41999995708466,0.109999999403954
0.260175244,32.8800010681152,0.699999988079071,0.109999999403954
0.260582831,32.8800010681152,0.699999988079071,0.109999999403954
0.260989382,32.8800010681152,0.699999988079071,0.109999999403954
0.261401787,32.8800010681152,0.699999988079071,0.109999999403954
0.261812697,32.8800010681152,0.699999988079071,0.109999999403954
0.262216797,32.8800010681152,0.699999988079071,0.109999999403954
0.262624449,32.8800010681152,0.699999988079071,0.109999999403954
0.263029348,32.8800010681152,0.699999988079071,0.109999999403954
0.263434011,32.8800010681152,0.699999988079071,0.109999999403954
0.264048421,32.8800010681152,0.699999988079071,0.109999999403954
0.264523896,32.8800010681152,0.699999988079071,0.109999999403954
0.264950318,32.8800010681152,0.699999988079071,0.109999999403954
0.265394427,32.8800010681152,0.699999988079071,0.109999999403954
0.26579976,32.8800010681152,0.699999988079071,0.109999999403954
0.266206159,32.8800010681152,0.699999988079071,0.109999999403954
0.266609425,32.8800010681152,0.699999988079071,0.109999999403954
0.267013373,32.8800010681152,0.699999988079071,0.109999999403954
0.26741459,32.8800010681152,0.699999988079071,0.109999999403954
0.267823304,32.8800010681152,0.699999988079071,0.109999999403954
0.268226339,32.8800010681152,0.699999988079071,0.109999999403954
0.268633689,32.8800010681152,0.699999988079071,0.109999999403954
0.269050847,32.8800010681152,0.699999988079071,0.109999999403954
0.269460286,32.8800010681152,0.699999988079071,0.109999999403954
0.269877941,32.8800010681152,0.699999988079071,0.109999999403954
0.2703053,32.8800010681152,0.699999988079071,0.109999999403954
0.270765355,32.8800010681152,0.699999988079071,0.109999999403954
0.271226616,32.8800010681152,0.699999988079071,0.109999999403954
0.271660702,32.8800010681152,0.699999988079071,0.109999999403954
0.272142982,32.8800010681152,0.699999988079071,0.109999999403954
0.272588503,32.8800010681152,0.699999988079071,0.109999999403954
0.273045392,32.8800010681152,0.699999988079071,0.109999999403954
0.273453593,32.8800010681152,0.699999988079071,0.109999999403954
0.274075589,35.2799987792969,1.17999994754791,0.109999999403954
0.274526589,35.2799987792969,1.17999994754791,0.109999999403954
0.274932251,35.2799987792969,1.17999994754791,0.109999999403954
0.275334768,35.2799987792969,1.17999994754791,0.109999999403954
0.275804694,35.2799987792969,1.17999994754791,0.109999999403954
0.276223151,35.2799987792969,1.17999994754791,0.109999999403954
0.276637622,35.2799987792969,1.17999994754791,0.109999999403954
0.27703998,35.2799987792969,1.17999994754791,0.109999999403954
0.277443122,35.2799987792969,1.17999994754791,0.109999999403954
0.278163418,35.2799987792969,1.17999994754791,0.109999999403954
0.278644334,35.2799987792969,1.17999994754791,0.109999999403954
0.279053869,35.2799987792969,1.17999994754791,0.109999999403954
0.27950183,35.2799987792969,1.17999994754791,0.109999999403954
0.280170225,35.2799987792969,1.17999994754791,0.109999999403954
0.280651843,35.2799987792969,1.17999994754791,0.109999999403954
0.281108607,35.2799987792969,1.17999994754791,0.109999999403954
0.281531584,35.2799987792969,1.17999994754791,0.109999999403954
0.281937182,35.2799987792969,1.17999994754791,0.109999999403954
0.282342459,35.2799987792969,1.17999994754791,0.109999999403954
0.282748159,35.2799987792969,1.17999994754791,0.109999999403954
0.283151583,35.2799987792969,1.17999994754791,0.109999999403954
0.283570319,35.2799987792969,1.17999994754791,0.109999999403954
0.284022906,35.2799987792969,1.17999994754791,0.109999999403954
0.284449995,35.2799987792969,1.17999994754791,0.109999999403954
0.284849991,35.2799987792969,1.17999994754791,0.109999999403954
0.285250675,35.2799987792969,1.17999994754791,0.109999999403954
0.285650625,35.2799987792969,1.17999994754791,0.109999999403954
0.286050525,35.2799987792969,1.17999994754791,0.109999999403954
0.28646954,35.2799987792969,1.17999994754791,0.109999999403954
0.286871604,35.2799987792969,1.17999994754791,0.109999999403954
0.287272081,35.2799987792969,1.17999994754791,0.109999999403954
0.287672827,35.2799987792969,1.17999994754791,0.109999999403954
0.288085398,35.2799987792969,1.17999994754791,0.109999999403954
0.288485956,35.2799987792969,1.17999994754791,0.109999999403954
0.288885481,35.2799987792969,1.17999994754791,0.109999999403954
0.289344506,35.2799987792969,1.17999994754791,0.109999999403954
0.289747113,35.2799987792969,1.17999994754791,0.109999999403954
0.290303628,38.1599998474121,1.17999994754791,0.349999994039536
0.290706214,38.1599998474121,1.17999994754791,0.349999994039536
0.291108393,38.1599998474121,1.17999994754791,0.349999994039536
0.29159887,38.1599998474121,1.17999994754791,0.349999994039536
0.292011039,38.1599998474121,1.17999994754791,0.349999994039536
0.292418889,38.1599998474121,1.17999994754791,0.349999994039536
0.292820975,38.1599998474121,1.17999994754791,0.349999994039536
0.293222422,38.1599998474121,1.17999994754791,0.349999994039536
0.293623818,38.1599998474121,1.17999994754791,0.349999994039536
0.29409351,38.1599998474121,1.17999994754791,0.349999994039536
0.294500939,38.1599998474121,1.17999994754791,0.349999994039536
0.294952181,38.1599998474121,1.17999994754791,0.349999994039536
0.29535255,38.1599998474121,1.17999994754791,0.349999994039536
0.295754674,38.1599998474121,1.17999994754791,0.349999994039536
0.29627044,38.1599998474121,1.17999994754791,0.349999994039536
0.296682936,38.1599998474121,1.17999994754791,0.349999994039536
0.297095723,38.1599998474121,1.17999994754791,0.349999994039536
0.297522811,38.1599998474121,1.17999994754791,0.349999994039536
0.29799275,38.1599998474121,1.17999994754791,0.349999994039536
0.298389601,38.1599998474121,1.17999994754791,0.349999994039536
0.298785704,38.1599998474121,1.17999994754791,0.349999994039536
0.299182884,38.1599998474121,1.17999994754791,0.349999994039536
0.299580506,38.1599998474121,1.17999994754791,0.349999994039536
0.299990587,38.1599998474121,1.17999994754791,0.349999994039536
0.300408858,38.1599998474121,1.17999994754791,0.349999994039536
0.300804112,38.1599998474121,1.17999994754791,0.349999994039536
0.301197185,38.1599998474121,1.17999994754791,0.349999994039536
0.301604708,38.1599998474121,1.17999994754791,0.349999994039536
0.302000457,38.1599998474121,1.17999994754791,0.349999994039536
0.302394744,38.1599998474121,1.17999994754791,0.349999994039536
0.302829238,38.1599998474121,1.17999994754791,0.349999994039536
0.303248754,38.1599998474121,1.17999994754791,0.349999994039536
0.303644033,38.1599998474121,1.17999994754791,0.349999994039536
0.304039343,38.1599998474121,1.17999994754791,0.349999994039536
0.304433768,38.1599998474121,1.17999994754791,0.349999994039536
0.30482819,38.1599998474121,1.17999994754791,0.349999994039536
0.305221869,38.1599998474121,1.17999994754791,0.349999994039536
0.30569786,38.1599998474121,1.17999994754791,0.349999994039536
0.306151649,38.1599998474121,1.17999994754791,0.349999994039536
0.306552168,38.1599998474121,1.17999994754791,0.349999994039536
0.30698392,38.1599998474121,1.17999994754791,0.349999994039536
0.307380958,38.1599998474121,1.17999994754791,0.349999994039536
0.307813962,38.1599998474121,1.17999994754791,0.349999994039536
0.308234096,40.0800018310547,0.699999988079071,-0.129999995231628
0.308627455,40.0800018310547,0.699999988079071,-0.129999995231628
0.309021451,40.0800018310547,0.699999988079071,-0.129999995231628
0.309459549,40.0800018310547,0.699999988079071,-0.129999995231628
0.309941739,40.0800018310547,0.699999988079071,-0.129999995231628
0.310551837,40.0800018310547,0.699999988079071,-0.129999995231628
0.310963849,40.0800018310547,0.699999988079071,-0.129999995231628
0.311361867,40.0800018310547,0.699999988079071,-0.129999995231628
0.311785865,40.0800018310547,0.699999988079071,-0.129999995231628
0.312228596,40.0800018310547,0.699999988079071,-0.129999995231628
0.312627318,40.0800018310547,0.699999988079071,-0.129999995231628
0.31301948,40.0800018310547,0.699999988079071,-0.129999995231628
0.313445539,40.0800018310547,0.699999988079071,-0.129999995231628
0.313864489,40.0800018310547,0.699999988079071,-0.129999995231628
0.314282037,40.0800018310547,0.699999988079071,-0.129999995231628
0.314674076,40.0800018310547,0.699999988079071,-0.129999995231628
0.315093436,40.0800018310547,0.699999988079071,-0.129999995231628
0.31548609,40.0800018310547,0.699999988079071,-0.129999995231628
0.315877232,40.0800018310547,0.699999988079071,-0.129999995231628
0.316291309,40.0800018310547,0.699999988079071,-0.129999995231628
0.316682863,40.0800018310547,0.699999988079071,-0.129999995231628
0.31707441,40.0800018310547,0.699999988079071,-0.129999995231628
0.317500083,40.0800018310547,0.699999988079071,-0.129999995231628
0.317893562,40.0800018310547,0.699999988079071,-0.129999995231628
0.318282787,40.0800018310547,0.699999988079071,-0.129999995231628
0.318671761,40.0800018310547,0.699999988079071,-0.129999995231628
0.319075721,40.0800018310547,0.699999988079071,-0.129999995231628
0.319467054,40.0800018310547,0.699999988079071,-0.129999995231628
0.319864917,40.0800018310547,0.699999988079071,-0.129999995231628
0.320255517,40.0800018310547,0.699999988079071,-0.129999995231628
0.320658191,40.0800018310547,0.699999988079071,-0.129999995231628
0.321055935,40.0800018310547,0.699999988079071,-0.129999995231628
0.321491801,40.0800018310547,0.699999988079071,-0.129999995231628
0.321885191,40.0800018310547,0.699999988079071,-0.129999995231628
0.322271905,40.0800018310547,0.699999988079071,-0.129999995231628
0.322706039,40.0800018310547,0.699999988079071,-0.129999995231628
0.323096517,40.0800018310547,0.699999988079071,-0.129999995231628
0.323496108,40.0800018310547,0.699999988079071,-0.129999995231628
0.323909682,42,0.699999988079071,0.109999999403954
0.324300036,42,0.699999988079071,0.109999999403954
0.324688909,42,0.699999988079071,0.109999999403954
0.325078366,42,0.699999988079071,0.109999999403954
0.325517131,42,0.699999988079071,0.109999999403954
0.3259397,42,0.699999988079071,0.109999999403954
0.326328139,42,0.699999988079071,0.109999999403954
0.326749381,42,0.699999988079071,0.109999999403954
0.327144304,42,0.699999988079071,0.109999999403954
0.327535814,42,0.699999988079071,0.109999999403954
0.327980037,42,0.699999988079071,0.109999999403954
0.32837035,42,0.699999988079071,0.109999999403954
0.328762601,42,0.699999988079071,0.109999999403954
0.329320697,42,0.699999988079071,0.109999999403954
0.329787552,42,0.699999988079071,0.109999999403954
0.330319642,42,0.699999988079071,0.109999999403954
0.330734485,42,0.699999988079071,0.109999999403954
0.331209471,42,0.699999988079071,0.109999999403954
0.331812185,42,0.699999988079071,0.109999999403954
0.332267805,42,0.699999988079071,0.109999999403954
0.332721123,42,0.699999988079071,0.109999999403954
0.333162173,42,0.699999988079071,0.109999999403954
0.333596483,42,0.699999988079071,0.109999999403954
0.334028637,42,0.699999988079071,0.109999999403954
0.334670251,42,0.699999988079071,0.109999999403954
0.335102791,42,0.699999988079071,0.109999999403954
0.335506813,42,0.699999988079071,0.109999999403954
0.335908332,42,0.699999988079071,0.109999999403954
0.336311234,42,0.699999988079071,0.109999999403954
0.336713141,42,0.699999988079071,0.109999999403954
0.337113829,42,0.699999988079071,0.109999999403954
0.337605882,42,0.699999988079071,0.109999999403954
0.338024702,42,0.699999988079071,0.109999999403954
0.338427805,42,0.699999988079071,0.109999999403954
0.338893221,42,0.699999988079071,0.109999999403954
0.339305969,42,0.699999988079071,0.109999999403954
0.339733843,42,0.699999988079071,0.109999999403954
0.340215707,43.2000007629395,0.699999988079071,0.109999999403954
0.340617706,43.2000007629395,0.699999988079071,0.109999999403954
0.341029815,43.2000007629395,0.699999988079071,0.109999999403954
0.341464321,43.2000007629395,0.699999988079071,0.109999999403954
0.341924438,43.2000007629395,0.699999988079071,0.109999999403954
0.342351146,43.2000007629395,0.699999988079071,0.109999999403954
0.34280655,43.2000007629395,0.699999988079071,0.109999999403954
0.343206156,43.2000007629395,0.699999988079071,0.109999999403954
0.343608625,43.2000007629395,0.699999988079071,0.109999999403954
0.344054394,43.2000007629395,0.699999988079071,0.109999999403954
0.344453015,43.2000007629395,0.699999988079071,0.109999999403954
0.344851914,43.2000007629395,0.699999988079071,0.109999999403954
0.34525035,43.2000007629395,0.699999988079071,0.109999999403954
0.345650828,43.2000007629395,0.699999988079071,0.109999999403954
0.346049072,43.2000007629395,0.699999988079071,0.109999999403954
0.346508788,43.2000007629395,0.699999988079071,0.109999999403954
0.347063542,43.2000007629395,0.699999988079071,0.109999999403954
0.347832965,43.2000007629395,0.699999988079071,0.109999999403954
0.348400952,43.2000007629395,0.699999988079071,0.109999999403954
0.348828452,43.2000007629395,0.699999988079071,0.109999999403954
0.349229353,43.2000007629395,0.699999988079071,0.109999999403954
0.349627557,43.2000007629395,0.699999988079071,0.109999999403954
0.350028167,43.2000007629395,0.699999988079071,0.109999999403954
0.350428168,43.2000007629395,0.699999988079071,0.109999999403954
0.350827099,43.2000007629395,0.699999988079071,0.109999999403954
0.351226656,43.2000007629395,0.699999988079071,0.109999999403954
0.351639544,43.2000007629395,0.699999988079071,0.109999999403954
0.352037416,43.2000007629395,0.699999988079071,0.109999999403954
0.352435459,43.2000007629395,0.699999988079071,0.109999999403954
0.352833115,43.2000007629395,0.699999988079071,0.109999999403954
0.353236432,43.2000007629395,0.699999988079071,0.109999999403954
0.353655336,43.2000007629395,0.699999988079071,0.109999999403954
0.354050875,43.2000007629395,0.699999988079071,0.109999999403954
0.354459126,43.2000007629395,0.699999988079071,0.109999999403954
0.354856368,43.2000007629395,0.699999988079071,0.109999999403954
0.355255252,43.2000007629395,0.699999988079071,0.109999999403954
0.355654607,43.2000007629395,0.699999988079071,0.109999999403954
0.356185632,44.4000015258789,1.17999994754791,0.109999999403954
0.356584875,44.4000015258789,1.17999994754791,0.109999999403954
0.356984229,44.4000015258789,1.17999994754791,0.109999999403954
0.35738284,44.4000015258789,1.17999994754791,0.109999999403954
0.357839899,44.4000015258789,1.17999994754791,0.109999999403954
0.358235566,44.4000015258789,1.17999994754791,0.109999999403954
0.358677661,44.4000015258789,1.17999994754791,0.109999999403954
0.359118296,44.4000015258789,1.17999994754791,0.109999999403954
0.359521669,44.4000015258789,1.17999994754791,0.109999999403954
0.359999998,44.4000015258789,1.17999994754791,0.109999999403954
0.3604208,44.4000015258789,1.17999994754791,0.109999999403954
0.360828209,44.4000015258789,1.17999994754791,0.109999999403954
0.361302325,44.4000015258789,1.17999994754791,0.109999999403954
0.361708852,44.4000015258789,1.17999994754791,0.109999999403954
0.362109284,44.4000015258789,1.17999994754791,0.109999999403954
0.362508465,44.4000015258789,1.17999994754791,0.109999999403954
0.362909595,44.4000015258789,1.17999994754791,0.109999999403954
0.363307246,44.4000015258789,1.17999994754791,0.109999999403954
0.363708392,44.4000015258789,1.17999994754791,0.109999999403954
0.364147444,44.4000015258789,1.17999994754791,0.109999999403954
0.36463219,44.4000015258789,1.17999994754791,0.109999999403954
0.365163769,44.4000015258789,1.17999994754791,0.109999999403954
0.365779365,44.4000015258789,1.17999994754791,0.109999999403954
0.366359766,44.4000015258789,1.17999994754791,0.109999999403954
0.366804429,44.4000015258789,1.17999994754791,0.109999999403954
0.367215002,44.4000015258789,1.17999994754791,0.109999999403954
0.367647283,44.4000015258789,1.17999994754791,0.109999999403954
0.368137249,44.4000015258789,1.17999994754791,0.109999999403954
0.36857234,44.4000015258789,1.17999994754791,0.109999999403954
0.368970805,44.4000015258789,1.17999994754791,0.109999999403954
0.369407044,44.4000015258789,1.17999994754791,0.109999999403954
0.369803192,44.4000015258789,1.17999994754791,0.109999999403954
0.370216286,44.4000015258789,1.17999994754791,0.109999999403954
0.370612544,44.4000015258789,1.17999994754791,0.109999999403954
0.371009083,44.4000015258789,1.17999994754791,0.109999999403954
0.37140782,44.4000015258789,1.17999994754791,0.109999999403954
0.37185799,44.4000015258789,1.17999994754791,0.109999999403954
0.372317212,45.1199989318848,0.939999997615814,0.109999999403954
0.372734815,45.1199989318848,0.939999997615814,0.109999999403954
0.373130888,45.1199989318848,0.939999997615814,0.109999999403954
0.373579404,45.1199989318848,0.939999997615814,0.109999999403954
0.373976586,45.1199989318848,0.939999997615814,0.109999999403954
0.374382869,45.1199989318848,0.939999997615814,0.109999999403954
0.374862442,45.1199989318848,0.939999997615814,0.109999999403954
0.375262501,45.1199989318848,0.939999997615814,0.109999999403954
0.375659669,45.1199989318848,0.939999997615814,0.109999999403954
0.376128185,45.1199989318848,0.939999997615814,0.109999999403954
0.376528887,45.1199989318848,0.939999997615814,0.109999999403954
0.3769282,45.1199989318848,0.939999997615814,0.109999999403954
0.377327516,45.1199989318848,0.939999997615814,0.109999999403954
0.377723585,45.1199989318848,0.939999997615814,0.109999999403954
0.378120242,45.1199989318848,0.939999997615814,0.109999999403954
0.378518594,45.1199989318848,0.939999997615814,0.109999999403954
0.378924653,45.1199989318848,0.939999997615814,0.109999999403954
0.379323529,45.1199989318848,0.939999997615814,0.109999999403954
0.379719911,45.1199989318848,0.939999997615814,0.109999999403954
0.380156872,45.1199989318848,0.939999997615814,0.109999999403954
0.380554688,45.1199989318848,0.939999997615814,0.109999999403954
0.38095257,45.1199989318848,0.939999997615814,0.109999999403954
0.381349219,45.1199989318848,0.939999997615814,0.109999999403954
0.381744641,45.1199989318848,0.939999997615814,0.109999999403954
0.382142329,45.1199989318848,0.939999997615814,0.109999999403954
0.382539969,45.1199989318848,0.939999997615814,0.109999999403954
0.382937636,45.1199989318848,0.939999997615814,0.109999999403954
0.383343637,45.1199989318848,0.939999997615814,0.109999999403954
0.383740411,45.1199989318848,0.939999997615814,0.109999999403954
0.384139129,45.1199989318848,0.939999997615814,0.109999999403954
0.384536716,45.1199989318848,0.939999997615814,0.109999999403954
0.384931703,45.1199989318848,0.939999997615814,0.109999999403954
0.385375977,45.1199989318848,0.939999997615814,0.109999999403954
0.385970218,45.3600006103516,0.699999988079071,0.109999999403954
0.386459881,45.3600006103516,0.699999988079071,0.109999999403954
0.38690094,45.3600006103516,0.699999988079071,0.109999999403954
0.387353416,45.3600006103516,0.699999988079071,0.109999999403954
0.387813713,45.3600006103516,0.699999988079071,0.109999999403954
0.388261699,45.3600006103516,0.699999988079071,0.109999999403954
0.388669478,45.3600006103516,0.699999988079071,0.109999999403954
0.389070532,45.3600006103516,0.699999988079071,0.109999999403954
0.389482217,45.3600006103516,0.699999988079071,0.109999999403954
0.389963442,45.3600006103516,0.699999988079071,0.109999999403954
0.390373562,45.3600006103516,0.699999988079071,0.109999999403954
0.390910044,45.3600006103516,0.699999988079071,0.109999999403954
0.39136235,45.3600006103516,0.699999988079071,0.109999999403954
0.391939018,45.3600006103516,0.699999988079071,0.109999999403954
0.392446767,45.3600006103516,0.699999988079071,0.109999999403954
0.392992332,45.3600006103516,0.699999988079071,0.109999999403954
0.393425392,45.3600006103516,0.699999988079071,0.109999999403954
0.393830254,45.3600006103516,0.699999988079071,0.109999999403954
0.394279993,45.3600006103516,0.699999988079071,0.109999999403954
0.394811567,45.3600006103516,0.699999988079071,0.109999999403954
0.395236855,45.3600006103516,0.699999988079071,0.109999999403954
0.395674048,45.3600006103516,0.699999988079071,0.109999999403954
0.396291421,45.3600006103516,0.699999988079071,0.109999999403954
0.396729009,45.3600006103516,0.699999988079071,0.109999999403954
0.397141568,45.3600006103516,0.699999988079071,0.109999999403954
0.397549616,45.3600006103516,0.699999988079071,0.109999999403954
0.398087275,45.3600006103516,0.699999988079071,0.109999999403954
0.398493332,45.3600006103516,0.699999988079071,0.109999999403954
0.398896324,45.3600006103516,0.699999988079071,0.109999999403954
0.399298433,45.3600006103516,0.699999988079071,0.109999999403954
0.399727007,45.3600006103516,0.699999988079071,0.109999999403954
0.400126717,45.3600006103516,0.699999988079071,0.109999999403954
0.400526756,45.3600006103516,0.699999988079071,0.109999999403954
0.400929164,45.3600006103516,0.699999988079071,0.109999999403954
0.401382106,45.3600006103516,0.699999988079071,0.109999999403954
0.401840312,45.3600006103516,0.699999988079071,0.109999999403954
0.402374116,45.3600006103516,0.939999997615814,0.109999999403954
0.402788916,45.3600006103516,0.939999997615814,0.109999999403954
0.403191176,45.3600006103516,0.939999997615814,0.109999999403954
0.403648129,45.3600006103516,0.939999997615814,0.109999999403954
0.404057228,45.3600006103516,0.939999997615814,0.109999999403954
0.40445778,45.3600006103516,0.939999997615814,0.109999999403954
0.404858522,45.3600006103516,0.939999997615814,0.109999999403954
0.405258702,45.3600006103516,0.939999997615814,0.109999999403954
0.405747156,45.3600006103516,0.939999997615814,0.109999999403954
0.406264996,45.3600006103516,0.939999997615814,0.109999999403954
0.406718868,45.3600006103516,0.939999997615814,0.109999999403954
0.407127925,45.3600006103516,0.939999997615814,0.109999999403954
0.407543084,45.3600006103516,0.939999997615814,0.109999999403954
0.408038076,45.3600006103516,0.939999997615814,0.109999999403954
0.408439349,45.3600006103516,0.939999997615814,0.109999999403954
0.408842774,45.3600006103516,0.939999997615814,0.109999999403954
0.409242503,45.3600006103516,0.939999997615814,0.109999999403954
0.409694347,45.3600006103516,0.939999997615814,0.109999999403954
0.410133924,45.3600006103516,0.939999997615814,0.109999999403954
0.41053509,45.3600006103516,0.939999997615814,0.109999999403954
0.410947882,45.3600006103516,0.939999997615814,0.109999999403954
0.411347239,45.3600006103516,0.939999997615814,0.109999999403954
0.411754866,45.3600006103516,0.939999997615814,0.109999999403954
0.412207615,45.3600006103516,0.939999997615814,0.109999999403954
0.412609605,45.3600006103516,0.939999997615814,0.109999999403954
0.413019167,45.3600006103516,0.939999997615814,0.109999999403954
0.413419938,45.3600006103516,0.939999997615814,0.109999999403954
0.413819572,45.3600006103516,0.939999997615814,0.109999999403954
0.414217327,45.3600006103516,0.939999997615814,0.109999999403954
0.414616919,45.3600006103516,0.939999997615814,0.109999999403954
0.415015836,45.3600006103516,0.939999997615814,0.109999999403954
0.41541645,45.3600006103516,0.939999997615814,0.109999999403954
0.415848709,45.3600006103516,0.939999997615814,0.109999999403954
0.416256176,45.3600006103516,0.939999997615814,0.109999999403954
0.416658473,45.3600006103516,0.939999997615814,0.109999999403954
0.417108375,45.3600006103516,0.939999997615814,0.109999999403954
0.417508386,45.3600006103516,0.939999997615814,0.109999999403954
0.417933379,45.5999984741211,0.939999997615814,0.109999999403954
0.418333466,45.5999984741211,0.939999997615814,0.109999999403954
0.418735165,45.5999984741211,0.939999997615814,0.109999999403954
0.419135778,45.5999984741211,0.939999997615814,0.109999999403954
0.419570287,45.5999984741211,0.939999997615814,0.109999999403954
0.420054725,45.5999984741211,0.939999997615814,0.109999999403954
0.420474513,45.5999984741211,0.939999997615814,0.109999999403954
0.420939621,45.5999984741211,0.939999997615814,0.109999999403954
0.421339737,45.5999984741211,0.939999997615814,0.109999999403954
0.421743359,45.5999984741211,0.939999997615814,0.109999999403954
0.422241585,45.5999984741211,0.939999997615814,0.109999999403954
0.422864539,45.5999984741211,0.939999997615814,0.109999999403954
0.423346668,45.5999984741211,0.939999997615814,0.109999999403954
0.423754458,45.5999984741211,0.939999997615814,0.109999999403954
0.42419184,45.5999984741211,0.939999997615814,0.109999999403954
0.42459162,45.5999984741211,0.939999997615814,0.109999999403954
0.424992195,45.5999984741211,0.939999997615814,0.109999999403954
0.425400867,45.5999984741211,0.939999997615814,0.109999999403954
0.425797612,45.5999984741211,0.939999997615814,0.109999999403954
0.426192739,45.5999984741211,0.939999997615814,0.109999999403954
0.426589048,45.5999984741211,0.939999997615814,0.109999999403954
0.426986042,45.5999984741211,0.939999997615814,0.109999999403954
0.427380743,45.5999984741211,0.939999997615814,0.109999999403954
0.427781708,45.5999984741211,0.939999997615814,0.109999999403954
0.428239524,45.5999984741211,0.939999997615814,0.109999999403954
0.428645259,45.5999984741211,0.939999997615814,0.109999999403954
0.429046131,45.5999984741211,0.939999997615814,0.109999999403954
0.429454245,45.5999984741211,0.939999997615814,0.109999999403954
0.429852681,45.5999984741211,0.939999997615814,0.109999999403954
0.43024911,45.5999984741211,0.939999997615814,0.109999999403954
0.430645285,45.5999984741211,0.939999997615814,0.109999999403954
0.431041142,45.5999984741211,0.939999997615814,0.109999999403954
0.431439287,45.5999984741211,0.939999997615814,0.109999999403954
0.431835749,45.5999984741211,0.939999997615814,0.109999999403954
0.432237298,45.5999984741211,0.939999997615814,0.109999999403954
0.432664343,45.5999984741211,0.939999997615814,0.109999999403954
0.433129517,45.5999984741211,0.939999997615814,0.109999999403954
0.433538334,45.5999984741211,0.939999997615814,0.109999999403954
0.433955597,45.5999984741211,0.939999997615814,0.109999999403954
0.434387938,45.5999984741211,0.939999997615814,0.109999999403954
0.434856998,45.5999984741211,0.939999997615814,0.109999999403954
0.435548885,45.5999984741211,0.939999997615814,0.109999999403954
0.436218991,45.5999984741211,1.17999994754791,0.109999999403954
0.436633641,45.5999984741211,1.17999994754791,0.109999999403954
0.437038405,45.5999984741211,1.17999994754791,0.109999999403954
0.437441945,45.5999984741211,1.17999994754791,0.109999999403954
0.43789644,45.5999984741211,1.17999994754791,0.109999999403954
0.438299463,45.5999984741211,1.17999994754791,0.109999999403954
0.438803612,45.5999984741211,1.17999994754791,0.109999999403954
0.43922107,45.5999984741211,1.17999994754791,0.109999999403954
0.439621894,45.5999984741211,1.17999994754791,0.109999999403954
0.440159938,45.5999984741211,1.17999994754791,0.109999999403954
0.440578879,45.5999984741211,1.17999994754791,0.109999999403954
0.440982335,45.5999984741211,1.17999994754791,0.109999999403954
0.441386678,45.5999984741211,1.17999994754791,0.109999999403954
0.441791875,45.5999984741211,1.17999994754791,0.109999999403954
0.442190002,45.5999984741211,1.17999994754791,0.109999999403954
0.442588339,45.5999984741211,1.17999994754791,0.109999999403954
0.442994175,45.5999984741211,1.17999994754791,0.109999999403954
0.443402866,45.5999984741211,1.17999994754791,0.109999999403954
0.443800636,45.5999984741211,1.17999994754791,0.109999999403954
0.444236853,45.5999984741211,1.17999994754791,0.109999999403954
0.444634281,45.5999984741211,1.17999994754791,0.109999999403954
0.445054127,45.5999984741211,1.17999994754791,0.109999999403954
0.445464411,45.5999984741211,1.17999994754791,0.109999999403954
0.445866823,45.5999984741211,1.17999994754791,0.109999999403954
0.446265577,45.5999984741211,1.17999994754791,0.109999999403954
0.44666493,45.5999984741211,1.17999994754791,0.109999999403954
0.447123862,45.5999984741211,1.17999994754791,0.109999999403954
0.447519098,45.5999984741211,1.17999994754791,0.109999999403954
0.448124398,45.5999984741211,1.17999994754791,0.109999999403954
0.448540807,45.5999984741211,1.17999994754791,0.109999999403954
0.448942371,45.5999984741211,1.17999994754791,0.109999999403954
0.449352185,45.5999984741211,1.17999994754791,0.109999999403954
0.449769628,45.5999984741211,1.17999994754791,0.109999999403954
0.450164054,45.5999984741211,1.17999994754791,0.109999999403954
0.450558478,45.5999984741211,1.17999994754791,0.109999999403954
0.450952538,45.5999984741211,1.17999994754791,0.109999999403954
0.451347151,45.5999984741211,1.17999994754791,0.109999999403954
0.451739324,45.5999984741211,1.17999994754791,0.109999999403954
0.452249422,45.3600006103516,1.17999994754791,0.109999999403954
0.452654329,45.3600006103516,1.17999994754791,0.109999999403954
0.453055955,45.3600006103516,1.17999994754791,0.109999999403954
0.453499786,45.3600006103516,1.17999994754791,0.109999999403954
0.453892267,45.3600006103516,1.17999994754791,0.109999999403954
0.454285626,45.3600006103516,1.17999994754791,0.109999999403954
0.454713962,45.3600006103516,1.17999994754791,0.109999999403954
0.455110802,45.3600006103516,1.17999994754791,0.109999999403954
0.455504976,45.3600006103516,1.17999994754791,0.109999999403954
0.455965665,45.3600006103516,1.17999994754791,0.109999999403954
0.456359921,45.3600006103516,1.17999994754791,0.109999999403954
0.456768298,45.3600006103516,1.17999994754791,0.109999999403954
0.457164203,45.3600006103516,1.17999994754791,0.109999999403954
0.457558424,45.3600006103516,1.17999994754791,0.109999999403954
0.457969328,45.3600006103516,1.17999994754791,0.109999999403954
0.458365825,45.3600006103516,1.17999994754791,0.109999999403954
0.458760135,45.3600006103516,1.17999994754791,0.109999999403954
0.459154062,45.3600006103516,1.17999994754791,0.109999999403954
0.459550017,45.3600006103516,1.17999994754791,0.109999999403954
0.459974622,45.3600006103516,1.17999994754791,0.109999999403954
0.460383048,45.3600006103516,1.17999994754791,0.109999999403954
0.46080033,45.3600006103516,1.17999994754791,0.109999999403954
0.461202327,45.3600006103516,1.17999994754791,0.109999999403954
0.461596348,45.3600006103516,1.17999994754791,0.109999999403954
0.46199726,45.3600006103516,1.17999994754791,0.109999999403954
0.462391463,45.3600006103516,1.17999994754791,0.109999999403954
0.462789515,45.3600006103516,1.17999994754791,0.109999999403954
0.463180346,45.3600006103516,1.17999994754791,0.109999999403954
0.463572688,45.3600006103516,1.17999994754791,0.109999999403954
0.463968951,45.3600006103516,1.17999994754791,0.109999999403954
0.464367544,45.3600006103516,1.17999994754791,0.109999999403954
0.464763413,45.3600006103516,1.17999994754791,0.109999999403954
0.465157478,45.3600006103516,1.17999994754791,0.109999999403954
0.465595912,45.3600006103516,1.17999994754791,0.109999999403954
0.46598907,45.3600006103516,1.17999994754791,0.109999999403954
0.466380724,45.3600006103516,1.17999994754791,0.109999999403954
0.466773485,45.3600006103516,1.17999994754791,0.109999999403954
0.467167554,45.3600006103516,1.17999994754791,0.109999999403954
0.46756022,45.3600006103516,1.17999994754791,0.109999999403954
0.46805173,45.5999984741211,0.939999997615814,0.109999999403954
0.468462358,45.5999984741211,0.939999997615814,0.109999999403954
0.468856461,45.5999984741211,0.939999997615814,0.109999999403954
0.469290454,45.5999984741211,0.939999997615814,0.109999999403954
0.4696923,45.5999984741211,0.939999997615814,0.109999999403954
0.470142917,45.5999984741211,0.939999997615814,0.109999999403954
0.470538978,45.5999984741211,0.939999997615814,0.109999999403954
0.47099468,45.5999984741211,0.939999997615814,0.109999999403954
0.47138779,45.5999984741211,0.939999997615814,0.109999999403954
0.471820737,45.5999984741211,0.939999997615814,0.109999999403954
0.472244411,45.5999984741211,0.939999997615814,0.109999999403954
0.472639919,45.5999984741211,0.939999997615814,0.109999999403954
0.473034659,45.5999984741211,0.939999997615814,0.109999999403954
0.47347921,45.5999984741211,0.939999997615814,0.109999999403954
0.473891632,45.5999984741211,0.939999997615814,0.109999999403954
0.474315773,45.5999984741211,0.939999997615814,0.109999999403954
0.474711951,45.5999984741211,0.939999997615814,0.109999999403954
0.475105767,45.5999984741211,0.939999997615814,0.109999999403954
0.475501135,45.5999984741211,0.939999997615814,0.109999999403954
0.475920817,45.5999984741211,0.939999997615814,0.109999999403954
0.476319782,45.5999984741211,0.939999997615814,0.109999999403954
0.476715643,45.5999984741211,0.939999997615814,0.109999999403954
0.477110758,45.5999984741211,0.939999997615814,0.109999999403954
0.477505096,45.5999984741211,0.939999997615814,0.109999999403954
0.477915288,45.5999984741211,0.939999997615814,0.109999999403954
0.47831307,45.5999984741211,0.939999997615814,0.109999999403954
0.478712192,45.5999984741211,0.939999997615814,0.109999999403954
0.479106616,45.5999984741211,0.939999997615814,0.109999999403954
0.479499361,45.5999984741211,0.939999997615814,0.109999999403954
0.479892882,45.5999984741211,0.939999997615814,0.109999999403954
0.480285906,45.5999984741211,0.939999997615814,0.109999999403954
0.480680246,45.5999984741211,0.939999997615814,0.109999999403954
0.481075586,45.5999984741211,0.939999997615814,0.109999999403954
0.481510307,45.5999984741211,0.939999997615814,0.109999999403954
0.481970832,45.3600006103516,0.939999997615814,0.109999999403954
0.482363588,45.3600006103516,0.939999997615814,0.109999999403954
0.482767074,45.3600006103516,0.939999997615814,0.109999999403954
0.4831611,45.3600006103516,0.939999997615814,0.109999999403954
0.483635999,45.3600006103516,0.939999997615814,0.109999999403954
0.484093333,45.3600006103516,0.939999997615814,0.109999999403954
0.484483507,45.3600006103516,0.939999997615814,0.109999999403954
0.484876879,45.3600006103516,0.939999997615814,0.109999999403954
0.485271566,45.3600006103516,0.939999997615814,0.109999999403954
0.485663065,45.3600006103516,0.939999997615814,0.109999999403954
0.486114234,45.3600006103516,0.939999997615814,0.109999999403954
0.486509133,45.3600006103516,0.939999997615814,0.109999999403954
0.486919419,45.3600006103516,0.939999997615814,0.109999999403954
0.487396829,45.3600006103516,0.939999997615814,0.109999999403954
0.487820559,45.3600006103516,0.939999997615814,0.109999999403954
0.488221598,45.3600006103516,0.939999997615814,0.109999999403954
0.488615054,45.3600006103516,0.939999997615814,0.109999999403954
0.489009451,45.3600006103516,0.939999997615814,0.109999999403954
0.489402437,45.3600006103516,0.939999997615814,0.109999999403954
0.489794088,45.3600006103516,0.939999997615814,0.109999999403954
0.49018573,45.3600006103516,0.939999997615814,0.109999999403954
0.490577251,45.3600006103516,0.939999997615814,0.109999999403954
0.490971604,45.3600006103516,0.939999997615814,0.109999999403954
0.49136513,45.3600006103516,0.939999997615814,0.109999999403954
0.491763863,45.3600006103516,0.939999997615814,0.109999999403954
0.492188006,45.3600006103516,0.939999997615814,0.109999999403954
0.492583165,45.3600006103516,0.939999997615814,0.109999999403954
0.492976649,45.3600006103516,0.939999997615814,0.109999999403954
0.493368894,45.3600006103516,0.939999997615814,0.109999999403954
0.49375952,45.3600006103516,0.939999997615814,0.109999999403954
0.494151736,45.3600006103516,0.939999997615814,0.109999999403954
0.494542495,45.3600006103516,0.939999997615814,0.109999999403954
0.494940693,45.3600006103516,0.939999997615814,0.109999999403954
0.495333124,45.3600006103516,0.939999997615814,0.109999999403954
0.49574089,45.3600006103516,0.939999997615814,0.109999999403954
0.496134417,45.3600006103516,0.939999997615814,0.109999999403954
0.496548162,45.3600006103516,0.939999997615814,0.109999999403954
0.496946344,45.3600006103516,0.939999997615814,0.109999999403954
0.497375634,45.3600006103516,0.939999997615814,0.109999999403954
0.497786298,45.3600006103516,0.939999997615814,0.109999999403954
0.49818225,45.3600006103516,0.939999997615814,0.109999999403954
0.498574858,45.3600006103516,0.939999997615814,0.109999999403954
0.499042415,45.3600006103516,0.939999997615814,0.109999999403954
0.499446748,45.3600006103516,0.939999997615814,0.109999999403954
0.499924295,45.5999984741211,0.939999997615814,0.109999999403954
0.500354238,45.5999984741211,0.939999997615814,0.109999999403954
0.500748519,45.5999984741211,0.939999997615814,0.109999999403954
